Sucursal;Division;Categoria;Grupo;Producto;ProdNombre;Proveedor;SALDOUNDTOTAL; Total Costo Und.
BSU01;AIRE ACONDICIONADO;CLIMATICACION/ACCESORIOS;AIRE/ACCESORIO;AAC000004;DIFUSOR DIF 4V AIR GUIDE;AIRE FRIO DE HONDURAS S. A DE C. V;6;L3,275.02
BSU01;AIRE ACONDICIONADO;CLIMATICACION/ACCESORIOS;AIRE/ACCESORIO;AAC000015;CAPACITOR 450X370 ;CIA MERCANTIL LA CASA BLANCA SRL CV;2;L360.00
BSU01;AIRE ACONDICIONADO;CLIMATICACION/ACCESORIOS;AIRE/ACCESORIO;AAC000017;PROTECTOR TERMICO 115V;AIRE FRIO DE HONDURAS S. A DE C. V;12;L219.14
BSU01;AIRE ACONDICIONADO;CLIMATICACION/ACCESORIOS;AIRE/ACCESORIO;AAC000020;VENTILADOR INDUSTRIAL #30;ALEJANDRO NAPOLEON LARACH LARACH;1;L4,793.33
BSU01;AIRE ACONDICIONADO;CLIMATICACION/ACCESORIOS;AIRE/ACCESORIO;AAC000032;CAPACITOR 35X370/440V;AIRE FRIO DE HONDURAS S. A DE C. V;8;L1,887.66
BSU01;AIRE ACONDICIONADO;CLIMATICACION/ACCESORIOS;AIRE/ACCESORIO;AAC000052;FILTRO SOLDABLE 3/8;FRIOPARTES S A DE C.V.;2;L313.05
BSU01;AIRE ACONDICIONADO;CLIMATICACION/ACCESORIOS;AIRE/ACCESORIO;AAC000053;REFRIGERANTE R22 30 LBS;AIRE FRIO DE HONDURAS S. A DE C. V;2;L4,930.43
BSU01;AIRE ACONDICIONADO;CLIMATICACION/ACCESORIOS;AIRE/ACCESORIO;AAC000060;CAPACITOR  80MFDx440V;FRIOPARTES S A DE C.V.;2;L165.20
BSU01;AIRE ACONDICIONADO;CLIMATICACION/ACCESORIOS;AIRE/ACCESORIO;AAC000063;CAPACITOR AMERICANO 70MFDX370/440 AMRAD;AIRE FRIO DE HONDURAS S. A DE C. V;9;L4,120.44
BSU01;AIRE ACONDICIONADO;CLIMATICACION/ACCESORIOS;AIRE/ACCESORIO;AAC000070;TAPE DUCTO 3X50 YDS FASSON;AIRE FRIO DE HONDURAS S. A DE C. V;3;L1,257.25
BSU01;AIRE ACONDICIONADO;CLIMATICACION/ACCESORIOS;AIRE/ACCESORIO;AAC000075;GALON CONCENTRADO TRIPLE D P/EVAP+;FRIOPARTES S A DE C.V.;8;L6,608.70
BSU01;AIRE ACONDICIONADO;CLIMATICACION/ACCESORIOS;AIRE/ACCESORIO;AAC000078;EXTRACTOR CENTRIFUGO 70CFM;ALEJANDRO NAPOLEON LARACH LARACH;4;L3,402.48
BSU01;AIRE ACONDICIONADO;CLIMATICACION/ACCESORIOS;AIRE/ACCESORIO;AAC000085;UNION SOLDABLE 1/2;FRIOPARTES S A DE C.V.;36;L317.79
BSU01;AIRE ACONDICIONADO;CLIMATICACION/ACCESORIOS;AIRE/ACCESORIO;AAC000092;CODO SOLDABLE DE 7X8X90;AIRE FRIO DE HONDURAS S. A DE C. V;14;L334.22
BSU01;AIRE ACONDICIONADO;CLIMATICACION/ACCESORIOS;AIRE/ACCESORIO;AAC000093;REFRIGERANTE R410A 25LBS;AIRE FRIO DE HONDURAS S. A DE C. V;1;L5,391.30
BSU01;AIRE ACONDICIONADO;CLIMATICACION/ACCESORIOS;AIRE/ACCESORIO;AAC000097;PLACA UNIVERSAL P/AIRE USAR;AIRE FRIO DE HONDURAS S. A DE C. V;4;L1,457.57
BSU01;AIRE ACONDICIONADO;CLIMATICACION/ACCESORIOS;AIRE/ACCESORIO;AAC000109;ARMAFLEX  3/8X1/2                    ;EQUIPOS Y REPUESTOS WOLOZNY S.A DE C.V.;38;L747.82
BSU01;AIRE ACONDICIONADO;CLIMATICACION/ACCESORIOS;AIRE/ACCESORIO;AAC000115;CAPACITOR 50          ;AIRE FRIO DE HONDURAS S. A DE C. V;7;L1,673.28
BSU01;AIRE ACONDICIONADO;CLIMATICACION/ACCESORIOS;AIRE/ACCESORIO;AAC000121;VENTILADOR P/PARED INDUSTRIAL CHINO 2025    ;ALMACEN EL JORDAN S DE R.L;66;L47,552.18
BSU01;AIRE ACONDICIONADO;CLIMATICACION/ACCESORIOS;AIRE/ACCESORIO;AAC000127;CINTA ADHESIVA ELECTRICA 3M AZUL        ;DISTRIBUIDORA INDUSTRIAL S.A. DE C.V.;3;L117.93
BSU01;AIRE ACONDICIONADO;CLIMATICACION/ACCESORIOS;AIRE/ACCESORIO;AAC000128;TRAMPA ACEITE 3/4                       ;AIRE FRIO DE HONDURAS S. A DE C. V;4;L746.60
BSU01;AIRE ACONDICIONADO;CLIMATICACION/ACCESORIOS;AIRE/ACCESORIO;AAC000129;TRAMPA ACEITE 3/4                 ;AIRE FRIO DE HONDURAS S. A DE C. V;11;L1,905.75
BSU01;AIRE ACONDICIONADO;CLIMATICACION/ACCESORIOS;AIRE/ACCESORIO;AAC000134;UNION SOLDABLE 3/4 ;FRIOPARTES S A DE C.V.;5;L77.13
BSU01;AIRE ACONDICIONADO;CLIMATICACION/ACCESORIOS;AIRE/ACCESORIO;AAC000147;"TRAMPAS 7/8"" DE COBRE";FRIOPARTES S A DE C.V.;6;L826.77
BSU01;AIRE ACONDICIONADO;CLIMATICACION/ACCESORIOS;AIRE/ACCESORIO;AAC000159;CAPACITOR CUADRADO 12 MFOX450V;FRIOPARTES S A DE C.V.;2;L60.88
BSU01;AIRE ACONDICIONADO;CLIMATICACION/ACCESORIOS;AIRE/ACCESORIO;AAC000160;CAPACITOR 55 MFX320V;AIRE FRIO DE HONDURAS S. A DE C. V;13;L2,471.48
BSU01;AIRE ACONDICIONADO;CLIMATICACION/ACCESORIOS;AIRE/ACCESORIO;AAC000161;CAPACITOR 60 MFX320V;AIRE FRIO DE HONDURAS S. A DE C. V;12;L2,389.97
BSU01;AIRE ACONDICIONADO;CLIMATICACION/ACCESORIOS;AIRE/ACCESORIO;AAC000164;EXTRACTOR AIRE 8'' ;EQUIPOS Y REPUESTOS WOLOZNY S.A DE CV;4;L4,354.88
BSU01;AIRE ACONDICIONADO;CLIMATICACION/ACCESORIOS;AIRE/ACCESORIO;AAC000166;FILTRO  SOLDABLE 1/2;AIRE FRIO DE HONDURAS S. A DE C. V;2;L521.29
BSU01;AIRE ACONDICIONADO;CLIMATICACION/ACCESORIOS;AIRE/ACCESORIO;AAC000183;EXTRACTOR AIRE 10 38W SANKEY;SIN ESPESIFICAR;1;L547.12
BSU01;AIRE ACONDICIONADO;CLIMATICACION/ACCESORIOS;AIRE/ACCESORIO;AAC000189;DIFUSOR 12X12 L-JS4;FRIOPARTES S A DE C.V.;4;L939.14
BSU01;AIRE ACONDICIONADO;CLIMATICACION/ACCESORIOS;AIRE/ACCESORIO;AAC000190;" CORTINA DE AIRE P/ PUERTA 60"" ANCHO 220V 5 PIES";FRIOPARTES S A DE C.V.;3;L9,304.34
BSU01;AIRE ACONDICIONADO;CLIMATICACION/ACCESORIOS;AIRE/ACCESORIO;AAC000229;CINTA ADHESIVA ELECTRICA 3M AMARILLA;DISTRIBUIDORA INDUSTRIAL S.A. DE C.V.;5;L196.55
BSU01;AIRE ACONDICIONADO;CLIMATICACION/ACCESORIOS;AIRE/ACCESORIO;AAC000247;CINTA DUCTO;DOMINGA MEJIA/PROYECTOS;8;L360.00
BSU01;AIRE ACONDICIONADO;CLIMATICACION/ACCESORIOS;AIRE/ACCESORIO;AAC000257;"TUBERIA 3/4 X50"" FLEXIBLE EN ROLLO";FRIOPARTES S A DE C.V.;1;L2,368.69
BSU01;AIRE ACONDICIONADO;CLIMATICACION/ACCESORIOS;AIRE/ACCESORIO;AAC000270;CAPACITOR SECO 3X450;CARLOS ALBERTO URBINA VELASQUEZ/PROYECTO;3;L38.98
BSU01;AIRE ACONDICIONADO;CLIMATICACION/ACCESORIOS;AIRE/ACCESORIO;AAC000272;CAPACITOR SECO 5X450;AIRE FRIO DE HONDURAS S. A DE C. V;1;L14.09
BSU01;AIRE ACONDICIONADO;CLIMATICACION/ACCESORIOS;AIRE/ACCESORIO;AAC000273;CAPACITOR 25X370/440;AIRE FRIO DE HONDURAS S. A DE C. V;1;L183.13
BSU01;AIRE ACONDICIONADO;CLIMATICACION/ACCESORIOS;AIRE/ACCESORIO;AAC000274;CAPACITOR 30X370/440;AIRE FRIO DE HONDURAS S. A DE C. V;1;L186.65
BSU01;AIRE ACONDICIONADO;CLIMATICACION/ACCESORIOS;AIRE/ACCESORIO;AAC000281;"TUBERIA 1/2"" X50´ FLEXIBLE EN ROLLO ";AIRE FRIO DE HONDURAS S. A DE C. V;5;L9,191.30
BSU01;AIRE ACONDICIONADO;CLIMATICACION/ACCESORIOS;AIRE/ACCESORIO;AAC000299;TERMINAL HEMBRA AMARILLA 5.5 250;CIA MERCANTIL LA CASA BLANCA SRL CV;400;L600.00
BSU01;AIRE ACONDICIONADO;CLIMATICACION/ACCESORIOS;AIRE/ACCESORIO;AAC000300;TERMINAL MACHO AMARILLA ;CIA MERCANTIL LA CASA BLANCA SRL CV;74;L148.00
BSU01;AIRE ACONDICIONADO;CLIMATICACION/ACCESORIOS;AIRE/ACCESORIO;AAC000304;TUERCA 1/4 CUELLO CORTO;AIRE FRIO DE HONDURAS S. A DE C. V;3;L37.34
BSU01;AIRE ACONDICIONADO;CLIMATICACION/ACCESORIOS;AIRE/ACCESORIO;AAC000305;CAPACITOR SECO 10X450;AIRE FRIO DE HONDURAS S. A DE C. V;9;L221.87
BSU01;AIRE ACONDICIONADO;CLIMATICACION/ACCESORIOS;AIRE/ACCESORIO;AAC000306;TUERCA 3/8 BRONCE;AIRE FRIO DE HONDURAS S. A DE C. V;9;L149.24
BSU01;AIRE ACONDICIONADO;CLIMATICACION/ACCESORIOS;AIRE/ACCESORIO;AAC000309;TUERCA 1/2 LARGO SN1;AIRE FRIO DE HONDURAS S. A DE C. V;2;L30.99
BSU01;AIRE ACONDICIONADO;CLIMATICACION/ACCESORIOS;AIRE/ACCESORIO;AAC000315;AISLANTE 3/4 X 1/2;EQUIPOS Y REPUESTOS WOLOZNY S.A DE CV;26;L760.23
BSU01;AIRE ACONDICIONADO;CLIMATICACION/ACCESORIOS;AIRE/ACCESORIO;AAC000316;AISLANTE 1 1/8 X 1/2;AIRE FRIO DE HONDURAS S. A DE C. V;81;L3,480.19
BSU01;AIRE ACONDICIONADO;CLIMATICACION/ACCESORIOS;AIRE/ACCESORIO;AAC000341;CODO SOLDABLE 3/4X90;FRIOPARTES S A DE C.V.;20;L423.09
BSU01;AIRE ACONDICIONADO;CLIMATICACION/ACCESORIOS;AIRE/ACCESORIO;AAC000342;TAPE DUCTO GRIS 2X60 NASHUA;AIRE FRIO DE HONDURAS S. A DE C. V;16;L3,506.09
BSU01;AIRE ACONDICIONADO;CLIMATICACION/ACCESORIOS;AIRE/ACCESORIO;AAC000344;SENSOR DE AMBIENTE MIDEA 202432390005;FRIOPARTES S A DE C.V.;6;L3,547.80
BSU01;AIRE ACONDICIONADO;CLIMATICACION/ACCESORIOS;AIRE/ACCESORIO;AAC000348;"REFRIGERANTE R134A, LATAS DE 12 OZ C""";FRIOPARTES S A DE C.V.;3;L234.79
BSU01;AIRE ACONDICIONADO;CLIMATICACION/ACCESORIOS;AIRE/ACCESORIO;AAC000349;OVERLOAD PTC MULTIPLE 1/8 HP  A 1/3HP;FRIOPARTES S A DE C.V.;22;L478.19
BSU01;AIRE ACONDICIONADO;CLIMATICACION/ACCESORIOS;AIRE/ACCESORIO;AAC000351;FILTRO SOLD GRANDE 1/4 25GR;AIRE FRIO DE HONDURAS S. A DE C. V;3;L112.69
BSU01;AIRE ACONDICIONADO;CLIMATICACION/ACCESORIOS;AIRE/ACCESORIO;AAC000372;CORTINA DE AIRE 4FT 110V;DANILOS STORE SA;1;L2,695.65
BSU01;AIRE ACONDICIONADO;CLIMATICACION/ACCESORIOS;AIRE/ACCESORIO;AAC000374;REL/OVE/CAP 1/4 - 1/3 HP 115V;FRIOPARTES S A DE C.V.;5;L739.13
BSU01;AIRE ACONDICIONADO;CLIMATICACION/ACCESORIOS;AIRE/ACCESORIO;AAC000386;AISLANTE 1/2 X 1/2;EQUIPOS Y REPUESTOS WOLOZNY S.A DE CV;24;L572.77
BSU01;AIRE ACONDICIONADO;CLIMATICACION/ACCESORIOS;AIRE/ACCESORIO;AAC000398;TUERCA 5/8 C/CORTO ;SIN ESPESIFICAR;3;L92.31
BSU01;AIRE ACONDICIONADO;CLIMATICACION/ACCESORIOS;AIRE/ACCESORIO;AAC000402;CODO SOLDABLE 1 5/8X90;AIRE FRIO DE HONDURAS S. A DE C. V;8;L806.96
BSU01;AIRE ACONDICIONADO;CLIMATICACION/ACCESORIOS;AIRE/ACCESORIO;AAC000403;FILTRO SOLDABLE 5/8;AIRE FRIO DE HONDURAS S. A DE C. V;3;L3,547.83
BSU01;AIRE ACONDICIONADO;CLIMATICACION/ACCESORIOS;AIRE/ACCESORIO;AAC000404;TUBERIA RIGIDA 1 5/8;AIRE FRIO DE HONDURAS S. A DE C. V;1;L4,904.35
BSU01;AIRE ACONDICIONADO;CLIMATICACION/ACCESORIOS;AIRE/ACCESORIO;AAC000405;UNION SOLDABLE 1 5/8;AIRE FRIO DE HONDURAS S. A DE C. V;5;L321.74
BSU01;AIRE ACONDICIONADO;CLIMATICACION/ACCESORIOS;AIRE/ACCESORIO;AAC000411;CONTACTOR ESPECIAL 2P-24V-40AMP;FRIOPARTES S A DE C.V.;11;L1,769.57
BSU01;AIRE ACONDICIONADO;CLIMATICACION/ACCESORIOS;AIRE/ACCESORIO;AAC000412;MONITOR DE VOLTAJE 10A 240V;EQUIPOS Y REPUESTOS WOLOZNY S.A DE CV;10;L16,492.97
BSU01;AIRE ACONDICIONADO;CLIMATICACION/ACCESORIOS;AIRE/ACCESORIO;AAC000413;TUERCA 7/8;AIRE FRIO DE HONDURAS S. A DE C. V;1;L59.87
BSU01;AIRE ACONDICIONADO;CLIMATICACION/ACCESORIOS;AIRE/ACCESORIO;AAC000418;TUBERIA 1/4 X50 FLEXIBLE;AIRE FRIO DE HONDURAS S. A DE C. V;2;L1,248.99
BSU01;AIRE ACONDICIONADO;CLIMATICACION/ACCESORIOS;AIRE/ACCESORIO;AAC000419;AISLAMIENTO 5/8 x 3/4;FRIOPARTES S A DE C.V.;10;L478.26
BSU01;AIRE ACONDICIONADO;CLIMATICACION/ACCESORIOS;AIRE/ACCESORIO;AAC000421;UNION REDUC/SOLD 1 1/8X7/8;FRIOPARTES S A DE C.V.;59;L1,750.02
BSU01;AIRE ACONDICIONADO;CLIMATICACION/ACCESORIOS;AIRE/ACCESORIO;AAC000422;SENSOR DE TEMP. P/AFCU-05;AIRE FRIO DE HONDURAS S. A DE C. V;3;L534.78
BSU01;AIRE ACONDICIONADO;CLIMATICACION/ACCESORIOS;AIRE/ACCESORIO;AAC000434;CODO SOLDABLE 7/8 45°;FRIOPARTES S A DE C.V.;31;L700.88
BSU01;AIRE ACONDICIONADO;CLIMATICACION/ACCESORIOS;AIRE/ACCESORIO;AAC000439;CODO SOLDABLE 1 1/8X90;EQUIPOS Y REPUESTOS WOLOZNY S.A DE CV;4;L307.87
BSU01;AIRE ACONDICIONADO;CLIMATICACION/ACCESORIOS;AIRE/ACCESORIO;AAC000444;BOMBA DRENAJE P/MINI SPLIT 110-240V 40L/H;FRIOPARTES S A DE C.V.;4;L2,956.52
BSU01;AIRE ACONDICIONADO;CLIMATICACION/ACCESORIOS;AIRE/ACCESORIO;AAC000450;ADAPTADOR P/MANGUERA R410A;AIRE FRIO DE HONDURAS S. A DE C. V;1;L408.50
BSU01;AIRE ACONDICIONADO;CLIMATICACION/ACCESORIOS;AIRE/ACCESORIO;AAC000452;12.5 MFD X 370V CAPACITOR ;FRIOPARTES S A DE C.V.;6;L208.69
BSU01;AIRE ACONDICIONADO;CLIMATICACION/ACCESORIOS;AIRE/ACCESORIO;AAC000454;MOTOR YDK230-6F1;AIRE FRIO DE HONDURAS S. A DE C. V;1;L2,234.95
BSU01;AIRE ACONDICIONADO;CLIMATICACION/ACCESORIOS;AIRE/ACCESORIO;AAC000456;VENTILADOR CIELO 56 BLANCO;ALEJANDRO NAPOLEON LARACH LARACH;2;L4,915.56
BSU01;AIRE ACONDICIONADO;CLIMATICACION/ACCESORIOS;AIRE/ACCESORIO;AAC000459;TRAMPAS 3/4 DE COBRE;FRIOPARTES S A DE C.V.;2;L243.48
BSU01;AIRE ACONDICIONADO;CLIMATICACION/ACCESORIOS;AIRE/ACCESORIO;AAC000463;BOMBA P/CONDENSADO DIVERSITECH,1.2GPM,16¨ ALTU;FRIOPARTES S A DE C.V.;1;L1,478.26
BSU01;AIRE ACONDICIONADO;CLIMATICACION/ACCESORIOS;AIRE/ACCESORIO;AAC000464;VENTILADOR INDUSTRIAL WYDS-AS4280 CHINA 2024;SIN ESPESIFICAR;1;L13,806.55
BSU01;AIRE ACONDICIONADO;CLIMATICACION/ACCESORIOS;AIRE/ACCESORIO;AAC000465;VENTILADOR INDUSTRIAL WYDS-AS3680 CHINA 2024;SIN ESPESIFICAR;1;L15,706.51
BSU01;AIRE ACONDICIONADO;CLIMATICACION/ACCESORIOS;AIRE/ACCESORIO;AAC000467;VENTILADOR FINO #16 CHINA 2025;SIN ESPESIFICAR;154;L46,004.98
BSU01;AIRE ACONDICIONADO;CLIMATICACION/ACCESORIOS;AIRE/ACCESORIO;AAC000474;CAPACITOR DE 16UF X450V;VICTOR MANUEL ZELAYA VEGA;1;L75.00
BSU01;AIRE ACONDICIONADO;CLIMATICACION/ACCESORIOS;AIRE/ACCESORIO;AAC000484;VALVULA CARGA 1/4 ;AIRE FRIO DE HONDURAS S. A DE C. V;4;L47.61
BSU01;AIRE ACONDICIONADO;CLIMATICACION/ACCESORIOS;AIRE/ACCESORIO;AAC000491;VENTILADOR INDUSTRIAL ASPA PEQUEÑA/CHINA2024;SIN ESPESIFICAR;1;L13,695.21
BSU01;AIRE ACONDICIONADO;CLIMATICACION/ACCESORIOS;AIRE/ACCESORIO;AAC000492;VENTILADOR INDUSTRIAL ASPA GRANDE/CHINA 2024;SIN ESPESIFICAR;2;L31,159.81
BSU01;AIRE ACONDICIONADO;CLIMATICACION/ACCESORIOS;AIRE/ACCESORIO;AAC000493;VENTILADOR CIELO LUJO C/LAMP;ALEJANDRO NAPOLEON LARACH LARACH;1;L2,410.00
BSU01;AIRE ACONDICIONADO;CLIMATICACION/ACCESORIOS;AIRE/ACCESORIO;AAC000498;REFRIGERANTE 134A DE 30L;AIRE FRIO DE HONDURAS S. A DE C. V;2;L3,733.04
BSU01;AIRE ACONDICIONADO;CLIMATICACION/ACCESORIOS;AIRE/ACCESORIO;AAC000511;TIME DELAY ON MAKE 6SEG-8MIN 19-240V;FRIOPARTES S A DE C.V.;2;L492.76
BSU01;AIRE ACONDICIONADO;CLIMATICACION/ACCESORIOS;AIRE/ACCESORIO;AAC000512;FILTRO CTO PURIFICADOR AGUA;TORNILLOS Y SERVICIOS MULTIPLES LACAST S.A DE C.V;1;L43.48
BSU01;AIRE ACONDICIONADO;CLIMATICACION/ACCESORIOS;AIRE/ACCESORIO;AAC000515;CONTACTOR 3P24V30AMP;FRIOPARTES S A DE C.V.;1;L1,130.44
BSU01;AIRE ACONDICIONADO;CLIMATICACION/ACCESORIOS;AIRE/ACCESORIO;AAC000524;CAPACITOR 70 MFD X 370/440V;FRIOPARTES S A DE C.V.;3;L234.78
BSU01;AIRE ACONDICIONADO;CLIMATICACION/ACCESORIOS;AIRE/ACCESORIO;AAC000525;CONTACTOR 2P24V40AMP ;FRIOPARTES S A DE C.V.;7;L1,001.65
BSU01;AIRE ACONDICIONADO;CLIMATICACION/ACCESORIOS;AIRE/ACCESORIO;AAC000533;BOMBA DRENAJE P/CASSETTES, LEVANTA 1.2 METROS;FRIOPARTES S A DE C.V.;3;L1,173.90
BSU01;AIRE ACONDICIONADO;CLIMATICACION/ACCESORIOS;AIRE/ACCESORIO;AAC000537;CAPACITOR 45X370/440 AMERICANO;AIRE FRIO DE HONDURAS S. A DE C. V;9;L2,472.26
BSU01;AIRE ACONDICIONADO;CLIMATICACION/ACCESORIOS;AIRE/ACCESORIO;AAC000538;CAPACITOR 60X370/440 AMERICANO ;AIRE FRIO DE HONDURAS S. A DE C. V;8;L2,930.09
BSU01;AIRE ACONDICIONADO;CLIMATICACION/ACCESORIOS;AIRE/ACCESORIO;AAC000539;CAPACITOR 80X370/440 AMERICANO ;AIRE FRIO DE HONDURAS S. A DE C. V;10;L5,007.79
BSU01;AIRE ACONDICIONADO;CLIMATICACION/ACCESORIOS;AIRE/ACCESORIO;AAC000548;EXTRACTOR DE AIRE 10x10;AGENCIA LA MUNDIAL S.A DE C.V;1;L271.81
BSU01;AIRE ACONDICIONADO;CLIMATICACION/ACCESORIOS;AIRE/ACCESORIO;AAC000562;AISLANTE 1/4 X 3/8;AIRE FRIO DE HONDURAS S. A DE C. V;9;L76.07
BSU01;AIRE ACONDICIONADO;CLIMATICACION/ACCESORIOS;AIRE/ACCESORIO;AAC000563;UNION SOLDABLE 7/8;EQUIPOS Y REPUESTOS WOLOZNY S.A DE CV;23;L431.55
BSU01;AIRE ACONDICIONADO;CLIMATICACION/ACCESORIOS;AIRE/ACCESORIO;AAC000578;RELAY 90380,BOBINA 24;FRIOPARTES S A DE C.V.;1;L117.39
BSU01;AIRE ACONDICIONADO;CLIMATICACION/ACCESORIOS;AIRE/ACCESORIO;AAC000582;CONTROL REMOTO P.EVAP 3 TON Y 5 TON;FRIOPARTES S A DE C.V.;2;L878.26
BSU01;AIRE ACONDICIONADO;CLIMATICACION/ACCESORIOS;AIRE/ACCESORIO;AAC000591;BANDA DE A/C;SUPER REPUESTOS HONDURAS, S.A. DE C.V.;2;L543.52
BSU01;AIRE ACONDICIONADO;CLIMATICACION/ACCESORIOS;AIRE/ACCESORIO;AAC00534;CONTROL REMOTO UNIVERSAL A/C;AIRE FRIO DE HONDURAS S. A DE C. V;7;L766.95
BSU01;AIRE ACONDICIONADO;CLIMATICACION/ACCESORIOS;AIRE/ACCESORIO;USA000082;USADO EVAP WHISPER-AIRE T/PISO T 24V 5 TON 13 SEER;SIN ESPESIFICAR;1;L5,000.00
BSU01;AIRE ACONDICIONADO;CLIMATICACION/ACCESORIOS;AIRE/ACCESORIO;USA000111;ROLLO TUBERIA DE COBRE USADO ;DANILOS STORE SA;2;L2.00
BSU01;AIRE ACONDICIONADO;CLIMATICACION/ACCESORIOS;AIRE/ACCESORIO;USA000122;USADO CORTINA DE AIRE ;SIN ESPESIFICAR;5;L5,000.00
BSU01;AIRE ACONDICIONADO;CLIMATICACION/ACCESORIOS;AIRE/ACCESORIO;USA000124;USADO VENTILADOR INDUSTRIAL ;SIN ESPESIFICAR;3;L3.00
BSU01;AIRE ACONDICIONADO;CLIMATICACION/ACCESORIOS;AIRE/ACCESORIO;AAC000318;TUBERIA 5/8 FLEXIBLE;AIRE FRIO DE HONDURAS S. A DE C. V;1;L2,003.14
BSU01;AIRE ACONDICIONADO;CLIMATICACION/ACCESORIOS;AIRE/ACCESORIO;AAC00083;"TRAMPAS 1 1/8"" DE COBRE";FRIOPARTES S A DE C.V.;1;L272.17
BSU01;AIRE ACONDICIONADO;CLIMATICACION/ACCESORIOS;AIRE/ACCESORIO;AAC000088;EXTRACTOR DE AIRE #4;AGENCIA LA MUNDIAL S.A DE C.V;2;L495.72
BSU01;AIRE ACONDICIONADO;CLIMATICACION/ACCESORIOS;AIRE/ACCESORIO;AAC000598;CODO SOLDABLE 1 1/8 X 45;FRIOPARTES S A DE C.V.;11;L726.96
BSU01;AIRE ACONDICIONADO;CLIMATICACION/ACCESORIOS;AIRE/ACCESORIO;AAC000393;EASY POWER REF FLUSH LITROS;EQUIPOS Y REPUESTOS WOLOZNY S.A DE CV;1;L532.38
BSU01;AIRE ACONDICIONADO;CLIMATICACION/ACCESORIOS;AIRE/ACCESORIO;AAC000196;"AISLAMIENTO 1/2"" X 1/2 PARED";FRIOPARTES S A DE C.V.;2;L95.65
BSU01;AIRE ACONDICIONADO;CLIMATICACION/ACCESORIOS;AIRE/ACCESORIO;AAC000264;"AISLAMIENTO 1 1/8"" X 3/8 PARED";FRIOPARTES S A DE C.V.;10;L234.79
BSU01;AIRE ACONDICIONADO;CLIMATICACION/ACCESORIOS;AIRE/ACCESORIO;AAC000302;CODO SOLDABLE 7/8 X 90;FRIOPARTES S A DE C.V.;14;L365.22
BSU01;AIRE ACONDICIONADO;CLIMATICACION/ACCESORIOS;AIRE/ACCESORIO;AAC000055;CINTA FOAM 2X30;AIRE FRIO DE HONDURAS S. A DE C. V;5;L469.57
BSU01;AIRE ACONDICIONADO;ILUMINACIONES ELECTRICAS;TUBOS/CANDELAS;CON0002156;AISLADOR DE CARRETE;NAHUM ALBERTO MENDEZ AGUILERA / PROYECTO;8;L107.35
BSU01;AIRE ACONDICIONADO;ILUMINACIONES ELECTRICAS;TUBOS/CANDELAS;SEL001489;BASE DE FLUORECENTE 2 PINES;DISTRIBUIDORA INDUSTRIAL S.A. DE C.V.;63;L496.41
BSU01;AIRE ACONDICIONADO;ILUMINACIONES ELECTRICAS;TUBOS/CANDELAS;SEL001799;LUCES D/OFICINA CHINA 2025 (13954-1108-1);SIN ESPESIFICAR;7;L2,499.11
BSU01;AIRE ACONDICIONADO;ILUMINACIONES ELECTRICAS;TUBOS/CANDELAS;SEL001878;LAMPARA SPOT LED 12W MUEBLE DE RELOJ;PAPER DEPOT S.A DE C.V;1;L125.88
BSU01;AIRE ACONDICIONADO;ILUMINACIONES ELECTRICAS;TUBOS/CANDELAS;SEL001882;BASE FLUORECENTE 2 PINES EAGLE;SIN ESPESIFICAR;23;L1,541.00
BSU01;ARTICULOS OFICINA;PAPELERIA Y UTILES;AGUJAS;AOF000354;AGUJA PARA PISTOLA CHINA USAR;SIN ESPESIFICAR;358;L13,153.51
BSU01;ARTICULOS OFICINA;PAPELERIA Y UTILES;ALMOHADILLA;AOF001038;ALMOHADILLA P/SELLO 12.8*8.1CM CHINA;SIN ESPESIFICAR;102;L2,391.81
BSU01;ARTICULOS OFICINA;PAPELERIA Y UTILES;ARCHIVADORES;AOF000021;ARCHIVADOR T/C USAR ;ACCESORIOS PARA COMPUTADORAS Y OFICINAS S.A DE C.V;26;L748.28
BSU01;ARTICULOS OFICINA;PAPELERIA Y UTILES;ARCHIVADORES;AOF000026;BINDER ;DANILO GARCIA/PROYECTOS;1;L161.39
BSU01;ARTICULOS OFICINA;PAPELERIA Y UTILES;ATADURAS;AOF000268;BALA PLASTICA 35MM CHINO USAR;SIN ESPESIFICAR;119;L2,272.30
BSU01;ARTICULOS OFICINA;PAPELERIA Y UTILES;ATADURAS;AOF000270;PELIO TIPO GANCHO DE COLGAR USAR ;SIN ESPESIFICAR;197;L13,731.53
BSU01;ARTICULOS OFICINA;PAPELERIA Y UTILES;ATADURAS;AOF000271;BALA PLASTICA 50MM CHINO USAR;SIN ESPESIFICAR;252;L11,566.51
BSU01;ARTICULOS OFICINA;PAPELERIA Y UTILES;ATADURAS;AOF000307;ATADURA DE SEGURIDAD #12 (PELIO) CHINO;SIN ESPESIFICAR;9,785.00;L98,927.03
BSU01;ARTICULOS OFICINA;PAPELERIA Y UTILES;ATADURAS;AOF000355;ATADURA DE SEGURIDAD #9(PELIO) CHINO;SIN ESPESIFICAR;481;L4,565.67
BSU01;ARTICULOS OFICINA;PAPELERIA Y UTILES;ATADURAS;AOF000356;ATADURA DE SEGURIDAD #7(PELIO) CHINO ;SIN ESPESIFICAR;1,181.00;L12,387.23
BSU01;ARTICULOS OFICINA;PAPELERIA Y UTILES;ATADURAS;AOF000368;ATADURA DE SEGURIDAD #3 PELIO CHINO ;SIN ESPESIFICAR;5,049.00;L31,100.53
BSU01;ARTICULOS OFICINA;PAPELERIA Y UTILES;ATADURAS;AOF000369;ATADURA DE SEGURIDAD #5 PELIO CHINO ;SIN ESPESIFICAR;3,172.00;L141,390.38
BSU01;ARTICULOS OFICINA;PAPELERIA Y UTILES;ATADURAS;AOF000514;BALA PLASTICA 75MM CHINO USAR;SIN ESPESIFICAR;159;L7,895.68
BSU01;ARTICULOS OFICINA;PAPELERIA Y UTILES;ATADURAS;AOF000515;BALA PLASTICA 25MM CHINO USAR;SIN ESPESIFICAR;245;L9,236.52
BSU01;ARTICULOS OFICINA;PAPELERIA Y UTILES;ATADURAS;AOF001075;ATADURA DE SEGURIDAD #18 PELIO CHINA 2024;SIN ESPESIFICAR;1,346.00;L21,724.22
BSU01;ARTICULOS OFICINA;PAPELERIA Y UTILES;BANDEJAS ARCHIVADORAS;AOF000570;BANDEJA P/DOCUMENTOS NEGRA USAR;TECHNO OFFICE SUPPLIES S, DE R.L.;6;L1,518.21
BSU01;ARTICULOS OFICINA;PAPELERIA Y UTILES;BANDEJAS ARCHIVADORAS;AOF001073;BANDEJA D/PAPELES 3 PISOS CHINA 2024;SIN ESPESIFICAR;60;L5,188.31
BSU01;ARTICULOS OFICINA;PAPELERIA Y UTILES;BATERIAS;AOF000428;BATERIA RELOJ MAXELL LR41;ALMACEN EL PAJARO AZUL S.A DE C.V;73;L1,095.00
BSU01;ARTICULOS OFICINA;PAPELERIA Y UTILES;BATERIAS;AOF000617;BATERIA P/RELOJ LR44 MAXELL ALCALINA;ALMACEN EL PAJARO AZUL S.A DE C.V;5;L125.00
BSU01;ARTICULOS OFICINA;PAPELERIA Y UTILES;BATERIAS;AOF000751;BATERIA 3V LITHIUM CR2025;ALMACEN EL PAJARO AZUL S.A DE C.V;26;L910.00
BSU01;ARTICULOS OFICINA;PAPELERIA Y UTILES;BATERIAS;AOF000966;BATERIA 3V LITHIUM CR2032;ALMACEN EL PAJARO AZUL S.A DE C.V;13;L455.00
BSU01;ARTICULOS OFICINA;PAPELERIA Y UTILES;BATERIAS;AOF001166;BATERIA DE 3V 36 MAH GP-CR1220;ALMACEN EL PAJARO AZUL S.A DE C.V;8;L282.72
BSU01;ARTICULOS OFICINA;PAPELERIA Y UTILES;BATERIAS;SEL001353;BATERIAS ENERGIZER MAX 9V 1UND;CIA MERCANTIL LA CASA BLANCA SRL CV;6;L435.91
BSU01;ARTICULOS OFICINA;PAPELERIA Y UTILES;BATERIAS;SEL001679;BATERIA AA 2PZS CHINA 2024;SIN ESPESIFICAR;1,218.00;L48,063.42
BSU01;ARTICULOS OFICINA;PAPELERIA Y UTILES;BATERIAS;SEL001680;BATERIA AAA 2PZS CHINA 2024;SIN ESPESIFICAR;1,177.00;L32,184.55
BSU01;ARTICULOS OFICINA;PAPELERIA Y UTILES;BOLIGRAFOS;AOF000604;BOLIGRAFO NEGRO CHINO 2024;JOCSAN RUEDA/PROYECTO;17,046.00;L17,404.65
BSU01;ARTICULOS OFICINA;PAPELERIA Y UTILES;BOLIGRAFOS;AOF001050;BOLIGRAFO DETECTOR BILLETES FALSOS CHINO 2024;SIN ESPESIFICAR;592;L2,503.46
BSU01;ARTICULOS OFICINA;PAPELERIA Y UTILES;BORRADORES;AOF000567;BORRADOR DE GOMA USAR;PAPELERA CALPULES S.A. DE C.V.;19;L22.10
BSU01;ARTICULOS OFICINA;PAPELERIA Y UTILES;BORRADORES;AOF000899;BORRADOR D/PIZARRA CHINA 2024;SIN ESPESIFICAR;670;L2,513.99
BSU01;ARTICULOS OFICINA;PAPELERIA Y UTILES;BORRADORES;AOF001304;BORRADOR 22077-132 USAR ;SIN ESPESIFICAR;12;L70.26
BSU01;ARTICULOS OFICINA;PAPELERIA Y UTILES;BORRADORES;AOF001305;BORRADOR 22077-007235;SIN ESPESIFICAR;2;L4.65
BSU01;ARTICULOS OFICINA;PAPELERIA Y UTILES;BORRADORES;AOF001306;BORRADOR 22077-129 USAR ;SIN ESPESIFICAR;3;L28.69
BSU01;ARTICULOS OFICINA;PAPELERIA Y UTILES;BORRADORES;AOF001307;BORRADOR 22077-130 USAR;SIN ESPESIFICAR;4;L34.39
BSU01;ARTICULOS OFICINA;PAPELERIA Y UTILES;CAJA CHICA;AOF000254;CAJA CHICA CHINA;SIN ESPESIFICAR;49;L4,490.43
BSU01;ARTICULOS OFICINA;PAPELERIA Y UTILES;CAJA CHICA;AOF000889;CAJA CHICA 30X24X9CM;AGENCIA LA MUNDIAL S.A DE C.V;2;L486.46
BSU01;ARTICULOS OFICINA;PAPELERIA Y UTILES;CAJA CHICA;AOF001032;CAJA CHICA 12 PLG CHINA 2024;SIN ESPESIFICAR;40;L4,858.25
BSU01;ARTICULOS OFICINA;PAPELERIA Y UTILES;CAJA CHICA;CON003956;CAJA SEGURIDAD PEQ. HOTELES CHINO;SIN ESPESIFICAR;28;L3,423.63
BSU01;ARTICULOS OFICINA;PAPELERIA Y UTILES;CAJAS ARMABLES;AOF000028;CAJA D/ARCHIVO AUTOARMABLE USAR ;ACCESORIOS PARA COMPUTADORAS Y OFICINAS S.A DE C.V;145;L8,447.70
BSU01;ARTICULOS OFICINA;PAPELERIA Y UTILES;CALCULADORA;AOF000789;CALCULADORA C/TAPADERA CHINA;SIN ESPESIFICAR;3;L194.04
BSU01;ARTICULOS OFICINA;PAPELERIA Y UTILES;CALCULADORA;AOF001143;CALCULADORA DE CORDON CHINA 2025;SIN ESPESIFICAR;1,831.00;L62,564.46
BSU01;ARTICULOS OFICINA;PAPELERIA Y UTILES;CALCULADORA;AOF001144;CALCULADORA DE 12 DIGITOS CHINA 2025;SIN ESPESIFICAR;228;L9,646.26
BSU01;ARTICULOS OFICINA;PAPELERIA Y UTILES;CALCULADORA;AOF001186;CALCULADORA 8 DIG EXECUTIVE  D/CORDON;PAPELERA CALPULES S.A. DE C.V.;182;L4,613.70
BSU01;ARTICULOS OFICINA;PAPELERIA Y UTILES;CARTONCILLO;AOF000791;CARTONCILLO 6.5CMX4CM MIA GANCHO PEQUEÑO CHINO;SIN ESPESIFICAR;161,670.00;L23,760.64
BSU01;ARTICULOS OFICINA;PAPELERIA Y UTILES;CARTONCILLO;AOF000792;CARTONCILLO 5*12.4CM  MIA DIADEMA MEDIANA CHINO;SIN ESPESIFICAR;101,359.00;L19,558.23
BSU01;ARTICULOS OFICINA;PAPELERIA Y UTILES;CARTONCILLO;AOF000793;CARTONCILLO 10CMX5.5CM MIA GANCHO MEDIANO CHINO;SIN ESPESIFICAR;23,592.00;L4,615.77
BSU01;ARTICULOS OFICINA;PAPELERIA Y UTILES;CARTONCILLO;AOF000794;CARTONCILLO 11.5CMX6CM MIA GANCHO GRANDE CHINO;SIN ESPESIFICAR;120,620.00;L29,385.44
BSU01;ARTICULOS OFICINA;PAPELERIA Y UTILES;CARTONCILLO;AOF000795;CARTONCILLO 5*14CM MIA DIADEMA GRANDE CHINO;SIN ESPESIFICAR;111,087.00;L26,727.53
BSU01;ARTICULOS OFICINA;PAPELERIA Y UTILES;CARTONCILLO;AOF001260;CARTONCILLO MIO MIO PEQUEÑO ROJO 6.5*4CM CHINA ;SIN ESPESIFICAR;28,800.00;L4,290.62
BSU01;ARTICULOS OFICINA;PAPELERIA Y UTILES;CARTONCILLO;AOF001261;CARTONCILLO MIO MIO MEDIANO ROJO 10*5.5CM CHINA ;SIN ESPESIFICAR;25,600.00;L5,085.44
BSU01;ARTICULOS OFICINA;PAPELERIA Y UTILES;CARTONCILLO;AOF001262;CARTONCILLO MIO MIO GRANDE ROJO 11.5*6CM CHINA ;SIN ESPESIFICAR;16,000.00;L3,972.64
BSU01;ARTICULOS OFICINA;PAPELERIA Y UTILES;CARTONCILLO;AOF001263;CARTON P/ DIADEMA MIO MIO ROJO LETRA BLANCA CHINA ;SIN ESPESIFICAR;26,000.00;L5,162.30
BSU01;ARTICULOS OFICINA;PAPELERIA Y UTILES;CARTONCILLO;AOF001264;CARTONCILLO MIO MIO PEQUEÑO BLANCO 6.5*4CM CHINA ;SIN ESPESIFICAR;26,100.00;L3,886.81
BSU01;ARTICULOS OFICINA;PAPELERIA Y UTILES;CARTONCILLO;AOF001265;CARTONCILLO MIO MIO MEDIANO BLANCO 10*5.5CM CHINA ;SIN ESPESIFICAR;26,100.00;L5,186.85
BSU01;ARTICULOS OFICINA;PAPELERIA Y UTILES;CARTONCILLO;AOF001266;CARTONCILLO MIO MIO GRANDE BLANCO 11.5*6CM CHINA ;SIN ESPESIFICAR;26,100.00;L6,478.54
BSU01;ARTICULOS OFICINA;PAPELERIA Y UTILES;CARTONCILLO;AOF001267;CARTON DIADEMA MIO MIO BLANCO LETRA DORADA CHINA ;SIN ESPESIFICAR;26,200.00;L5,203.06
BSU01;ARTICULOS OFICINA;PAPELERIA Y UTILES;CARTONCILLO;AOF001268;CARTON ST.THIAGO PEQUEÑO ROJO 2.5*4.44CM CHINO ;SIN ESPESIFICAR;31,500.00;L4,693.82
BSU01;ARTICULOS OFICINA;PAPELERIA Y UTILES;CARTONCILLO;AOF001269;CARTON ST.THIAGO GRANDE 10*5CM ROJO CHINO ;SIN ESPESIFICAR;40,000.00;L9,932.40
BSU01;ARTICULOS OFICINA;PAPELERIA Y UTILES;CARTONCILLO;AOF001270;CARTONCILLO SKANDALO PEQUEÑO 2.5*4.44CM CHINO 2026;SIN ESPESIFICAR;53,534.00;L7,976.03
BSU01;ARTICULOS OFICINA;PAPELERIA Y UTILES;CARTONCILLO;AOF001271;CARTONCILLO WESTERN PEQUEÑO 2.5*4.44CM CHINO 2026;SIN ESPESIFICAR;126,000.00;L18,770.22
BSU01;ARTICULOS OFICINA;PAPELERIA Y UTILES;CARTONCILLO;AOF001272;CARTONCILLO WESTERN GRANDE 5*12.4CM CHINO 2026;SIN ESPESIFICAR;101,000.00;L20,061.63
BSU01;ARTICULOS OFICINA;PAPELERIA Y UTILES;CARTONCILLO;AOF001273;CARTON ST.THIAGO MEDIANO ROJO 3.8*6CM CHINO ;SIN ESPESIFICAR;10,000.00;L1,986.20
BSU01;ARTICULOS OFICINA;PAPELERIA Y UTILES;CERA P/CONTAR;AOF000407;CUENTA FACIL CHINA 2024;SIN ESPESIFICAR;359;L4,785.25
BSU01;ARTICULOS OFICINA;PAPELERIA Y UTILES;CINTA REGALO;AOF000019;CINTA PARA CHONGO DELGADA DE COLORES;LUIS GUILLERMO BRIZUELA RODRIGUEZ;1;L39.13
BSU01;ARTICULOS OFICINA;PAPELERIA Y UTILES;CLIPS;AOF000673;CLIP 30MM CHINA;SIN ESPESIFICAR;415;L895.75
BSU01;ARTICULOS OFICINA;PAPELERIA Y UTILES;CLIPS;AOF000674;CLIP 28MM CHINA;SIN ESPESIFICAR;344;L682.84
BSU01;ARTICULOS OFICINA;PAPELERIA Y UTILES;CLIPS;AOF000676;CLIP MARIPOSA 51MM CHINA;SIN ESPESIFICAR;153;L207.76
BSU01;ARTICULOS OFICINA;PAPELERIA Y UTILES;CLIPS;AOF000677;CLIP MARIPOSA 32MM CHINA;SIN ESPESIFICAR;108;L52.51
BSU01;ARTICULOS OFICINA;PAPELERIA Y UTILES;CLIPS;AOF001065;CLIPS 32MM CHINA 2024;SIN ESPESIFICAR;452;L2,288.52
BSU01;ARTICULOS OFICINA;PAPELERIA Y UTILES;CLIPS;AOF001066;CLIPS 50MM CHINA 2024;SIN ESPESIFICAR;282;L2,450.00
BSU01;ARTICULOS OFICINA;PAPELERIA Y UTILES;CORRECTORES;AOF001064;MARCADOR FLUORESCENTE CHINA 2024;SIN ESPESIFICAR;10,734.00;L26,318.27
BSU01;ARTICULOS OFICINA;PAPELERIA Y UTILES;CORRECTORES;AOF001300;CORRECTOR LIQUIDO 315-48-22077 USAR ;SIN ESPESIFICAR;13;L67.09
BSU01;ARTICULOS OFICINA;PAPELERIA Y UTILES;CUADERNO;AOF000049;CUADERNO UNICO LARGO DE 400 PAG.  USAR ;ACCESORIOS PARA COMPUTADORAS Y OFICINAS S.A DE C.V;13;L713.70
BSU01;ARTICULOS OFICINA;PAPELERIA Y UTILES;CUADERNO;AOF000051;LIBRETA AMARILLA MICRO;PAPELERA CALPULES S.A. DE C.V.;1;L16.02
BSU01;ARTICULOS OFICINA;PAPELERIA Y UTILES;CUADERNO;AOF001323;CUADERNO DE RESORTE CHINO 2026;SIN ESPESIFICAR;48;L1,220.39
BSU01;ARTICULOS OFICINA;PAPELERIA Y UTILES;DETECTORAS DE DINERO FALSO;AOF000377;DETECTORA DE DINERO FALSO USAR;DIVASA S.DE R.L.;7;L1,561.30
BSU01;ARTICULOS OFICINA;PAPELERIA Y UTILES;DETECTORAS DE DINERO FALSO;AOF001036;DETECTORA DE BILLETES FALSOS CHINA 2024;SIN ESPESIFICAR;85;L2,094.77
BSU01;ARTICULOS OFICINA;PAPELERIA Y UTILES;DETECTORAS DE DINERO FALSO;AOF001037;REPUESTO D/DETECTOR DE BILLESTES CHINO 2024;SIN ESPESIFICAR;140;L3,450.21
BSU01;ARTICULOS OFICINA;PAPELERIA Y UTILES;DISPENSADOR TAPE;AOF000888;DISPENSADOR DE TAPE CHINO 2024;SIN ESPESIFICAR;91;L4,440.35
BSU01;ARTICULOS OFICINA;PAPELERIA Y UTILES;FASTENERS;AOF000611;FASTENERS METALICO ;PAPELERA CALPULES S.A. DE C.V.;133;L2,595.49
BSU01;ARTICULOS OFICINA;PAPELERIA Y UTILES;FOLDERS;AOF000072;FOLDERS T/C COLORES USAR;PAPELERA CALPULES S.A. DE C.V.;409;L2,149.75
BSU01;ARTICULOS OFICINA;PAPELERIA Y UTILES;FOLDERS;AOF000073;FOLDER MANILA T/C USAR;PAPELERA CALPULES S.A. DE C.V.;100;L97.71
BSU01;ARTICULOS OFICINA;PAPELERIA Y UTILES;FOLDERS;AOF000075;FOLDER MANILA T/L;ACCESORIOS PARA COMPUTADORAS Y OFICINAS S.A DE C.V;50;L106.52
BSU01;ARTICULOS OFICINA;PAPELERIA Y UTILES;FOLDERS;AOF000077;FOLDER COLGANTE T/C;SIN ESPESIFICAR;3;L15.87
BSU01;ARTICULOS OFICINA;PAPELERIA Y UTILES;FOLDERS;AOF000078;FOLDER COLGANTE T-O UNIDAD;SIN ESPESIFICAR;75;L483.00
BSU01;ARTICULOS OFICINA;PAPELERIA Y UTILES;FOLDERS;AOF000864;SOBRE MANILA CAFE T/C CHINA 2024;SIN ESPESIFICAR;185;L113.04
BSU01;ARTICULOS OFICINA;PAPELERIA Y UTILES;FOLDERS;AOF001074;SOBRE MANILA NARANJA T/CARTA CHINA 2024;SIN ESPESIFICAR;11,681.00;L10,054.89
BSU01;ARTICULOS OFICINA;PAPELERIA Y UTILES;FOLDERS;AOF000074;FOLDER MANILA T/O;PAPELERA CALPULES S.A. DE C.V.;100;L112.80
BSU01;ARTICULOS OFICINA;PAPELERIA Y UTILES;FOLDERS;AOF001053;FOLDER CARTA ROJO UND;ACCESORIOS PARA COMPUTADORAS Y OFICINAS S.A DE C.V;12;L38.64
BSU01;ARTICULOS OFICINA;PAPELERIA Y UTILES;FOLDERS;AOF001159;FOLDER T/C MORADO;ACCESORIOS PARA COMPUTADORAS Y OFICINAS S.A DE C.V;24;L77.28
BSU01;ARTICULOS OFICINA;PAPELERIA Y UTILES;GRAPADORA;AOF000108;GRAPADORA STANLEY BOSTITCH USAR ;ACCESORIOS PARA COMPUTADORAS Y OFICINAS S.A DE C.V;7;L941.64
BSU01;ARTICULOS OFICINA;PAPELERIA Y UTILES;GRAPAS;AOF000100;GRAPAS 5000 UNDS BOSTICH  USAR;TECHNO OFFICE SUPPLIES S, DE R.L.;292;L10,220.00
BSU01;ARTICULOS OFICINA;PAPELERIA Y UTILES;GRAPAS;AOF000102;GRAPA 3/8 PARA GRAPADORA GRANDE;JOCSAN RUEDA/PROYECTO;1;L92.66
BSU01;ARTICULOS OFICINA;PAPELERIA Y UTILES;GRAPAS;AOF000446;GRAPAS STAPLES CHENYU 293122;SIN ESPESIFICAR;1;L0.93
BSU01;ARTICULOS OFICINA;PAPELERIA Y UTILES;GRAPAS;AOF000681;GRAPAS CHINA;SIN ESPESIFICAR;9;L34.39
BSU01;ARTICULOS OFICINA;PAPELERIA Y UTILES;GRAPAS;AOF001164;GRAPA INDUSTRIAL 23/13 1000 UND;PRODUCT DEPOT S. DE R.L;5;L43.25
BSU01;ARTICULOS OFICINA;PAPELERIA Y UTILES;GRAPAS;AOF001251;GRAPA 23/23 DELI 1000UND;OFFICE COMPUTERS S. DE R.L.;4;L169.88
BSU01;ARTICULOS OFICINA;PAPELERIA Y UTILES;HILO DE PESCAR;AOF000010;HILO P/PESCAR;AGENCIA LA MUNDIAL S.A DE C.V;55;L2,034.56
BSU01;ARTICULOS OFICINA;PAPELERIA Y UTILES;HOJAS LAMINAR;AOF000381;HOJA PROTECT PQT100 T/C TRANSPARENTE    ;ACCESORIOS PARA COMPUTADORAS Y OFICINAS S.A DE C.V;3,219.00;L1,573.13
BSU01;ARTICULOS OFICINA;PAPELERIA Y UTILES;HOJAS LAMINAR;AOF000487;HOJA MEMBRETADA ;DARLYNG ARACELY PEÑA RAMIREZ;3,482.00;L3,236.14
BSU01;ARTICULOS OFICINA;PAPELERIA Y UTILES;HOJAS LAMINAR;AOF000928;PAPEL CELOFAN 90CM X 50M 3718-25;SUPERTIENDAS XTRA S.A.;60;L5,986.97
BSU01;ARTICULOS OFICINA;PAPELERIA Y UTILES;HOJAS LAMINAR;AOF001255;LAMINA P/ LAMINAR TAMAÑO OFICIO CHINA 2026;SIN ESPESIFICAR;80;L18,170.89
BSU01;ARTICULOS OFICINA;PAPELERIA Y UTILES;HOJAS LAMINAR;AOF001256;LAMINA P/ LAMINAR TAMAÑO CARTA CHINA 2026;SIN ESPESIFICAR;63;L10,174.62
BSU01;ARTICULOS OFICINA;PAPELERIA Y UTILES;HULES;AOF000772;HULE #33 BOLSA 1/4 LIBRA;ACCESORIOS PARA COMPUTADORAS Y OFICINAS S.A DE C.V;184;L3,199.88
BSU01;ARTICULOS OFICINA;PAPELERIA Y UTILES;HULES;AOF000884;HULE BILLETERO CHINO 2024;SIN ESPESIFICAR;4,223.00;L31,455.56
BSU01;ARTICULOS OFICINA;PAPELERIA Y UTILES;LAPIZ GRAFITO;AOF000610;LAPIZ GRAFITO CHINO;SIN ESPESIFICAR;527;L419.63
BSU01;ARTICULOS OFICINA;PAPELERIA Y UTILES;MARCADORES;AOF000138;MARCADOR FLUORESCENTE USAR;PAPELERA CALPULES S.A. DE C.V.;1;L5.51
BSU01;ARTICULOS OFICINA;PAPELERIA Y UTILES;MARCADORES;AOF000361;MARCADOR ACRILICO MAGISTRAL DIDAC COLORE USAR ;SIN ESPESIFICAR;1,151.00;L19,543.98
BSU01;ARTICULOS OFICINA;PAPELERIA Y UTILES;MARCADORES;AOF000373;MARCADOR ACRILICO CHINO;SIN ESPESIFICAR;2,008.00;L3,072.24
BSU01;ARTICULOS OFICINA;PAPELERIA Y UTILES;MARCADORES;AOF000599;MARCADOR P/PIZARRA CHINO USAR;SIN ESPESIFICAR;154;L438.76
BSU01;ARTICULOS OFICINA;PAPELERIA Y UTILES;MARCADORES;AOF000874;MARCADOR PERMANENTE CHINO 2024;SIN ESPESIFICAR;2,688.00;L4,585.06
BSU01;ARTICULOS OFICINA;PAPELERIA Y UTILES;MARCADORES;AOF001246;MARCADOR PERMANENTE PUNTA FINA SHARPIE;PRODUCT DEPOT S. DE R.L;2;L35.52
BSU01;ARTICULOS OFICINA;PAPELERIA Y UTILES;MINAS ;AOF000451;MINAS 0.7 PAQ 122370;SIN ESPESIFICAR;7;L14.26
BSU01;ARTICULOS OFICINA;PAPELERIA Y UTILES;MINAS ;AOF000454;MINAS 0.5 PAQ 122367;SIN ESPESIFICAR;62;L66.75
BSU01;ARTICULOS OFICINA;PAPELERIA Y UTILES;MOBILIARIO DE OFICINA;AOF000957;CRONOMETRO CASIO HS-3V-1B NEGRO;DIVASA S.DE R.L.;1;L1,044.16
BSU01;ARTICULOS OFICINA;PAPELERIA Y UTILES;MOBILIARIO DE OFICINA;AOF000973;SILLA EJECUTIVA P/OFICINA 19544A-0604 CHINA 2025;SIN ESPESIFICAR;28;L26,107.94
BSU01;ARTICULOS OFICINA;PAPELERIA Y UTILES;MOBILIARIO DE OFICINA;AOF000974;SILLA SEMI-EJECUTIVA P/OFICINA 6102 CHINA 2024;SIN ESPESIFICAR;2;L1,141.46
BSU01;ARTICULOS OFICINA;PAPELERIA Y UTILES;MOBILIARIO DE OFICINA;AOF001051;CAJA FUERTE 60*40*30CM AZ-XH60 CHINA 2025;SIN ESPESIFICAR;6;L20,215.97
BSU01;ARTICULOS OFICINA;PAPELERIA Y UTILES;MOBILIARIO DE OFICINA;AOF001098;CAJA FUERTE 200*310*200MM 4.5 KG CHINA 2025;SIN ESPESIFICAR;1;L411.79
BSU01;ARTICULOS OFICINA;PAPELERIA Y UTILES;MOBILIARIO DE OFICINA;AOF001221;DURACLEAN CLEANING CARD KIT FOR ZC100/300;TUBELITE CENTROAMERICA S.A.;2;L915.34
BSU01;ARTICULOS OFICINA;PAPELERIA Y UTILES;MOBILIARIO DE OFICINA;AOF001242;SILLA DE ESPERA PESO MAX 200KG 19544A-1201-2 CHINA;SIN ESPESIFICAR;46;L15,411.54
BSU01;ARTICULOS OFICINA;PAPELERIA Y UTILES;MOBILIARIO DE OFICINA;USA000123;CAJA FUERTE USADA;SIN ESPESIFICAR;2;L596.00
BSU01;ARTICULOS OFICINA;PAPELERIA Y UTILES;NOTAS ADHESIVAS;AOF000506;NOTA ADHESIVA CHINA 2024;PAPELERA CALPULES S.A. DE C.V.;93;L1,487.53
BSU01;ARTICULOS OFICINA;PAPELERIA Y UTILES;PALETAS;AOF000327;BATERIAS MAXELL SR920SW 5371;SIN ESPESIFICAR;1;L34.43
BSU01;ARTICULOS OFICINA;PAPELERIA Y UTILES;PALETAS;AOF000337;BATERIA RECARGABLE 12V 7AMP;DANILO GARCIA/PROYECTOS;1;L356.50
BSU01;ARTICULOS OFICINA;PAPELERIA Y UTILES;PAPEL BOND;AOF000082;RESMA PAPEL T/C USAR;PAPELERA CALPULES S.A. DE C.V.;199;L12,517.52
BSU01;ARTICULOS OFICINA;PAPELERIA Y UTILES;PAPEL BOND;AOF000083;RESMA PAPEL T/O;SIN ESPESIFICAR;82;L6,850.76
BSU01;ARTICULOS OFICINA;PAPELERIA Y UTILES;PAPEL BOND;AOF000084;RESMA PAPEL T/L;PAPELERA CALPULES S.A. DE C.V.;5;L497.49
BSU01;ARTICULOS OFICINA;PAPELERIA Y UTILES;PAPEL BOND;AOF001070;PAPEL BOND P/PLOTER CHINA 2024;SIN ESPESIFICAR;35;L7,972.62
BSU01;ARTICULOS OFICINA;PAPELERIA Y UTILES;PAPEL CARBON;AOF000045;PAPEL CARBON CARTA NEGRO;ACCESORIOS PARA COMPUTADORAS Y OFICINAS S.A DE C.V;12;L776.40
BSU01;ARTICULOS OFICINA;PAPELERIA Y UTILES;PAPEL DE REGALO;AOF000013;PAPEL CHINA SURTIDO;LUIS GUILLERMO BRIZUELA RODRIGUEZ;466;L645.16
BSU01;ARTICULOS OFICINA;PAPELERIA Y UTILES;PAPEL FORMA CONTINUA;AOF000391;FORMA CONTINUA 9 1/2X5 1/2 1P           ;ACCESORIOS PARA COMPUTADORAS Y OFICINAS S.A DE C.V;1;L866.09
BSU01;ARTICULOS OFICINA;PAPELERIA Y UTILES;PAPEL TERMICO;AOF001142;ROLLO DE ALARMA SEGURIDAD MS-47 CHINA 2026 ;SIN ESPESIFICAR;2,507.00;L716,858.85
BSU01;ARTICULOS OFICINA;PAPELERIA Y UTILES;PAPEL TERMICO;AOF000086;PAPEL TERMICO  USAR ;PAPER DEPOT S.A DE C.V;1,400.00;L63,275.80
BSU01;ARTICULOS OFICINA;PAPELERIA Y UTILES;PEGAMENTO BARRA;AOF000165;PEGAMENTO EN BARRA UHU DE 40G;PAPELERA CALPULES S.A. DE C.V.;191;L1,396.70
BSU01;ARTICULOS OFICINA;PAPELERIA Y UTILES;PEGAMENTO BARRA;AOF001029;SILICON BARRA CHINO 2026;SIN ESPESIFICAR;1,612.00;L2,373.86
BSU01;ARTICULOS OFICINA;PAPELERIA Y UTILES;PEGAPRECIO;AOF000302;PEGAPRECIOS CHINO;SIN ESPESIFICAR;32;L62.91
BSU01;ARTICULOS OFICINA;PAPELERIA Y UTILES;PEGAPRECIO;AOF000303;TINTA P/PISTOLA DE PEGAPRECIO  USAR ;SIN ESPESIFICAR;837;L3,348.00
BSU01;ARTICULOS OFICINA;PAPELERIA Y UTILES;PEGAPRECIO;AOF000468;PEGAPRECIO LINEA ROJA USAR;SIN ESPESIFICAR;15;L47.78
BSU01;ARTICULOS OFICINA;PAPELERIA Y UTILES;PEGAPRECIO;AOF001027;PEGAPRECIO CHINO 2024;SIN ESPESIFICAR;4,480.00;L18,763.23
BSU01;ARTICULOS OFICINA;PAPELERIA Y UTILES;PERFORADORA;AOF000114;PERFORADORA PEQUEñA;SIN ESPESIFICAR;1;L10.00
BSU01;ARTICULOS OFICINA;PAPELERIA Y UTILES;PERFORADORA;AOF000119;PERFORADORA MERLETO 1 AGUJERO;SIN ESPESIFICAR;1;L26.50
BSU01;ARTICULOS OFICINA;PAPELERIA Y UTILES;PERFORADORA;AOF001034;PERFORADORA D/COLORES CHINA 2024;SIN ESPESIFICAR;359;L7,010.94
BSU01;ARTICULOS OFICINA;PAPELERIA Y UTILES;PERFORADORA;AOF001035;PERFORADORA CHINA 2024;SIN ESPESIFICAR;201;L3,154.53
BSU01;ARTICULOS OFICINA;PAPELERIA Y UTILES;PISTOLAS;AOF000153;PISTOLA P/SILICONE  USAR;PAPELERA CALPULES S.A. DE C.V.;13;L1,173.68
BSU01;ARTICULOS OFICINA;PAPELERIA Y UTILES;PISTOLAS;AOF000154;PISTOLA PEGAPRECIO  CROWN;SIN ESPESIFICAR;1;L400.00
BSU01;ARTICULOS OFICINA;PAPELERIA Y UTILES;PISTOLAS;AOF000353;PISTOLA PEGAPRECIO  CHINA USAR;SIN ESPESIFICAR;42;L10,080.00
BSU01;ARTICULOS OFICINA;PAPELERIA Y UTILES;PISTOLAS;AOF000600;PISTOLA CHINA P/ BALAS USAR;SIN ESPESIFICAR;172;L4,454.10
BSU01;ARTICULOS OFICINA;PAPELERIA Y UTILES;PISTOLAS;AOF001028;PISTOLA P/SILICON CHINA 2026;SIN ESPESIFICAR;95;L3,994.06
BSU01;ARTICULOS OFICINA;PAPELERIA Y UTILES;PIZARRA;AOF000897;PIZARRA 40X60CM CON CORCHO CHINA 2024;SIN ESPESIFICAR;45;L1,458.15
BSU01;ARTICULOS OFICINA;PAPELERIA Y UTILES;PIZARRA;AOF000898;PIZARRA 40X60CM CHINA 2024;SIN ESPESIFICAR;38;L1,918.29
BSU01;ARTICULOS OFICINA;PAPELERIA Y UTILES;PORTA CARNET;AOF000867;CINTA PARA RELOJ DE TIEMPO AMZ;AMAZON (USA);91;L8,037.27
BSU01;ARTICULOS OFICINA;PAPELERIA Y UTILES;PORTA CARNET;AOF001131;PORTA CARNET ROJO DS CHINA  ;DANILOS STORE SA;284;L5,035.32
BSU01;ARTICULOS OFICINA;PAPELERIA Y UTILES;PORTA CARNET;AOF001132;PORTA CARNET BLANCO AEC CHINA ;SIN ESPESIFICAR;239;L4,237.47
BSU01;ARTICULOS OFICINA;PAPELERIA Y UTILES;PORTA CARNET;AOF001133;PORTA CARNET AZUL AEC CHINA ;SIN ESPESIFICAR;391;L6,932.43
BSU01;ARTICULOS OFICINA;PAPELERIA Y UTILES;PORTA CARNET;AOF001018;PORTA CARNET PLAST TRANS;ACCESORIOS PARA COMPUTADORAS Y OFICINAS S.A DE C.V;300;L1,539.00
BSU01;ARTICULOS OFICINA;PAPELERIA Y UTILES;RIBBONS;AOF000249;RIBBON PEQUEÑO   110X74;PRODUCT DEPOT S. DE R.L;6;L270.00
BSU01;ARTICULOS OFICINA;PAPELERIA Y UTILES;RIBBONS;AOF000250;RIBBON PARA IMPRESORA   104X155;SIN ESPESIFICAR;83;L9,828.57
BSU01;ARTICULOS OFICINA;PAPELERIA Y UTILES;RIBBONS;AOF000251;RIBBON HONEYWELL 4.10X6000;SIN ESPESIFICAR;6;L1,950.00
BSU01;ARTICULOS OFICINA;PAPELERIA Y UTILES;RIBBONS;AOF000295;RIBBON 110MMX300MM DZ-210;SIN ESPESIFICAR;2;L330.00
BSU01;ARTICULOS OFICINA;PAPELERIA Y UTILES;RIBBONS;AOF000529;RIBBON ZEBRA 4.33X1,476 110MMX450M;SIN ESPESIFICAR;50;L15,625.00
BSU01;ARTICULOS OFICINA;PAPELERIA Y UTILES;RIBBONS;AOF000825;RIBBON 11M CHN2023 (23537-7) 110X74;SIN ESPESIFICAR;2;L48.89
BSU01;ARTICULOS OFICINA;PAPELERIA Y UTILES;RIBBONS;AOF001014;ZEBRA ZC SERIES YMCKO COLOR RIBBON  - 200;TUBELITE CENTROAMERICA S.A.;5;L6,790.60
BSU01;ARTICULOS OFICINA;PAPELERIA Y UTILES;RIBBONS;AOF001006;RIBON 11M CHINA 2024 (23537-7);ETIPLAST DE HONDURAS S.A ;10;L1,250.00
BSU01;ARTICULOS OFICINA;PAPELERIA Y UTILES;SACAGRAPAS;AOF000112;SACAGRAPAS USAR;PAPELERA CALPULES S.A. DE C.V.;1;L10.54
BSU01;ARTICULOS OFICINA;PAPELERIA Y UTILES;SILICON;AOF000335;SILICONE LIQUIDO DE JET POINT BOTE;SIN ESPESIFICAR;2;L31.82
BSU01;ARTICULOS OFICINA;PAPELERIA Y UTILES;SILICON;AOF001040;SUPERGLUE 3G CHINO 2024;SIN ESPESIFICAR;2,813.00;L6,013.38
BSU01;ARTICULOS OFICINA;PAPELERIA Y UTILES;SILICON;AOF001196;SUPER GLUE ST-200 20Z;TUBELITE CENTROAMERICA S.A.;3;L958.14
BSU01;ARTICULOS OFICINA;PAPELERIA Y UTILES;SILICON;AOF000168;PEGAMENTO SUPER GLUE M/ABRO 3GRAMOS USAR ;AGENCIA LA MUNDIAL S.A DE C.V;2;L8.91
BSU01;ARTICULOS OFICINA;PAPELERIA Y UTILES;SOBRES;AOF000036;SOBRES BLANCOS T/C;PAPELERA CALPULES S.A. DE C.V.;390;L162.01
BSU01;ARTICULOS OFICINA;PAPELERIA Y UTILES;SOBRES;AOF000037;SOBRES BLANCOS T/O;ACCESORIOS PARA COMPUTADORAS Y OFICINAS S.A DE C.V;50;L27.30
BSU01;ARTICULOS OFICINA;PAPELERIA Y UTILES;SOBRES;AOF000965;SOBRE MANILA T/OFICIO (10X13);PAPELERA CALPULES S.A. DE C.V.;50;L89.03
BSU01;ARTICULOS OFICINA;PAPELERIA Y UTILES;TABLERO;AOF000675;TABLERO T/C CHINA;SIN ESPESIFICAR;159;L2,414.00
BSU01;ARTICULOS OFICINA;PAPELERIA Y UTILES;TACHUELAS;AOF000258;TACHUELA PLASTICA (COLORES);SIN ESPESIFICAR;1;L3.58
BSU01;ARTICULOS OFICINA;PAPELERIA Y UTILES;TALONARIOS;AOF000157;TALONARIO PASES DE SALIDA;DARLYNG ARACELY PEÑA RAMIREZ;13;L520.00
BSU01;ARTICULOS OFICINA;PAPELERIA Y UTILES;TALONARIOS;AOF000158;TALONARIO REQUISICION SUMINISTROS ;DARLYNG ARACELY PEÑA RAMIREZ;53;L7,950.00
BSU01;ARTICULOS OFICINA;PAPELERIA Y UTILES;TALONARIOS;AOF000161;TALONARIO DE DIAS LIBRES;DARLYNG ARACELY PEÑA RAMIREZ;83;L4,980.00
BSU01;ARTICULOS OFICINA;PAPELERIA Y UTILES;TALONARIOS;AOF000163;TALONARIO DE RECIBO CON COPIA ACO;DARLYNG ARACELY PEÑA RAMIREZ;11;L330.00
BSU01;ARTICULOS OFICINA;PAPELERIA Y UTILES;TALONARIOS;AOF000476;TALONARIO VALE D/CAJA CHICA ;DARLYNG ARACELY PEÑA RAMIREZ;72;L10,800.00
BSU01;ARTICULOS OFICINA;PAPELERIA Y UTILES;TALONARIOS;AOF000478;TALONARIO ORDEN DE COMBUSTIBLE;DARLYNG ARACELY PEÑA RAMIREZ;65;L3,982.53
BSU01;ARTICULOS OFICINA;PAPELERIA Y UTILES;TALONARIOS;AOF000484;TALONARIO GASTOS DE CAJA CHICA;DARLYNG ARACELY PEÑA RAMIREZ;46;L6,874.93
BSU01;ARTICULOS OFICINA;PAPELERIA Y UTILES;TALONARIOS;AOF000501;TALONARIO CONSTANCIA DE PERMISO NO REMUNERADO;DARLYNG ARACELY PEÑA RAMIREZ;29;L2,610.00
BSU01;ARTICULOS OFICINA;PAPELERIA Y UTILES;TALONARIOS;AOF000574;TALONARIO DE ENTREGA DE VEHICULO;DARLYNG ARACELY PEÑA RAMIREZ;220;L15,450.02
BSU01;ARTICULOS OFICINA;PAPELERIA Y UTILES;TALONARIOS;AOF000590;TALONARIO DE BOLETA DE COMPRA USAR;BELQUIS ODILY PEREZ;12;L469.59
BSU01;ARTICULOS OFICINA;PAPELERIA Y UTILES;TALONARIOS;AOF001239;TALONARIO DEVOLUCION SUMINISTROS Y DISPLAY;DARLYNG ARACELY PEÑA RAMIREZ;63;L9,450.00
BSU01;ARTICULOS OFICINA;PAPELERIA Y UTILES;TAPE;AOF000518;TAPE PRECAUCION CHINO ;SIN ESPESIFICAR;1,910.00;L82,193.83
BSU01;ARTICULOS OFICINA;PAPELERIA Y UTILES;TAPE;AOF000850;TAPE C/ROJO CHINO 2023;SIN ESPESIFICAR;5,148.00;L117,577.75
BSU01;ARTICULOS OFICINA;PAPELERIA Y UTILES;TAPE;AOF000851;TAPE C/VERDE CHINO 2023;SIN ESPESIFICAR;2,688.00;L61,150.23
BSU01;ARTICULOS OFICINA;PAPELERIA Y UTILES;TAPE;AOF000852;TAPE C/AZUL CHINO 2023;SIN ESPESIFICAR;3,309.00;L74,633.17
BSU01;ARTICULOS OFICINA;PAPELERIA Y UTILES;TAPE;AOF000853;TAPE C/AMARILLO CHINO 2023;SIN ESPESIFICAR;7,346.00;L142,852.15
BSU01;ARTICULOS OFICINA;PAPELERIA Y UTILES;TAPE;AOF000885;TAPE TRANSPARENTE CHINA 2025;SIN ESPESIFICAR;9,598.00;L177,135.12
BSU01;ARTICULOS OFICINA;PAPELERIA Y UTILES;TAPE;AOF000886;TAPE PEGA DOBLE CHINA 2024;SIN ESPESIFICAR;914;L8,980.29
BSU01;ARTICULOS OFICINA;PAPELERIA Y UTILES;TAPE;AOF000887;TAPE TRANSPARENTE 3/4 CHINA 2024;SIN ESPESIFICAR;21,540.00;L23,669.44
BSU01;ARTICULOS OFICINA;PAPELERIA Y UTILES;TAPE;AOF000892;MASKING TAPE BLANCO CHINA 2024;SIN ESPESIFICAR;90;L717.46
BSU01;ARTICULOS OFICINA;PAPELERIA Y UTILES;TAPE;AOF001116;TAPE C/NEGRO CHINA 2025;SIN ESPESIFICAR;2,895.00;L69,223.18
BSU01;ARTICULOS OFICINA;PAPELERIA Y UTILES;TAPE;AOF001117;TAPE C/NARANJA CHINA 2025;SIN ESPESIFICAR;2,097.00;L50,444.36
BSU01;ARTICULOS OFICINA;PAPELERIA Y UTILES;TAPE;AOF001118;TAPE C/MORADO CHINA 2025;SIN ESPESIFICAR;2,350.00;L57,968.18
BSU01;ARTICULOS OFICINA;PAPELERIA Y UTILES;TAPE;AOF001119;TAPE C/CELESTE CHINA 2025;SIN ESPESIFICAR;2,630.00;L63,051.49
BSU01;ARTICULOS OFICINA;PAPELERIA Y UTILES;TAPE;CON006085;MASKINP TAPE 835/ SHERWIN WILLIAMS;DISTRIBUIDORA DE MATERIALES S. DE R.L. DE C.V.;1;L0.00
BSU01;ARTICULOS OFICINA;PAPELERIA Y UTILES;TIJERA;AOF001092;TIJERA CHINA 2025;SIN ESPESIFICAR;354;L5,213.93
BSU01;ARTICULOS OFICINA;PAPELERIA Y UTILES;TINTA SELLO;AOF000877;EXCELMARK TINTA DE RECAMBIO ;AMAZON (USA);1;L136.19
BSU01;ARTICULOS OFICINA;PAPELERIA Y UTILES;TINTA SELLO;AOF000921;TINTA EPS T11A1 NEGRO;ACCESORIOS PARA COMPUTADORAS Y OFICINAS S.A DE C.V;2;L1,843.33
BSU01;ARTICULOS OFICINA;PAPELERIA Y UTILES;TINTA SELLO;AOF000922;TINTA EPS T11A2 CYAN;ACCESORIOS PARA COMPUTADORAS Y OFICINAS S.A DE C.V;2;L2,960.44
BSU01;ARTICULOS OFICINA;PAPELERIA Y UTILES;TINTA SELLO;AOF000923;TINTA EPS T11A3 MAGENTA;OFFICE COMPUTERS S. DE R.L.;4;L5,983.90
BSU01;ARTICULOS OFICINA;PAPELERIA Y UTILES;TINTA SELLO;AOF000924;TINTA EPS T11A3 YELLOW;ACCESORIOS PARA COMPUTADORAS Y OFICINAS S.A DE C.V;1;L1,479.75
BSU01;ARTICULOS OFICINA;PAPELERIA Y UTILES;TINTA SELLO;AOF001022;TINTAS P/ALMOHADILLAS NEGRO CHINA 2024 ;SIN ESPESIFICAR;3,483.00;L11,763.73
BSU01;ARTICULOS OFICINA;PAPELERIA Y UTILES;TINTA SELLO;AOF000613;TINTA EPS T534;LEVY MENAHEN MARTINEZ BARAHONA;3;L735.00
BSU01;ARTICULOS OFICINA;PAPELERIA Y UTILES;TONER;AOF000053;TONER PARA IMPRESORA  HP  12A;SIN ESPESIFICAR;5;L3,500.00
BSU01;ARTICULOS OFICINA;PAPELERIA Y UTILES;TONER;AOF000055;TONER HP AMARILLO 126A;SIN ESPESIFICAR;1;L1,193.19
BSU01;ARTICULOS OFICINA;PAPELERIA Y UTILES;TONER;AOF000056;TONER HP CIAN 126 A;SIN ESPESIFICAR;1;L1,193.19
BSU01;ARTICULOS OFICINA;PAPELERIA Y UTILES;TONER;AOF000060;TONER HP CF350A 130A NEGRO;SIN ESPESIFICAR;1;L1,299.50
BSU01;ARTICULOS OFICINA;PAPELERIA Y UTILES;TONER;AOF000065;TONER NKT HP CE278A / CE278X NEGRO;SIN ESPESIFICAR;19;L7,352.52
BSU01;ARTICULOS OFICINA;PAPELERIA Y UTILES;TONER;AOF000070;TONER CF217A IMPRESORA LIC GLORIA;LEVY MENAHEN MARTINEZ BARAHONA;1;L900.00
BSU01;ARTICULOS OFICINA;PAPELERIA Y UTILES;TONER;AOF000071;CINTA EPSON S015631 LX-350;ACCESORIOS PARA COMPUTADORAS Y OFICINAS S.A DE C.V;5;L515.22
BSU01;ARTICULOS OFICINA;PAPELERIA Y UTILES;TONER;AOF000380;TONER CE285A NEGRO 1102W/M              ;SIN ESPESIFICAR;8;L14,400.00
BSU01;ARTICULOS OFICINA;PAPELERIA Y UTILES;TONER;AOF000397;TONER GENERICO 285A USAR;LEVY MENAHEN MARTINEZ BARAHONA;3;L1,479.99
BSU01;ARTICULOS OFICINA;PAPELERIA Y UTILES;TONER;AOF000415;TONER HP 105A W1105A LASERJET NEGRO;SIN ESPESIFICAR;1;L1,450.00
BSU01;ARTICULOS OFICINA;PAPELERIA Y UTILES;TONER;AOF000521;TONER SPECTRA S-MLT111L ;LEVY MENAHEN MARTINEZ BARAHONA;3;L2,100.00
BSU01;ARTICULOS OFICINA;PAPELERIA Y UTILES;TONER;AOF000788;TONER COMPATIBLE CF258X  LASER JET PRO SUMINISTRO;LEVY MENAHEN MARTINEZ BARAHONA;1;L8,066.67
BSU01;ARTICULOS OFICINA;PAPELERIA Y UTILES;TONER;AOF000816;CAJA DE MANTENIMIENTO IMPRESORA EPSONL6161;SYCOM S.A. DE C.V.;2;L1,208.69
BSU01;ARTICULOS OFICINA;PAPELERIA Y UTILES;TONER;AOF000836;TONERS ORIGINAL 414  COLORES  IMPRESORA LIC GLORIA;LEVY MENAHEN MARTINEZ BARAHONA;3;L12,000.00
BSU01;ARTICULOS OFICINA;PAPELERIA Y UTILES;TONER;AOF000932;TONER CANON GPR-64;MARTHA ELIZABETH HERNANDEZ RODRIGUEZ;4;L11,628.43
BSU01;ARTICULOS OFICINA;PAPELERIA Y UTILES;TONER;AOF000962;TONER CARTRIDGE 137/83 SPS MAYOREO;LEVY MENAHEN MARTINEZ BARAHONA;1;L600.00
BSU01;ARTICULOS OFICINA;PAPELERIA Y UTILES;TONER;AOF001069;SET DE TONER A COLOR GPR-53 ORIGINAL;OFFICE COMPUTERS S. DE R.L.;1;L11,910.00
BSU01;ARTICULOS OFICINA;PAPELERIA Y UTILES;TONER;AOF001148;TONER CF258 SUMINISTROS ;LEVY MENAHEN MARTINEZ BARAHONA;2;L5,000.00
BSU01;ARTICULOS OFICINA;PAPELERIA Y UTILES;TONER;AOF001234;WT-202 TONER RESIDUAL DE ALTA CAPACIDAD ;OFFICE COMPUTERS S. DE R.L.;5;L10,980.75
BSU01;ARTICULOS OFICINA;PAPELERIA Y UTILES;TONER;AOF001245;TONER GENERICO HP W1510X 151X NEGRO;OFFICE COMPUTERS S. DE R.L.;8;L8,784.62
BSU01;ARTICULOS OFICINA;PAPELERIA Y UTILES;TONER;AOF001311;TONER CANON GPR-53 AMARILLO;EQUIPOS Y SISTEMAS S. DE R.L. DE C.V.;3;L8,442.00
BSU01;ARTICULOS OFICINA;PAPELERIA Y UTILES;TONER;AOF001310;TONER CANON GPR-53 MAGENTA;EQUIPOS Y SISTEMAS S. DE R.L. DE C.V.;3;L8,442.00
BSU01;ARTICULOS OFICINA;PAPELERIA Y UTILES;TONER;AOF001309;TONER CANON GPR-53 CYAN;EQUIPOS Y SISTEMAS S. DE R.L. DE C.V.;3;L8,442.00
BSU01;ARTICULOS OFICINA;PAPELERIA Y UTILES;TONER;AOF001308;TONER CANON GPR-53 NEGRO;EQUIPOS Y SISTEMAS S. DE R.L. DE C.V.;3;L5,316.00
BSU01;ARTICULOS OFICINA;PAPELERIA Y UTILES;TONER;AOF001330;TONER HP 230A W2302A AMARILLO LJ PRO 4201 4202;OFFICE COMPUTERS S. DE R.L.;1;L3,722.00
BSU01;ARTICULOS OFICINA;PAPELERIA Y UTILES;TONER;AOF001329;TONER HP 230A W2301A CYAN LJ PRO 4201 4202;OFFICE COMPUTERS S. DE R.L.;1;L3,722.00
BSU01;ARTICULOS OFICINA;PAPELERIA Y UTILES;TONER;AOF001328;TONER HP 230A W2300A NEGRO LJ PRO 4201 4202;OFFICE COMPUTERS S. DE R.L.;1;L3,254.00
BSU01;ARTICULOS OFICINA;PAPELERIA Y UTILES;TONER;AOF001331;TONER HP 230A W2303A MAGENTA LJ PRO 4201 4202;OFFICE COMPUTERS S. DE R.L.;1;L3,722.00
BSU01;ARTICULOS OFICINA;PAPELERIA Y UTILES;VIÑETA;AOF000195;VIÑETAS P/FOLDER SURTIDO DE COLORES;PAPELERA CALPULES S.A. DE C.V.;35;L518.51
BSU01;ARTICULOS OFICINA;PAPELERIA Y UTILES;VIÑETA;AOF000236;ETIQUETA TRIPLE BLANCA PEQUEÑA INVENTARIO USAR;ETIPLAST DE HONDURAS S.A ;24;L1,920.00
BSU01;ARTICULOS OFICINA;PAPELERIA Y UTILES;VIÑETA;AOF000237;ETIQUETA DOBLE BLANCA MATRICULA USAR;ETIPLAST DE HONDURAS S.A ;32;L12,800.00
BSU01;ARTICULOS OFICINA;PAPELERIA Y UTILES;VIÑETA;AOF000493;ETIQUETA DOBLE PMS7604 PERLA ;SIN ESPESIFICAR;1;L428.00
BSU01;ARTICULOS OFICINA;PAPELERIA Y UTILES;VIÑETA;AOF000507;ETIQUETA DOBLE PMS 7452C AZUL TORMENTA;FINOS TEXTILES DE CENTROAMERICA S.A.;12;L7,440.00
BSU01;ARTICULOS OFICINA;PAPELERIA Y UTILES;VIÑETA;AOF000605;ETIQUETA DOBLE AZUL MAR PMS 2975C;FINOS TEXTILES DE CENTROAMERICA S.A.;5;L3,100.00
BSU01;ARTICULOS OFICINA;PAPELERIA Y UTILES;VIÑETA;AOF000606;ETIQ. 0.75¨X4¨TALLA ZAPATO-TRANFER ;FINOS TEXTILES DE CENTROAMERICA S.A.;6;L9,000.00
BSU01;ARTICULOS OFICINA;PAPELERIA Y UTILES;VIÑETA;AOF000619;ETIQUETA DOBLE PMS2297C ;FINOS TEXTILES DE CENTROAMERICA S.A.;2;L1,000.00
BSU01;ARTICULOS OFICINA;PAPELERIA Y UTILES;VIÑETA;AOF000621;ETIQUETA DOBLE PMS5145C;FINOS TEXTILES DE CENTROAMERICA S.A.;3;L1,710.00
BSU01;ARTICULOS OFICINA;PAPELERIA Y UTILES;VIÑETA;AOF000682;ETIQ THERMAL AUTOADHESIVA DOBLE,PMS2407C;FINOS TEXTILES DE CENTROAMERICA S.A.;2;L1,237.78
BSU01;ARTICULOS OFICINA;PAPELERIA Y UTILES;VIÑETA;AOF000766;ETIQUETA THERMAL AUTOADHESIVA DOBLE PMS 7613C;FINOS TEXTILES DE CENTROAMERICA S.A.;5;L3,250.00
BSU01;ARTICULOS OFICINA;PAPELERIA Y UTILES;VIÑETA;AOF000777;ETIQ THERMAL DOBLE COLOR PMS 5865C;FINOS TEXTILES DE CENTROAMERICA S.A.;3;L2,250.00
BSU01;ARTICULOS OFICINA;PAPELERIA Y UTILES;VIÑETA;AOF000782;ETIQUETA TT 3X3 R 1600 C/P C-3;PRODUCT DEPOT S. DE R.L;7;L1,845.09
BSU01;ARTICULOS OFICINA;PAPELERIA Y UTILES;VIÑETA;AOF000784;ETIQUETAS CARTON FUROR 2024 GRANDE BLANCA Y NEGRO;DARLYNG ARACELY PEÑA RAMIREZ;35,279.00;L8,841.62
BSU01;ARTICULOS OFICINA;PAPELERIA Y UTILES;VIÑETA;AOF000799;ROLLO VIÑETA 4*6 1000PCS CHINO;SIN ESPESIFICAR;176;L3,845.44
BSU01;ARTICULOS OFICINA;PAPELERIA Y UTILES;VIÑETA;AOF000818;VIÑETA 3X3 CHINA 2024;SIN ESPESIFICAR;8,922.00;L412,347.00
BSU01;ARTICULOS OFICINA;PAPELERIA Y UTILES;VIÑETA;AOF000908;PAPEL VIÑETA 3X3 CHINA 2024;SIN ESPESIFICAR;939;L12,027.96
BSU01;ARTICULOS OFICINA;PAPELERIA Y UTILES;VIÑETA;AOF000949;VIÑETA TRIPLE 32*18 23537-5 CHINA 2026;SIN ESPESIFICAR;709;L85,021.05
BSU01;ARTICULOS OFICINA;PAPELERIA Y UTILES;VIÑETA;AOF000951;RIBON 11MX300M MS-1103 CHINA 2026 ;SIN ESPESIFICAR;1,181.00;L155,861.18
BSU01;ARTICULOS OFICINA;PAPELERIA Y UTILES;VIÑETA;AOF000955;VIÑETA MEDIANA DOBLE COLOR AZUL 23537-3826-5;SIN ESPESIFICAR;13;L2,156.74
BSU01;ARTICULOS OFICINA;PAPELERIA Y UTILES;VIÑETA;AOF000978;ETIQUETA VALERIA NUEVA ROSADA 2024;DARLYNG ARACELY PEÑA RAMIREZ;13,508.00;L11,481.80
BSU01;ARTICULOS OFICINA;PAPELERIA Y UTILES;VIÑETA;AOF000979;ETIQUETA BESSO NUEVA ROSADA 2024;SIN ESPESIFICAR;34,513.00;L27,610.40
BSU01;ARTICULOS OFICINA;PAPELERIA Y UTILES;VIÑETA;AOF000985;ETIQUETA WESTERN NUEVA 2024;DARLYNG ARACELY PEÑA RAMIREZ;5,091.00;L2,545.50
BSU01;ARTICULOS OFICINA;PAPELERIA Y UTILES;VIÑETA;AOF001025;VIÑETA DOBLE 38*35 INVENTARIO CHINA 2024;SIN ESPESIFICAR;4,348.00;L29,992.72
BSU01;ARTICULOS OFICINA;PAPELERIA Y UTILES;VIÑETA;AOF001096;ETIQUETA CASSIDY COLLECTION CARTON NUEVO 2025 ;DARLYNG ARACELY PEÑA RAMIREZ;7,804.00;L6,633.40
BSU01;ARTICULOS OFICINA;PAPELERIA Y UTILES;VIÑETA;AOF001163;ETIQUETA PARA INVENTARIO GRANDE;ETIPLAST DE HONDURAS S.A ;27;L1,561.62
BSU01;ARTICULOS OFICINA;PAPELERIA Y UTILES;VIÑETA;AOF000950;VIÑETA MEDIANA DOBLE 38*25 MS-46  CHINA 2026;SIN ESPESIFICAR;460;L59,285.37
BSU01;ARTICULOS OFICINA;PAPELERIA Y UTILES;VIÑETA;AOF001317;VIÑETA DOBLE ROSA PASTEL 707U CHINA 2026 USAR;SIN ESPESIFICAR;58;L21,695.02
BSU01;ARTICULOS OFICINA;PAPELERIA Y UTILES;VIÑETA;AOF001319;VIÑETA DOBLE AMARILLO 395U CHINA 2026 USAR ;SIN ESPESIFICAR;60;L22,443.22
BSU01;ARTICULOS OFICINA;PAPELERIA Y UTILES;VIÑETA;AOF001318;VIÑETA DOBLE AZUL 2727U CHINA 2026 USAR;SIN ESPESIFICAR;60;L22,443.22
BSU01;ARTICULOS OFICINA;PAPELERIA Y UTILES;VIÑETA;AOF001320;VIÑETA DOBLE MAGENTA 238U CHINA 2026 USAR ;SIN ESPESIFICAR;60;L22,443.22
BSU01;ARTICULOS OFICINA;PAPELERIA Y UTILES;VIÑETA;AOF001321;VIÑETA DOBLE VERDE 359U CHINA 2026 USAR ;SIN ESPESIFICAR;60;L22,443.22
BSU01;ARTICULOS OFICINA;PAPELERIA Y UTILES;VIÑETA;AOF001322;VIÑETA DOBLE MORADA 2582U CHINA 2026 USAR ;SIN ESPESIFICAR;60;L22,442.95
BSU01;ARTICULOS OFICINA;PAPELERIA Y UTILES;HOJAS BOLANTES;AOF000513;HOJA VOLANTE ;DARLYNG ARACELY PEÑA RAMIREZ;14,000.00;L15,199.94
BSU01;ARTICULOS OFICINA;PAPELERIA Y UTILES;HOJAS BOLANTES;AOF001286;PLANTILLA TROQUELADA REDONDA UNA CARA PROMOCION ;DARLYNG ARACELY PEÑA RAMIREZ;3,000.00;L30,000.00
BSU01;ARTICULOS OFICINA;PAPELERIA Y UTILES;SACAPUNTAS;AOF001293;SACAPUNTA NEX SCHOOL 22077-58 USAR;SIN ESPESIFICAR;37;L40.77
BSU01;ARTICULOS OFICINA;PAPELERIA Y UTILES;REGLAS;AOF001295;REGLA 21875-316-13 USAR ;SIN ESPESIFICAR;5;L34.48
BSU01;ARTICULOS OFICINA;PAPELERIA Y UTILES;REGLAS;AOF001296;REGLA 21875-316-12 USAR ;SIN ESPESIFICAR;2;L34.48
BSU01;ARTICULOS OFICINA;PAPELERIA Y UTILES;REGLAS;AOF001297;REGLA PLASTICA 317-101-22265 ;SIN ESPESIFICAR;12;L46.14
BSU01;ARTICULOS OFICINA;PAPELERIA Y UTILES;REGLAS;AOF001298;REGLA PLASTICA 217-97-22265 USAR;SIN ESPESIFICAR;14;L46.77
BSU01;ARTICULOS OFICINA;PAPELERIA Y UTILES;REGLAS;AOF001299;REGLA 21546-316-10 USAR ;SIN ESPESIFICAR;12;L101.30
BSU01;CARPINTERIA;COMPONENTES;COMPONENTES;CAR000004;CATALIZADOR 730 CUARTOS ;TORNILLOS Y SERVICIOS MULTIPLES LACAST S.A DE C.V;1;L581.14
BSU01;CARPINTERIA;LAMINA CONTRACHAPADO;FIBRAN;CAR000043;LAMINA DENGLAS SECURE 1/2X4X8;POLARIS INTERNACIONAL S. DE R.L.;16;L16,394.97
BSU01;CARPINTERIA;LAMINA CONTRACHAPADO;FIBRAN;CAR000300;MELAMINA TOSCANA 5/8 6X8;MADECENTER HONDURAS S.A.;6;L8,318.47
BSU01;CARPINTERIA;LAMINA CONTRACHAPADO;FIBRAN;CAR003021;VESTO MELAMINA ROBLE CAVA;MADECENTER HONDURAS S.A.;3;L4,200.01
BSU01;CARPINTERIA;LAMINA CONTRACHAPADO;FIBRAN;CAR003070;DURAPLAC MELAMINA LINO CANCUN 6X8 15MM TEXTURA LIS;MADECENTER HONDURAS S.A.;2;L2,521.73
BSU01;CARPINTERIA;LAMINA CONTRACHAPADO;FIBRAN;CAR003105;MELAMINA 5/8X7/8 CHANTILLI;IMPORTADORA DE PRODUCTOS INTERNACIONALES S.A DE CV;2;L3,109.16
BSU01;CARPINTERIA;LAMINA CONTRACHAPADO;FIBRAN;CAR003110;DURAPLAC MELAMINA NOGAL AUSTRIA 6X8 15MM;MADECENTER HONDURAS S.A.;2;L2,521.74
BSU01;CARPINTERIA;LAMINA CONTRACHAPADO;FIBRAN;CAR003035;LAMINA DE FIBRAN 5/8 4X8 LARACH;ALEJANDRO NAPOLEON LARACH LARACH;44;L38,280.00
BSU01;CARPINTERIA;LAMINA CONTRACHAPADO;LAMINA DE FORMICA;CAR000051;LAMINA DE FORMICA BLANCA DE 4X8;ALEJANDRO NAPOLEON LARACH LARACH;1;L647.53
BSU01;CARPINTERIA;LAMINA CONTRACHAPADO;LAMINA DE FORMICA;CAR000053;LAMINA DE FORMICA CEREZO AGRESTE 4X8;CORDILLERA PRODUCTS DE HONDURAS;23;L24,541.21
BSU01;CARPINTERIA;LAMINA CONTRACHAPADO;LAMINA DE FORMICA;CAR000057;LAMINA D/MELAMINA BLANCA 6X8 15MM;MADECENTER HONDURAS S.A.;7;L8,217.40
BSU01;CARPINTERIA;LAMINA CONTRACHAPADO;LAMINA DE FORMICA;CAR000244;LAMINA FORMICA COLORES   4X8;ALEJANDRO NAPOLEON LARACH LARACH;10;L11,555.60
BSU01;CARPINTERIA;LAMINA CONTRACHAPADO;LAMINA DE FORMICA;CAR003015;LAMINA FORMICA AMARILLO ORO;MILTON ALEXANDER FLORES SOTO;16;L14,384.61
BSU01;CARPINTERIA;LAMINA CONTRACHAPADO;LAMINA DE FORMICA;CAR003063;LAM FORMICA AZUL MATE 4X8 (LAPIZ LAZULI MATE);PAPER DEPOT S.A DE C.V;5;L2,921.62
BSU01;CARPINTERIA;LAMINA CONTRACHAPADO;LAMINA DE FORMICA;CAR003064;LAM FORMICA AZUL BRILLANTE 4X8;PAPER DEPOT S.A DE C.V;1;L573.30
BSU01;CARPINTERIA;LAMINA CONTRACHAPADO;LAMINA DE FORMICA;CAR003058;LAM. FORMICA NEGRO MATE 0.6MM 4X8;PAPER DEPOT S.A DE C.V;1;L393.00
BSU01;CARPINTERIA;LAMINA CONTRACHAPADO;LAMINA DE FORMICA;CAR000219;FORMICA NEGRO BRILLANTE ;ALEJANDRO NAPOLEON LARACH LARACH;18;L11,622.24
BSU01;CARPINTERIA;LAMINA CONTRACHAPADO;LAMINA DE FORMICA;CAR000298;FORMICA ROBLE SEPIA ;CORDILLERA PRODUCTS DE HONDURAS;10;L9,321.74
BSU01;CARPINTERIA;LAMINA CONTRACHAPADO;LAMINA DE FORMICA;CAR003068;LAMINA FORMICA GRIS NUBE (PLATINUM BLANCA MATE);CORDILLERA PRODUCTS DE HONDURAS;33;L17,217.39
BSU01;CARPINTERIA;LAMINA CONTRACHAPADO;LAMINA FIBRA;CAR003053;"LAMINA DE CEDRO ORIENTAL DE 5/8"" X4X8PIES";PAPER DEPOT S.A DE C.V;1;L1,186.34
BSU01;CARPINTERIA;LAMINA CONTRACHAPADO;LAMINA FIBRA;CAR003111;MELAMINA ROBLE AHUMADO;MADECENTER HONDURAS S.A.;2;L2,608.70
BSU01;CARPINTERIA;LAMINA CONTRACHAPADO;PLAYWOOD;CAR000037;LAMINA PLYWOOD 1/2;RICARDO JESUS BENDECK TURCIOS;3;L2,488.50
BSU01;CARPINTERIA;LAMINA CONTRACHAPADO;PLAYWOOD;CAR000305;PLYWOOD 4X8X1/4 ;PAPER DEPOT S.A DE C.V;33;L12,507.00
BSU01;CARPINTERIA;MADERA;MADERA;CAR000188;CONTRAMARCO MADERA 4.5X2X39.5X83 8PC;AGENCIA LA MUNDIAL S.A DE C.V;1;L483.48
BSU01;CARPINTERIA;OBJETOS CARPINTERIA;LIJAS;CAR000129;LIJA FANDELI 100 HIERRO NEGRA USAR;DISTRIBUIDORA DE MATERIALES S. DE R.L. DE C.V.;146;L1,535.92
BSU01;CARPINTERIA;OBJETOS CARPINTERIA;LIJAS;CAR000131;LIJA FANDELI #80 ;DISTRIBUIDORA DE MATERIALES S. DE R.L. DE C.V.;2,239.00;L25,603.79
BSU01;CARPINTERIA;OBJETOS CARPINTERIA;LIJAS;CAR000146;LIJA LONA 120 PIE FANDELI;DISTRIBUIDORA DE MATERIALES S. DE R.L. DE C.V.;48;L488.16
BSU01;CARPINTERIA;OBJETOS CARPINTERIA;LIJAS;CAR000150;LIJA FANDELI 360 HIERRO NEGRA;LA PERLA DEL COLOR S DE R.L.;742;L6,373.78
BSU01;CARPINTERIA;OBJETOS CARPINTERIA;LIJAS;CAR000237;LIJA LONA 40 FANDELI;LA PERLA DEL COLOR S DE R.L.;8;L384.32
BSU01;CARPINTERIA;OBJETOS CARPINTERIA;LIJAS;CAR000250;"DISCO LIJA 7X7/8"" 36";NAHUM ALBERTO MENDEZ AGUILERA / PROYECTO;5;L152.14
BSU01;CARPINTERIA;OBJETOS CARPINTERIA;LIJAS;CAR000336;LIJA LONA 100 FANDELI MADERA (PIE);LA PERLA DEL COLOR S DE R.L.;80;L3,976.40
BSU01;CARPINTERIA;OBJETOS CARPINTERIA;LIJAS;CAR003112;LIJA AGUA FANDELI #220 NULL;DISTRIBUIDORA DE MATERIALES S. DE R.L. DE C.V.;46;L448.96
BSU01;CARPINTERIA;OBJETOS CARPINTERIA;LIJAS;CAR000144;LIJA LONA 80 PIE FANDELI USAR;ALEJANDRO NAPOLEON LARACH LARACH;150;L5,833.50
BSU01;COCINA;ENSERES DE HOGAR;DECORACIONES;DEC000167;ESPEJO D/PARED DECORATIVOS OVALADO;SIN ESPESIFICAR;2;L2.00
BSU01;COCINA;ENSERES DE HOGAR;DECORACIONES;DEC000178;MACETERA RECTANGULAR L59XW HOTEL H4 OLANCHITO;SIN ESPESIFICAR;20;L1,658.61
BSU01;COCINA;ENSERES DE HOGAR;DECORACIONES;DEC000196;FLOR ARTIFICIAL 0373-138-1 CHINA 2025 ;SIN ESPESIFICAR;3,000.00;L7,955.67
BSU01;COCINA;ENSERES DE HOGAR;DECORACIONES;DEC000197;FLOR ARTIFICIAL 0373-138-2 CHINA 2025 ;SIN ESPESIFICAR;3,000.00;L9,980.76
BSU01;COCINA;ENSERES DE HOGAR;DECORACIONES;DEC000198;ARBOL CHINO 2025 ARBOL-510;SIN ESPESIFICAR;15;L41,586.53
BSU01;COCINA;ENSERES DE HOGAR;DECORACIONES;DEC000199; FLOR ARTIFIAL DE 3 PCS CHINA 2025 318-1/-2;SIN ESPESIFICAR;120;L85,640.61
BSU01;COCINA;ENSERES DE HOGAR;DECORACIONES;HOG000173;ACCESORIO NEGRO P/BAÑO HOTEL;SIN ESPESIFICAR;1;L1.00
BSU01;COCINA;ENSERES DE HOGAR;DECORACIONES;HOG000175;FUENTES PARA DECORACION HOTEL;SIN ESPESIFICAR;2;L2.00
BSU01;COCINA;ENSERES DE HOGAR;DECORACIONES;HOG000178;MACETERA GRANDE HOTEL;SIN ESPESIFICAR;2;L2.00
BSU01;COCINA;ENSERES DE HOGAR;DECORACIONES;HOG000179;MACETERA MEDIANA HOTEL;SIN ESPESIFICAR;1;L1.00
BSU01;COCINA;ENSERES DE HOGAR;DECORACIONES;HOG000180;MACETERA PEQUEÑA HOTEL;SIN ESPESIFICAR;1;L1.00
BSU01;COCINA;ENSERES DE HOGAR;DECORACIONES;HOG000185;MACETERA DE METAL NEGRA 3 PCZ NEGRO HOTEL;SIN ESPESIFICAR;2;L2.00
BSU01;COCINA;ENSERES DE HOGAR;DECORACIONES;HOG000207;ORGANIZADOR PARA BEBE CHINO 2025;SIN ESPESIFICAR;1;L1,604.52
BSU01;COCINA;ENSERES DE HOGAR;MESAS ;HOG000023;MESA PLASTICA BLANCA YS-240 CHINA 2026 ;SIN ESPESIFICAR;14;L14,910.96
BSU01;COCINA;ENSERES DE HOGAR;MESAS ;HOG000169;CARRITO DE LOBBY 45KGS HOTEL;SIN ESPESIFICAR;3;L3.00
BSU01;COCINA;ENSERES DE HOGAR;MESAS ;HOG000187;JUEGO MESA CON 2 SILLAS HOTEL FLEJEADA ;SIN ESPESIFICAR;2;L2.00
BSU01;COCINA;ENSERES DE HOGAR;MICROONDAS;COC000060;MICROONDA     ;DISTRIBUCIONES UNIVERSALES S.A. DE C.V.;1;L1,245.63
BSU01;COCINA;ENSERES DE HOGAR;OASIS;CON003970;OASIS ELECTRICO CHINA;SIN ESPESIFICAR;4;L4,081.79
BSU01;COCINA;ENSERES DE HOGAR;OASIS;USA000078;OASIS USADO;SIN ESPESIFICAR;2;L2,771.00
BSU01;COCINA;ENSERES DE HOGAR;PERCOLADORAS;COC000079;PERCOLADORA DE 12 TAZAS USAR;AGENCIA LA MUNDIAL S.A DE C.V;2;L1,099.80
BSU01;COCINA;ENSERES DE HOGAR;PLANCHAS;COC000211;PLANCHA DE VAPOR VERTICAL CONAIR PRICESMART;PRICESMART HONDURAS S.A. DE C.V.;5;L12,260.66
BSU01;COCINA;ENSERES DE HOGAR;PLANCHAS;DEC000170;CANDELABRO DECORATIVO;SIN ESPESIFICAR;2;L2.00
BSU01;COCINA;ENSERES DE HOGAR;PLANCHAS;ELE001006;PLANCHA DE ROPA VAPOR CHINA 2024;SIN ESPESIFICAR;1;L291.72
BSU01;COCINA;ENSERES DE HOGAR;SILLAS;AOF001243;SILLA PLASTICA BLANCA YS-4045 CHINA 2026;SIN ESPESIFICAR;97;L24,825.75
BSU01;COCINA;ENSERES DE HOGAR;SILLAS;HOG000131;SILLA D/DESAYUNADOR NEGRA CHINA 2025;SIN ESPESIFICAR;3;L15,901.82
BSU01;COCINA;ENSERES DE HOGAR;SILLAS;HOG000138;SILLA P/DUCHA (USO) CHINA 2025;SIN ESPESIFICAR;1;L1,235.25
BSU01;COCINA;ENSERES DE HOGAR;SILLAS;HOG000174;JUEGO DE MESAS Y SILLAS 3CAJA  HOTEL;SIN ESPESIFICAR;6;L6.00
BSU01;COCINA;ENSERES DE HOGAR;SILLAS;HOG000181;SILLA TRASPARENTE HOTEL;SIN ESPESIFICAR;5;L5.00
BSU01;COCINA;ENSERES DE HOGAR;SILLAS;HOG000183;SILLA PARA PISCINA BLANCA HOTEL;SIN ESPESIFICAR;3;L3.00
BSU01;COCINA;ENSERES DE HOGAR;SILLAS;HOG000184;JUEGO DE MESA Y 4 SILLAS VIDRIO COLOR GRIS HOTEL;SIN ESPESIFICAR;1;L1.00
BSU01;COCINA;ENSERES DE HOGAR;SILLAS;USA000093;USADO SILLA COLOR VERDE ;SIN ESPESIFICAR;1;L400.00
BSU01;COCINA;ENSERES DE HOGAR;UTENSILIO DE COCINA ;COC000119;BOLSA P/CAFE NEGRA TRICAPA CON VALV-GERENCIA;INVERSIONES DEL PLASTICOS S. DE R.L.;1,300.00;L7,150.00
BSU01;COCINA;INSECTICIDAS;TOXICOS;CON004790;WALFIN;SURTIDORA AGROPECUARIA SURTIAGRO;3;L105.00
BSU01;COCINA;UTENSILIOS DE COCINA;DESECHABLES;COC000011;PLATO #6 TERMO PACK DE 25;BODEGA UMANZOR;4;L22.25
BSU01;COCINA;UTENSILIOS DE COCINA;DESECHABLES;COC000014;PLATO PLASTICO #7 NAC.PACK DE 25;BODEGA UMANZOR;1;L7.05
BSU01;COCINA;UTENSILIOS DE COCINA;DESECHABLES;COC000018;SERVILLETA;BODEGA UMANZOR;91;L949.81
BSU01;COCINA;UTENSILIOS DE COCINA;DESECHABLES;COC000034;FILTRO DE PERCOLADORA  PAQ;ALMACEN EL JORDAN S DE R.L;8;L271.28
BSU01;COCINA;UTENSILIOS DE COCINA;DESECHABLES;COC000046;TENEDOR PACK25;BODEGA UMANZOR;40;L397.56
BSU01;COCINA;UTENSILIOS DE COCINA;DESECHABLES;COC000052;CUCHARA  PEQUEÑA PAQUETE;BODEGA UMANZOR;22;L210.43
BSU01;COCINA;UTENSILIOS DE COCINA;DESECHABLES;COC000101;VASO PLASTICO #10;BODEGA UMANZOR;8;L96.70
BSU01;COCINA;UTENSILIOS DE COCINA;DESECHABLES;COC000126;VASO TERMICO #8;BODEGA UMANZOR;5;L56.08
BSU01;COCINA;UTENSILIOS DE COCINA;DESECHABLES;COC000128;PLATO #9 LISO;JOCSAN RUEDA/PROYECTO;39;L439.38
BSU01;COCINA;UTENSILIOS DE COCINA;DESECHABLES;COC000025;VASO CONICO 4.5ONZ UNICUP PAQUETE;INVERSIONES DONCELLA S. DE R.L DE C.V;4;L192.00
BSU01;COCINA;UTENSILIOS DE COCINA;DESECHABLES;CON009996;BARRIL DE 171 LITROS C/TAPADERA;TORNILLOS Y SERVICIOS MULTIPLES LACAST S.A DE C.V;5;L7,608.70
BSU01;COCINA;VIVERES;VIVERES;COC000125;CAFE ORO LBS;BODEGA UMANZOR;9;L1,070.55
BSU01;COCINA;VIVERES;VIVERES;COC000135;FANS CREMORA 35 OZ;BODEGA UMANZOR;1;L166.08
BSU01;COCINA;VIVERES;VIVERES;COC000144;PAQUETE DE AZUCAR EL CAÑAL SOBRES 1/150;INVERSIONES DONCELLA S. DE R.L DE C.V;20;L661.55
BSU01;COCINA;VIVERES;VIVERES;COC000181;BOTELLA DE AGUA PURIFICADA 1/2 LITRO HOTEL;PURIFICADORA DE AGUA OASIS DE VIDA S. DE R.L;794;L5,955.00
BSU01;COCINA;VIVERES;VIVERES;COC000194;BOLSA DE EMPAQUE P/CAFÉ HUGOS 354G CHINA 2025 ;SIN ESPESIFICAR;9,268.00;L90,408.97
BSU01;COCINA;VIVERES;VIVERES;COC000143;DOÑA MATILDE AZUCAR 4lbs 2000gr;BODEGA UMANZOR;11;L626.45
BSU01;COCINA;VIVERES;VIVERES;COC000207;COCA COLA PET BOT. 355ML;BODEGA UMANZOR;48;L816.00
BSU01;CONSTRUCCION;HERRAMIENTAS;CLAVOS;CON000121;CLAVO DE ACERO DE 1 1/2;RICARDO JESUS BENDECK TURCIOS;5;L7.25
BSU01;CONSTRUCCION;HERRAMIENTAS;CLAVOS;CON000124;CLAVO 1 1/2 MEDIA LB C/C;LAURA LETICIA MEJIA PERDOMO;4.4;L0.54
BSU01;CONSTRUCCION;HERRAMIENTAS;CLAVOS;CON001645;"TRUP CLAVOS P/CLAVADORA NEUM 1""";LA PERLA DEL COLOR S DE R.L.;4;L494.84
BSU01;CONSTRUCCION;HERRAMIENTAS;CLAVOS;CON002722;LB CLAVO COMUN DE 2 1/2;FERRETERIA FARAJ. S.A. DE. C.V.;101.15;L1,723.85
BSU01;CONSTRUCCION;HERRAMIENTAS;CLAVOS;CON002829;CLAVO DE ACERO DE 2 1/2 ;MADERAS Y SUMINISTROS OSEGUERA, S.A.;253;L245.92
BSU01;CONSTRUCCION;HERRAMIENTAS;CLAVOS;CON002982;CLAVO DE ACERO 2;FERRETERIA EL BARATILLO S.A;171;L103.73
BSU01;CONSTRUCCION;HERRAMIENTAS;CLAVOS;CON003340;CAJA DE CLAVO DE 2PULG SIN/C;LA PERLA DEL COLOR S DE R.L.;125.65;L2,917.59
BSU01;CONSTRUCCION;HERRAMIENTAS;CLAVOS;CON004635;CLAVO P/CARP 4;NAHUM ALBERTO MENDEZ AGUILERA / PROYECTO;3.8;L95.00
BSU01;CONSTRUCCION;HERRAMIENTAS;CLAVOS;CON006235;"CLAVO DE ACERO 1""/PROYECT";CARLOS ALBERTO URBINA VELASQUEZ/PROYECTO;14;L7.05
BSU01;CONSTRUCCION;HERRAMIENTAS;CLAVOS;CON003855;"CLAVO ACERO 1"" P/TABLA YESO";MADERAS Y SUMINISTROS OSEGUERA, S.A.;10;L7.62
BSU01;CONSTRUCCION;HERRAMIENTAS;CLAVOS;CON002896;"CLAVO DE ACERO 3""";MADERAS Y SUMINISTROS OSEGUERA, S.A.;194;L3,244.94
BSU01;CONSTRUCCION;HERRAMIENTAS;DISCOS CORTE;CON000108;DISCO DEWALT DESBASTE 4-1/2 USAR;RICARDO JESUS BENDECK TURCIOS;17;L640.76
BSU01;CONSTRUCCION;HERRAMIENTAS;DISCOS CORTE;CON000117;DISCO SIERRA CIRCULAR 12;LA PERLA DEL COLOR S DE R.L.;3;L1,374.00
BSU01;CONSTRUCCION;HERRAMIENTAS;DISCOS CORTE;CON001255;DISCO METABO FLEXIARAPID C/METAL 1MM 4 1/2 usar ;REPRESENTANTES Y DISTRIBUIDORES DE MARCAS ;8;L320.13
BSU01;CONSTRUCCION;HERRAMIENTAS;DISCOS CORTE;CON002645;DISCO METABO INOX. 14';RICARDO JESUS BENDECK TURCIOS;9;L1,259.57
BSU01;CONSTRUCCION;HERRAMIENTAS;DISCOS CORTE;CON003186;TRUP DISCO SIERRA 40X71/4 USAR;LA PERLA DEL COLOR S DE R.L.;1;L170.69
BSU01;CONSTRUCCION;HERRAMIENTAS;DISCOS CORTE;CON003662;METABO DISCO LIJA #120 4 1/2 USAR;AGENCIA LA MUNDIAL S.A DE C.V;12;L864.48
BSU01;CONSTRUCCION;HERRAMIENTAS;DISCOS CORTE;CON004729;DISCO N7 METABO CORTAR METAL;FERRETERIA EL BARATILLO S.A;67;L4,856.50
BSU01;CONSTRUCCION;HERRAMIENTAS;DISCOS CORTE;CON006130;DISCO CORT/CONCRETO 4 DIAM;AGENCIA LA MUNDIAL S.A DE C.V;8;L199.60
BSU01;CONSTRUCCION;HERRAMIENTAS;DISCOS CORTE;CON008111;"DISCO PORCELANATO 4""";CENTRO FERRETERO TORNIFESA S. DE R.L DE C.V.;9;L3,221.74
BSU01;CONSTRUCCION;HERRAMIENTAS;HERRAMIENTAS DE CONSTRUCCION;CON000133;TACO METAL M10 #10;RICARDO JESUS BENDECK TURCIOS;7;L95.68
BSU01;CONSTRUCCION;HERRAMIENTAS;HERRAMIENTAS DE CONSTRUCCION;CON000134;PAR DE BISAGRAS HERMEX 4X4  DORADA (PAR);RICARDO JESUS BENDECK TURCIOS;246;L16,728.00
BSU01;CONSTRUCCION;HERRAMIENTAS;HERRAMIENTAS DE CONSTRUCCION;CON000136;HOJA DE SEGUETA 18´´;AGENCIA LA MUNDIAL S.A DE C.V;4;L79.98
BSU01;CONSTRUCCION;HERRAMIENTAS;HERRAMIENTAS DE CONSTRUCCION;CON000139;ESPANSOR PLASTICO #10;SIN ESPESIFICAR;19,713.00;L11,433.54
BSU01;CONSTRUCCION;HERRAMIENTAS;HERRAMIENTAS DE CONSTRUCCION;CON000153;TUERCA 3/8;CIA MERCANTIL LA CASA BLANCA SRL CV;190;L151.99
BSU01;CONSTRUCCION;HERRAMIENTAS;HERRAMIENTAS DE CONSTRUCCION;CON000166;REPUESTO CUCHILLA 18MM 10PCS USAR UND;AGENCIA LA MUNDIAL S.A DE C.V;14;L137.09
BSU01;CONSTRUCCION;HERRAMIENTAS;HERRAMIENTAS DE CONSTRUCCION;CON000176;SEPARADORES DE CERAMICA DE 4MM;NAHUM ALBERTO MENDEZ AGUILERA / PROYECTO;8;L102.97
BSU01;CONSTRUCCION;HERRAMIENTAS;HERRAMIENTAS DE CONSTRUCCION;CON000188;"RODO DE 6 ""HIERRO  FORMA V 1000LB";SIN ESPESIFICAR;4;L1,675.56
BSU01;CONSTRUCCION;HERRAMIENTAS;HERRAMIENTAS DE CONSTRUCCION;CON000191;PASADOR DE 4 DORADO BOXER 21184;AGENCIA LA MUNDIAL S.A DE C.V;11;L266.64
BSU01;CONSTRUCCION;HERRAMIENTAS;HERRAMIENTAS DE CONSTRUCCION;CON000221;EXTENSION PARA TALADRO 3/8 USAR;AGENCIA LA MUNDIAL S.A DE C.V;1;L5.93
BSU01;CONSTRUCCION;HERRAMIENTAS;HERRAMIENTAS DE CONSTRUCCION;CON000246;BROCA P/CONCRETO 5/16X6´´ (M8);CARMELINA VASQUEZ ;2;L59.96
BSU01;CONSTRUCCION;HERRAMIENTAS;HERRAMIENTAS DE CONSTRUCCION;CON000247;BROCA PALETA P/MADERA 1/4;FERRETERIA EL BARATILLO S.A;8;L134.73
BSU01;CONSTRUCCION;HERRAMIENTAS;HERRAMIENTAS DE CONSTRUCCION;CON000258;SIERRA TRUPER P/CALADO UNIDAD H SEGUETA;FERRETERIA ZUMMAR S.A DE C.V.;2;L122.80
BSU01;CONSTRUCCION;HERRAMIENTAS;HERRAMIENTAS DE CONSTRUCCION;CON000278;ACCES MADERA LLAVIN GAVETA FORRO NEGRO USAR;LA PERLA DEL COLOR S DE R.L.;287;L12,628.00
BSU01;CONSTRUCCION;HERRAMIENTAS;HERRAMIENTAS DE CONSTRUCCION;CON000294;ACOPLE MACHO TRUPER;CENTRAL DE MANGUERAS S.A;1;L108.55
BSU01;CONSTRUCCION;HERRAMIENTAS;HERRAMIENTAS DE CONSTRUCCION;CON000304;BISAGRA ESCONDIDA HERMEX PEQ431;LA PERLA DEL COLOR S DE R.L.;37;L1,274.65
BSU01;CONSTRUCCION;HERRAMIENTAS;HERRAMIENTAS DE CONSTRUCCION;CON000357;ARANDELA PLANA GALV 3/8;CENTRO FERRETERO TORNIFESA S. DE R.L DE C.V.;379;L299.53
BSU01;CONSTRUCCION;HERRAMIENTAS;HERRAMIENTAS DE CONSTRUCCION;CON000358;LIMA PLANA DE 6;AGENCIA LA MUNDIAL S.A DE C.V;16;L293.64
BSU01;CONSTRUCCION;HERRAMIENTAS;HERRAMIENTAS DE CONSTRUCCION;CON000374;EXPANSOR METALICO M8;AGENCIA LA MUNDIAL S.A DE C.V;1;L4.82
BSU01;CONSTRUCCION;HERRAMIENTAS;HERRAMIENTAS DE CONSTRUCCION;CON000378;EXPANSOR S8 S/TORNILLO;JOSE LUIS TEJEDA SOTO;20;L9.65
BSU01;CONSTRUCCION;HERRAMIENTAS;HERRAMIENTAS DE CONSTRUCCION;CON000385;SEPARADORES DE 6´´;AGENCIA LA MUNDIAL S.A DE C.V;1;L11.08
BSU01;CONSTRUCCION;HERRAMIENTAS;HERRAMIENTAS DE CONSTRUCCION;CON000389;SACO LISO C/ROJO ;SACOS AMERICANOS S.A DE C.V ;1,450.00;L11,455.15
BSU01;CONSTRUCCION;HERRAMIENTAS;HERRAMIENTAS DE CONSTRUCCION;CON000395;DESATORADOR D/CAñERIA;AGENCIA LA MUNDIAL S.A DE C.V;11;L774.18
BSU01;CONSTRUCCION;HERRAMIENTAS;HERRAMIENTAS DE CONSTRUCCION;CON000396;TOPE PUERTA P/PHILLIPS;NAHUM ALBERTO MENDEZ AGUILERA / PROYECTO;1;L82.97
BSU01;CONSTRUCCION;HERRAMIENTAS;HERRAMIENTAS DE CONSTRUCCION;CON000405;BOMBA P/BICI PLASTICA NEGRA S265A;SIN ESPESIFICAR;5;L139.15
BSU01;CONSTRUCCION;HERRAMIENTAS;HERRAMIENTAS DE CONSTRUCCION;CON000415;"CINTURON C/TIRANTES FAJA/SEQURIDAD T""L""";AGENCIA GLOBAL;10;L1,965.20
BSU01;CONSTRUCCION;HERRAMIENTAS;HERRAMIENTAS DE CONSTRUCCION;CON000417;"CINTURON C/TIRANTES FAJA/SEGURIDAD T.""S""";AGENCIA GLOBAL;2;L338.13
BSU01;CONSTRUCCION;HERRAMIENTAS;HERRAMIENTAS DE CONSTRUCCION;CON000426;CANDADO YALE 60MM USAR;AGENCIA LA MUNDIAL S.A DE C.V;4;L1,234.20
BSU01;CONSTRUCCION;HERRAMIENTAS;HERRAMIENTAS DE CONSTRUCCION;CON001175;GENERADOR ENERGIA VORTTEK 7.5KWDISEL 240 120V TRF ;SYCOM S.A. DE C.V.;1;L23,913.05
BSU01;CONSTRUCCION;HERRAMIENTAS;HERRAMIENTAS DE CONSTRUCCION;CON001303;PEDESTAL VECTOR ACRILICO 8.2MHZ RF;SISTEMA DE SEGURIDAD PREVENTIVA ELECTRONICA S DE R;3;L113,250.00
BSU01;CONSTRUCCION;HERRAMIENTAS;HERRAMIENTAS DE CONSTRUCCION;CON001358;BATERIA NS40L 400CCCA 65 AMP GENERADOR ;DURAMAX BATTERY S DE R.L;4;L7,826.08
BSU01;CONSTRUCCION;HERRAMIENTAS;HERRAMIENTAS DE CONSTRUCCION;CON001362;TACO  S10;RAMIRO CARDENAS/PROYECTOS;10;L50.00
BSU01;CONSTRUCCION;HERRAMIENTAS;HERRAMIENTAS DE CONSTRUCCION;CON001396;CANDADO M/ YALE 25MM USAR                   ;AGENCIA LA MUNDIAL S.A DE C.V;8;L765.92
BSU01;CONSTRUCCION;HERRAMIENTAS;HERRAMIENTAS DE CONSTRUCCION;CON001404;MANGUERA FLEXIBLE P/LAVADO              ;AGENCIA LA MUNDIAL S.A DE C.V;1;L68.07
BSU01;CONSTRUCCION;HERRAMIENTAS;HERRAMIENTAS DE CONSTRUCCION;CON001447;TRUP MANGUERA COMPRESOR 3/8X49FT 15M    ;LA PERLA DEL COLOR S DE R.L.;2;L1,373.76
BSU01;CONSTRUCCION;HERRAMIENTAS;HERRAMIENTAS DE CONSTRUCCION;CON001509;LLAVE P/LAVABO FOSET SECILLA PERILLA    ;RICARDO JESUS BENDECK TURCIOS;2;L237.02
BSU01;CONSTRUCCION;HERRAMIENTAS;HERRAMIENTAS DE CONSTRUCCION;CON001748;TUERCA RG 1/4 ;LA PERLA DEL COLOR S DE R.L.;24;L34.56
BSU01;CONSTRUCCION;HERRAMIENTAS;HERRAMIENTAS DE CONSTRUCCION;CON001749;ARANDELA PLANA GALV. 1/4 ;TORNILLOS Y SERVICIOS MULTIPLES LACAST S.A DE C.V;50;L22.66
BSU01;CONSTRUCCION;HERRAMIENTAS;HERRAMIENTAS DE CONSTRUCCION;CON001770;"CUBO STANLEY 12P C 1/2""X16MM 4-88-788";SIN ESPESIFICAR;1;L38.69
BSU01;CONSTRUCCION;HERRAMIENTAS;HERRAMIENTAS DE CONSTRUCCION;CON001808;"BROCA PALETA P/MADERA 1/2""";LA PERLA DEL COLOR S DE R.L.;2;L68.20
BSU01;CONSTRUCCION;HERRAMIENTAS;HERRAMIENTAS DE CONSTRUCCION;CON001881;CODAL PARA ALBAÑILERIA;AGENCIA LA MUNDIAL S.A DE C.V;2;L96.90
BSU01;CONSTRUCCION;HERRAMIENTAS;HERRAMIENTAS DE CONSTRUCCION;CON001982;CUBO M/TOLSEN P/CANDELA T/INDUSTRIAL 1/2X5/8;SIN ESPESIFICAR;3;L112.17
BSU01;CONSTRUCCION;HERRAMIENTAS;HERRAMIENTAS DE CONSTRUCCION;CON002002;TACO D/METAL M12#12;TORNILLOS Y SERVICIOS MULTIPLES LACAST S.A DE C.V;25;L1,000.00
BSU01;CONSTRUCCION;HERRAMIENTAS;HERRAMIENTAS DE CONSTRUCCION;CON002152;TERMINAL DE OJO DE 1/0;DISTRIBUIDORA INDUSTRIAL S.A. DE C.V.;4;L144.08
BSU01;CONSTRUCCION;HERRAMIENTAS;HERRAMIENTAS DE CONSTRUCCION;CON002213;CANDADO DE BRONCE 60MM;ALEJANDRO NAPOLEON LARACH LARACH;2;L670.64
BSU01;CONSTRUCCION;HERRAMIENTAS;HERRAMIENTAS DE CONSTRUCCION;CON002313;JUEGO DE 10 LLAVES COMBINADA ;EQUIPOS INDUSTRIALES S.A. DE C.V;1;L2,350.00
BSU01;CONSTRUCCION;HERRAMIENTAS;HERRAMIENTAS DE CONSTRUCCION;CON002342;BROCA PLANA 1 P/MADERA;ALEJANDRO NAPOLEON LARACH LARACH;1;L48.14
BSU01;CONSTRUCCION;HERRAMIENTAS;HERRAMIENTAS DE CONSTRUCCION;CON002379;CABULLA BOLLA GRANDE;LUIS ENRIQUE MUNGUIA/PROYECTO;5;L125.00
BSU01;CONSTRUCCION;HERRAMIENTAS;HERRAMIENTAS DE CONSTRUCCION;CON002663;AUTOMO AXALTA CROMACLEAR;LA PERLA DEL COLOR S DE R.L.;2;L3,204.81
BSU01;CONSTRUCCION;HERRAMIENTAS;HERRAMIENTAS DE CONSTRUCCION;CON002664;AUTOMO AXALTA CATALIZADOR;LA PERLA DEL COLOR S DE R.L.;2;L2,061.97
BSU01;CONSTRUCCION;HERRAMIENTAS;HERRAMIENTAS DE CONSTRUCCION;CON002673;PICO PIOCHA C/ MANGO;NAHUM ALBERTO MENDEZ AGUILERA / PROYECTO;1;L336.55
BSU01;CONSTRUCCION;HERRAMIENTAS;HERRAMIENTAS DE CONSTRUCCION;CON002726;LLAVE MIXTA 12PC 6-32MM TOTAL ;AGENCIA LA MUNDIAL S.A DE C.V;1;L503.86
BSU01;CONSTRUCCION;HERRAMIENTAS;HERRAMIENTAS DE CONSTRUCCION;CON002743;GRAPA P/ VARILLA ;CIA MERCANTIL LA CASA BLANCA SRL CV;2;L40.00
BSU01;CONSTRUCCION;HERRAMIENTAS;HERRAMIENTAS DE CONSTRUCCION;CON002773;SPOT LED 9W 6´´ 6500K;CIA MERCANTIL LA CASA BLANCA SRL CV;5;L320.00
BSU01;CONSTRUCCION;HERRAMIENTAS;HERRAMIENTAS DE CONSTRUCCION;CON002832;"TUBO 1X1 3/4 MF 19´ 8"" LIVIANO ";DANILO GARCIA/PROYECTOS;11;L3,440.57
BSU01;CONSTRUCCION;HERRAMIENTAS;HERRAMIENTAS DE CONSTRUCCION;CON002846;BROCHA 3;TORNILLOS Y SERVICIOS MULTIPLES LACAST S.A DE C.V;9;L352.23
BSU01;CONSTRUCCION;HERRAMIENTAS;HERRAMIENTAS DE CONSTRUCCION;CON002927;JAMO GRIS BOLSA 50LBS;RICARDO JESUS BENDECK TURCIOS;16;L2,962.71
BSU01;CONSTRUCCION;HERRAMIENTAS;HERRAMIENTAS DE CONSTRUCCION;CON002938;BREAKER BTICINO 1X15A;CORPORACION PINEDA S. DE R.L. DE C.V.;2;L208.70
BSU01;CONSTRUCCION;HERRAMIENTAS;HERRAMIENTAS DE CONSTRUCCION;CON002993;"LLAVE LAVABO 4"" CORONA";AGENCIA LA MUNDIAL S.A DE C.V;1;L214.76
BSU01;CONSTRUCCION;HERRAMIENTAS;HERRAMIENTAS DE CONSTRUCCION;CON003017;VIK ESCUADRA METAL 8X10 GRIS PAR;NAHUM ALBERTO MENDEZ AGUILERA / PROYECTO;2;L36.00
BSU01;CONSTRUCCION;HERRAMIENTAS;HERRAMIENTAS DE CONSTRUCCION;CON003018;VIK ESCUADRA METAL 10X12 GRIS PAR;NAHUM ALBERTO MENDEZ AGUILERA / PROYECTO;1;L39.15
BSU01;CONSTRUCCION;HERRAMIENTAS;HERRAMIENTAS DE CONSTRUCCION;CON003130;PINT SPRAY ROJO;AGENCIA LA MUNDIAL S.A DE C.V;20;L682.60
BSU01;CONSTRUCCION;HERRAMIENTAS;HERRAMIENTAS DE CONSTRUCCION;CON003136;BOLSA LIMPIAR EVAPS TIPO PARED 18K A 36K;FRIOPARTES S A DE C.V.;1;L200.00
BSU01;CONSTRUCCION;HERRAMIENTAS;HERRAMIENTAS DE CONSTRUCCION;CON003285;ESPATULA RASPAR PARED 2;AGENCIA LA MUNDIAL S.A DE C.V;5;L57.20
BSU01;CONSTRUCCION;HERRAMIENTAS;HERRAMIENTAS DE CONSTRUCCION;CON003318;SILICON TUBO ABRO TRANSPARENTE USAR ;AGENCIA LA MUNDIAL S.A DE C.V;7;L440.16
BSU01;CONSTRUCCION;HERRAMIENTAS;HERRAMIENTAS DE CONSTRUCCION;CON003322;CORTADORA ELECTRICA D/ CERAMICA M/ TRUPER D/ 4 1/2;FERRETERIA EL BARATILLO S.A;1;L1,730.44
BSU01;CONSTRUCCION;HERRAMIENTAS;HERRAMIENTAS DE CONSTRUCCION;CON003357;PLANA C/ ESPONJA ;TORNILLOS Y SERVICIOS MULTIPLES LACAST S.A DE C.V;2;L192.17
BSU01;CONSTRUCCION;HERRAMIENTAS;HERRAMIENTAS DE CONSTRUCCION;CON003378;ABRAZADERA EMT 1/2;CIA MERCANTIL LA CASA BLANCA SRL CV;188;L114.22
BSU01;CONSTRUCCION;HERRAMIENTAS;HERRAMIENTAS DE CONSTRUCCION;CON003388;ADHESIVO DE 1 GL PARA MANTA;TUBELITE CENTROAMERICA S.A.;6;L3,894.90
BSU01;CONSTRUCCION;HERRAMIENTAS;HERRAMIENTAS DE CONSTRUCCION;CON003425;BROCA CONCRETO 3/8X12 DWALT;NAHUM ALBERTO MENDEZ AGUILERA / PROYECTO;1;L73.00
BSU01;CONSTRUCCION;HERRAMIENTAS;HERRAMIENTAS DE CONSTRUCCION;CON003426;MULTIMETRO DIGITAL C/TEN SU MANTTO ;AGENCIA LA MUNDIAL S.A DE C.V;1;L237.02
BSU01;CONSTRUCCION;HERRAMIENTAS;HERRAMIENTAS DE CONSTRUCCION;CON003428;CUBO 5/16 P/TALADRO USAR;NAHUM ALBERTO MENDEZ AGUILERA / PROYECTO;1;L17.76
BSU01;CONSTRUCCION;HERRAMIENTAS;HERRAMIENTAS DE CONSTRUCCION;CON003431;RESORTE P/ CORTINA 1.4MMX50MM .3692 LB/PIE;INDUSTRIA DE PRODUCTOS METALICOS S.A DE C.V;100;L3,698.08
BSU01;CONSTRUCCION;HERRAMIENTAS;HERRAMIENTAS DE CONSTRUCCION;CON003445;CONECTOR LT RECTO 3;DISTRIBUIDORA INDUSTRIAL S.A. DE C.V.;13;L3,701.49
BSU01;CONSTRUCCION;HERRAMIENTAS;HERRAMIENTAS DE CONSTRUCCION;CON003446;PERNO CARRO 3/8X5;LA PERLA DEL COLOR S DE R.L.;46;L787.52
BSU01;CONSTRUCCION;HERRAMIENTAS;HERRAMIENTAS DE CONSTRUCCION;CON003458;LLAVES ALLEN 9PC 1.5 10MM TOTAL;AGENCIA LA MUNDIAL S.A DE C.V;1;L70.48
BSU01;CONSTRUCCION;HERRAMIENTAS;HERRAMIENTAS DE CONSTRUCCION;CON003488;JUEGO ABOCINADOR 3/16 5/8 STANL;AGENCIA LA MUNDIAL S.A DE C.V;1;L327.55
BSU01;CONSTRUCCION;HERRAMIENTAS;HERRAMIENTAS DE CONSTRUCCION;CON003489;CINTA METRICA LASER 0.5+60MT TOTAL;AGENCIA LA MUNDIAL S.A DE C.V;1;L887.00
BSU01;CONSTRUCCION;HERRAMIENTAS;HERRAMIENTAS DE CONSTRUCCION;CON003492;GUANTE PVC L GRASE MONKEY;AGENCIA GLOBAL;1;L120.65
BSU01;CONSTRUCCION;HERRAMIENTAS;HERRAMIENTAS DE CONSTRUCCION;CON003567;AQUA RESLIN 1 LITRO;ESENCIAS NATURALES S. DE R.L.;3;L2,250.00
BSU01;CONSTRUCCION;HERRAMIENTAS;HERRAMIENTAS DE CONSTRUCCION;CON003570;CUBETA FINAL 4LB;ESENCIAS NATURALES S. DE R.L.;1;L1,150.00
BSU01;CONSTRUCCION;HERRAMIENTAS;HERRAMIENTAS DE CONSTRUCCION;CON003602;TUBO PVC POT 25MM 1X6MTS SDR26 / PROYEC;LUIS ENRIQUE MUNGUIA/PROYECTO;2;L269.00
BSU01;CONSTRUCCION;HERRAMIENTAS;HERRAMIENTAS DE CONSTRUCCION;CON003661;BROCA HIERRO 3/16;AGENCIA LA MUNDIAL S.A DE C.V;11;L177.51
BSU01;CONSTRUCCION;HERRAMIENTAS;HERRAMIENTAS DE CONSTRUCCION;CON003747;NIVELADOR PL STICO 35MM ROSCA NEGRO;MADECENTER HONDURAS S.A.;89;L1,547.83
BSU01;CONSTRUCCION;HERRAMIENTAS;HERRAMIENTAS DE CONSTRUCCION;CON003754;ABRAZADERA EMT DOBLE TAPA 2;DISTRIBUIDORA INDUSTRIAL S.A. DE C.V.;17;L107.61
BSU01;CONSTRUCCION;HERRAMIENTAS;HERRAMIENTAS DE CONSTRUCCION;CON004011;FELPA RODILLO 4X3/8 VIKI;JOCSAN RUEDA/PROYECTO;1;L11.64
BSU01;CONSTRUCCION;HERRAMIENTAS;HERRAMIENTAS DE CONSTRUCCION;CON004055;RUEDA 13X3.5 EJE 5/8  GENERADOR ;ALEJANDRO NAPOLEON LARACH LARACH;2;L2,215.56
BSU01;CONSTRUCCION;HERRAMIENTAS;HERRAMIENTAS DE CONSTRUCCION;CON004183;BATERIA INALAMBRICA 20V 4A TOTAL;AGENCIA LA MUNDIAL S.A DE C.V;1;L684.66
BSU01;CONSTRUCCION;HERRAMIENTAS;HERRAMIENTAS DE CONSTRUCCION;CON004184;CARGADOR BAT GENE 20V 4A TOTAL;AGENCIA LA MUNDIAL S.A DE C.V;1;L202.15
BSU01;CONSTRUCCION;HERRAMIENTAS;HERRAMIENTAS DE CONSTRUCCION;CON004185;PISTOLA CLAVADORA INAL 20V TOTAL;AGENCIA LA MUNDIAL S.A DE C.V;1;L2,821.74
BSU01;CONSTRUCCION;HERRAMIENTAS;HERRAMIENTAS DE CONSTRUCCION;CON004284;TRUP DISCO SIERRA 60X7-1/4 USAR;LA PERLA DEL COLOR S DE R.L.;5;L853.45
BSU01;CONSTRUCCION;HERRAMIENTAS;HERRAMIENTAS DE CONSTRUCCION;CON004325;SEPARADORES P/CERAMICA DE 3MM 100PC;AGENCIA LA MUNDIAL S.A DE C.V;4;L32.72
BSU01;CONSTRUCCION;HERRAMIENTAS;HERRAMIENTAS DE CONSTRUCCION;CON004348;SERRUCHO COLA DE ZORRO;AGENCIA LA MUNDIAL S.A DE C.V;1;L69.16
BSU01;CONSTRUCCION;HERRAMIENTAS;HERRAMIENTAS DE CONSTRUCCION;CON004472;CARGADOR AUTOMATICO 10A 6V12V P/GENERADOR ;AGENCIA LA MUNDIAL S.A DE C.V;2;L3,513.16
BSU01;CONSTRUCCION;HERRAMIENTAS;HERRAMIENTAS DE CONSTRUCCION;CON004474;ESPONJA MULTIUSOS ;RICARDO JESUS BENDECK TURCIOS;1;L20.00
BSU01;CONSTRUCCION;HERRAMIENTAS;HERRAMIENTAS DE CONSTRUCCION;CON004527;BOMBA P/BARRIL MANUAL C/PAL;AGENCIA LA MUNDIAL S.A DE C.V;1;L407.50
BSU01;CONSTRUCCION;HERRAMIENTAS;HERRAMIENTAS DE CONSTRUCCION;CON004555;BATERIA P/TALADRO INALA 20V 4A DEW;AGENCIA LA MUNDIAL S.A DE C.V;1;L2,083.34
BSU01;CONSTRUCCION;HERRAMIENTAS;HERRAMIENTAS DE CONSTRUCCION;CON004586;LIJA 80 CHINA 2024;SIN ESPESIFICAR;3,736.00;L7,009.03
BSU01;CONSTRUCCION;HERRAMIENTAS;HERRAMIENTAS DE CONSTRUCCION;CON004618;SIERRA MANUAL CHINA 2024;SIN ESPESIFICAR;8;L4,249.17
BSU01;CONSTRUCCION;HERRAMIENTAS;HERRAMIENTAS DE CONSTRUCCION;CON004620;TALADRO ALAMBRICO ROTAMARTILLO CHINA 2024;SIN ESPESIFICAR;8;L6,031.08
BSU01;CONSTRUCCION;HERRAMIENTAS;HERRAMIENTAS DE CONSTRUCCION;CON004621;TALADRO MADRIL INALAMBRICO CHINA 2024;SIN ESPESIFICAR;12;L11,513.92
BSU01;CONSTRUCCION;HERRAMIENTAS;HERRAMIENTAS DE CONSTRUCCION;CON004622;TOPE 3 PIE DE LARGO CHINA 2024;SIN ESPESIFICAR;30;L3,289.70
BSU01;CONSTRUCCION;HERRAMIENTAS;HERRAMIENTAS DE CONSTRUCCION;CON004627;CABULLA CHINA 2026;SIN ESPESIFICAR;1,014.00;L56,812.03
BSU01;CONSTRUCCION;HERRAMIENTAS;HERRAMIENTAS DE CONSTRUCCION;CON004658;TORNILLO C/ ARANDELA PUNTA FINA 1/2;RICARDO JESUS BENDECK TURCIOS;409;L204.50
BSU01;CONSTRUCCION;HERRAMIENTAS;HERRAMIENTAS DE CONSTRUCCION;CON004676;PERNO DE CARRETERA/OJO DE GATO BLANCO CHINA 2024;SIN ESPESIFICAR;200;L2,604.41
BSU01;CONSTRUCCION;HERRAMIENTAS;HERRAMIENTAS DE CONSTRUCCION;CON004677;PERNO DE CARRETERA/OJO DE GATO AMARILLO CHINA 2024;SIN ESPESIFICAR;200;L3,426.72
BSU01;CONSTRUCCION;HERRAMIENTAS;HERRAMIENTAS DE CONSTRUCCION;CON004709;TROCO LLANTA SOLIDA PRETUL CAPAC. 992LBS 450GLOBAL;AGENCIA GLOBAL;1;L3,187.00
BSU01;CONSTRUCCION;HERRAMIENTAS;HERRAMIENTAS DE CONSTRUCCION;CON004815;PULIDORA P/CARRO 5 120W ORBITAL  ACM;AGENCIA LA MUNDIAL S.A DE C.V;1;L1,543.91
BSU01;CONSTRUCCION;HERRAMIENTAS;HERRAMIENTAS DE CONSTRUCCION;CON004850;CILINDRO DE 100 LIBRAS ;AGENCIA LA MUNDIAL S.A DE C.V;7;L16,625.70
BSU01;CONSTRUCCION;HERRAMIENTAS;HERRAMIENTAS DE CONSTRUCCION;CON004853;PISTOLA DE ANTIGRAVA;DISTRIBUIDORA DE MATERIALES S. DE R.L. DE C.V.;2;L1.00
BSU01;CONSTRUCCION;HERRAMIENTAS;HERRAMIENTAS DE CONSTRUCCION;CON004855;PISTOLA HVLP 1.4 MM AZUL;DISTRIBUIDORA DE MATERIALES S. DE R.L. DE C.V.;1;L0.00
BSU01;CONSTRUCCION;HERRAMIENTAS;HERRAMIENTAS DE CONSTRUCCION;CON004856;PISTOLA HVLP 2.0 MM ROJA;DISTRIBUIDORA DE MATERIALES S. DE R.L. DE C.V.;5;L0.67
BSU01;CONSTRUCCION;HERRAMIENTAS;HERRAMIENTAS DE CONSTRUCCION;CON004877;CILINDRO P/GAS 100 LB;AGENCIA LA MUNDIAL S.A DE C.V;6;L14,250.60
BSU01;CONSTRUCCION;HERRAMIENTAS;HERRAMIENTAS DE CONSTRUCCION;CON004911;SEPARADORES P/CERAMICA DE 2MM ;PAPER DEPOT S.A DE C.V;5;L87.10
BSU01;CONSTRUCCION;HERRAMIENTAS;HERRAMIENTAS DE CONSTRUCCION;CON005012;TERMINAL DE OJO LARGA 3/0;DISTRIBUIDORA INDUSTRIAL S.A. DE C.V.;9;L547.64
BSU01;CONSTRUCCION;HERRAMIENTAS;HERRAMIENTAS DE CONSTRUCCION;CON005013;TERMINAL DE OJO LARGA 2/0;DISTRIBUIDORA INDUSTRIAL S.A. DE C.V.;4;L196.75
BSU01;CONSTRUCCION;HERRAMIENTAS;HERRAMIENTAS DE CONSTRUCCION;CON005051;EXTENCION MAGNETICA P/PUNTAS DE TALADRO;TORNILLOS Y SERVICIOS MULTIPLES LACAST S.A DE C.V;11;L597.68
BSU01;CONSTRUCCION;HERRAMIENTAS;HERRAMIENTAS DE CONSTRUCCION;CON006003;BROCA P/CERAMICA  5/16;TORNILLOS Y SERVICIOS MULTIPLES LACAST S.A DE C.V;4;L400.00
BSU01;CONSTRUCCION;HERRAMIENTAS;HERRAMIENTAS DE CONSTRUCCION;CON006086;EMPAQUE VINILIO P/MANGUERA 10PC;TORNILLOS Y SERVICIOS MULTIPLES LACAST S.A DE C.V;2;L80.57
BSU01;CONSTRUCCION;HERRAMIENTAS;HERRAMIENTAS DE CONSTRUCCION;CON006184;BROCA CONCRETO 5/8;AGENCIA LA MUNDIAL S.A DE C.V;1;L162.65
BSU01;CONSTRUCCION;HERRAMIENTAS;HERRAMIENTAS DE CONSTRUCCION;CON006191;CINCEL PLANO 40MMX14;AGENCIA LA MUNDIAL S.A DE C.V;10;L275.93
BSU01;CONSTRUCCION;HERRAMIENTAS;HERRAMIENTAS DE CONSTRUCCION;CON006203;"ESCALERA DE 6"" FIBRA DE VIDRIO CHINA 2025";SIN ESPESIFICAR;28;L69,248.06
BSU01;CONSTRUCCION;HERRAMIENTAS;HERRAMIENTAS DE CONSTRUCCION;CON006207;RODO GIRATORIO 50X21MM C/F;TORNILLOS Y SERVICIOS MULTIPLES LACAST S.A DE C.V;31;L693.16
BSU01;CONSTRUCCION;HERRAMIENTAS;HERRAMIENTAS DE CONSTRUCCION;CON006290;YEE PVC DE 3 PULG USAR ;CARLOS ALBERTO URBINA VELASQUEZ/PROYECTO;5;L560.00
BSU01;CONSTRUCCION;HERRAMIENTAS;HERRAMIENTAS DE CONSTRUCCION;CON006300;BOQUILLA P/AIRE 1/4 METAL;AGENCIA LA MUNDIAL S.A DE C.V;7;L556.99
BSU01;CONSTRUCCION;HERRAMIENTAS;HERRAMIENTAS DE CONSTRUCCION;CON006301;BROCA CONCRETO 3/4X12 DEWALT ;AGENCIA LA MUNDIAL S.A DE C.V;3;L560.13
BSU01;CONSTRUCCION;HERRAMIENTAS;HERRAMIENTAS DE CONSTRUCCION;CON006338;CINTA REFLECTIVA AMARILLA 3M (2X150 PIES);AGENCIA LA MUNDIAL S.A DE C.V;72;L1,019.52
BSU01;CONSTRUCCION;HERRAMIENTAS;HERRAMIENTAS DE CONSTRUCCION;CON006490;BARRA HEXAGONAL 7/81M ;AGENCIA LA MUNDIAL S.A DE C.V;1;L316.02
BSU01;CONSTRUCCION;HERRAMIENTAS;HERRAMIENTAS DE CONSTRUCCION;CON006667;TOPE 2 7/8 P PUERTA CLAVO  ;PAPER DEPOT S.A DE C.V;8;L419.20
BSU01;CONSTRUCCION;HERRAMIENTAS;HERRAMIENTAS DE CONSTRUCCION;CON006719;PORTAEQUIPAJES GRANDE USO HOTEL CHINA 2024;SIN ESPESIFICAR;2;L5,031.35
BSU01;CONSTRUCCION;HERRAMIENTAS;HERRAMIENTAS DE CONSTRUCCION;CON006720;PORTAEQUIPAJES PEQUEÑO HO-001/CHINA 2024;SIN ESPESIFICAR;1;L5,613.95
BSU01;CONSTRUCCION;HERRAMIENTAS;HERRAMIENTAS DE CONSTRUCCION;CON006722;PORTAEQUIPAJES G-114 CHINA 2024 USO HOTEL;SIN ESPESIFICAR;9;L10,496.40
BSU01;CONSTRUCCION;HERRAMIENTAS;HERRAMIENTAS DE CONSTRUCCION;CON006761;BALINERA P/TROCO UND;TORNILLOS Y SERVICIOS MULTIPLES LACAST S.A DE C.V;2;L104.35
BSU01;CONSTRUCCION;HERRAMIENTAS;HERRAMIENTAS DE CONSTRUCCION;CON006780;SOLDADORA ELEC INVE 160A 110V/220V TOTAL;AGENCIA LA MUNDIAL S.A DE C.V;1;L2,144.22
BSU01;CONSTRUCCION;HERRAMIENTAS;HERRAMIENTAS DE CONSTRUCCION;CON006906;"BROCHA P/PINTURA 2"" CHINA 2024";SIN ESPESIFICAR;518;L1,420.62
BSU01;CONSTRUCCION;HERRAMIENTAS;HERRAMIENTAS DE CONSTRUCCION;CON006912;CANDADO 50MM 13403-615-2B CHINA 2024 CAJA ROJA ;SIN ESPESIFICAR;1;L18.16
BSU01;CONSTRUCCION;HERRAMIENTAS;HERRAMIENTAS DE CONSTRUCCION;CON006915;LENTES D/SEGURIDAD OSCUROS CHINA 2024 (14972-615-1;SIN ESPESIFICAR;983;L9,823.25
BSU01;CONSTRUCCION;HERRAMIENTAS;HERRAMIENTAS DE CONSTRUCCION;CON006931;BOMBA P/INFLAR COLCHON PROYECTOS;RAMIRO CARDENAS/PROYECTOS;1;L115.00
BSU01;CONSTRUCCION;HERRAMIENTAS;HERRAMIENTAS DE CONSTRUCCION;CON006973;MASKING VERDE 1.8CM*20 CHINO 2024  ;SIN ESPESIFICAR;14,182.00;L52,780.87
BSU01;CONSTRUCCION;HERRAMIENTAS;HERRAMIENTAS DE CONSTRUCCION;CON006974;MASKING VERDE 2.4CM*20 CHINO 2024 ;SIN ESPESIFICAR;7,915.00;L38,809.30
BSU01;CONSTRUCCION;HERRAMIENTAS;HERRAMIENTAS DE CONSTRUCCION;CON006975;CUCHILLA CHINA 2024;SIN ESPESIFICAR;4,215.00;L39,145.04
BSU01;CONSTRUCCION;HERRAMIENTAS;HERRAMIENTAS DE CONSTRUCCION;CON006989;CINTURON P/CARGA S-XXXL CHINO 2026;SIN ESPESIFICAR;484;L24,272.77
BSU01;CONSTRUCCION;HERRAMIENTAS;HERRAMIENTAS DE CONSTRUCCION;CON007030;TRAMPOLIM /GERENCIA ;SIN ESPESIFICAR;3;L3.00
BSU01;CONSTRUCCION;HERRAMIENTAS;HERRAMIENTAS DE CONSTRUCCION;CON007079;BANDA BX-67;TORNILLOS Y SERVICIOS MULTIPLES LACAST S.A DE C.V;2;L1,480.00
BSU01;CONSTRUCCION;HERRAMIENTAS;HERRAMIENTAS DE CONSTRUCCION;CON008073;DESRIPEADOR SANIT 15X5;AGENCIA LA MUNDIAL S.A DE C.V;10;L300.30
BSU01;CONSTRUCCION;HERRAMIENTAS;HERRAMIENTAS DE CONSTRUCCION;CON008101;GAFA ELECTRONICA SOLDAR RECTANGULAR;DISTRIBUIDORA DE MATERIALES S. DE R.L. DE C.V.;4;L0.00
BSU01;CONSTRUCCION;HERRAMIENTAS;HERRAMIENTAS DE CONSTRUCCION;CON008156;"ESCALERA DE 4"" FIBRA DE VIDRIO CHINA 2025";SIN ESPESIFICAR;8;L16,676.98
BSU01;CONSTRUCCION;HERRAMIENTAS;HERRAMIENTAS DE CONSTRUCCION;CON008215;BOTE P/AGUA 700ML HOTEL;SIN ESPESIFICAR;731;L12,594.52
BSU01;CONSTRUCCION;HERRAMIENTAS;HERRAMIENTAS DE CONSTRUCCION;CON008329;PERNO ANCLAJE P / VARILLA ROSCADA 3/8;TORNILLOS Y SERVICIOS MULTIPLES LACAST S.A DE C.V;19;L388.17
BSU01;CONSTRUCCION;HERRAMIENTAS;HERRAMIENTAS DE CONSTRUCCION;CON008506;SEPARADORES DE CERAMICA ;ANGEL ANTONIO SPEED LARA;6;L57.27
BSU01;CONSTRUCCION;HERRAMIENTAS;HERRAMIENTAS DE CONSTRUCCION;CON008883;NIVEL DE 12 STANLEY;AGENCIA LA MUNDIAL S.A DE C.V;1;L134.87
BSU01;CONSTRUCCION;HERRAMIENTAS;HERRAMIENTAS DE CONSTRUCCION;CON008898;TAMBOR P/CORTINA METALICA 8X2;FERRETERIA ZUMMAR S.A DE C.V.;12;L1,909.98
BSU01;CONSTRUCCION;HERRAMIENTAS;HERRAMIENTAS DE CONSTRUCCION;CON008900;BROCA P/HIERRO 1/8;ANGEL ANTONIO SPEED LARA;22;L1,186.87
BSU01;CONSTRUCCION;HERRAMIENTAS;HERRAMIENTAS DE CONSTRUCCION;CON008901;BROCA P/HIERRO 5/16 USAR E.C;AGENCIA LA MUNDIAL S.A DE C.V;5;L456.77
BSU01;CONSTRUCCION;HERRAMIENTAS;HERRAMIENTAS DE CONSTRUCCION;CON008931;REDUCTOR VELOC 183X30X6CM C/PER PARA CARRO;AGENCIA LA MUNDIAL S.A DE C.V;4;L4,058.40
BSU01;CONSTRUCCION;HERRAMIENTAS;HERRAMIENTAS DE CONSTRUCCION;CON008978;BALANZA KTRUE CHINA 2025;SIN ESPESIFICAR;6;L3,073.90
BSU01;CONSTRUCCION;HERRAMIENTAS;HERRAMIENTAS DE CONSTRUCCION;CON009002;BROCA P/CERAMICA ;TORNILLOS Y SERVICIOS MULTIPLES LACAST S.A DE C.V;8;L742.64
BSU01;CONSTRUCCION;HERRAMIENTAS;HERRAMIENTAS DE CONSTRUCCION;CON009083;TORNILLO GOLOSO FLAT GALV 14X3;TORNILLOS Y SERVICIOS MULTIPLES LACAST S.A DE C.V;1,021.00;L1,633.02
BSU01;CONSTRUCCION;HERRAMIENTAS;HERRAMIENTAS DE CONSTRUCCION;CON009100;CANDADO 50MM CHINA 2025 ;SIN ESPESIFICAR;131;L2,375.59
BSU01;CONSTRUCCION;HERRAMIENTAS;HERRAMIENTAS DE CONSTRUCCION;CON009101;CANDADO 60MM CHINA 2025;SIN ESPESIFICAR;123;L2,676.56
BSU01;CONSTRUCCION;HERRAMIENTAS;HERRAMIENTAS DE CONSTRUCCION;CON009142;NIVEL ALUMINIO 24 STANLEY;AGENCIA LA MUNDIAL S.A DE C.V;1;L188.12
BSU01;CONSTRUCCION;HERRAMIENTAS;HERRAMIENTAS DE CONSTRUCCION;CON009147;RECIPIENTE TRUPER MASILLA TABLA YESO METAL;FERRETERIA EL BARATILLO S.A;1;L173.91
BSU01;CONSTRUCCION;HERRAMIENTAS;HERRAMIENTAS DE CONSTRUCCION;CON009369;CANDADO JEKOSA RESISTENTE AMAZON;AMAZON (USA);1;L760.17
BSU01;CONSTRUCCION;HERRAMIENTAS;HERRAMIENTAS DE CONSTRUCCION;CON009405;ASPIRADORA 8-GLNN 5HP STANLEY;AGENCIA LA MUNDIAL S.A DE C.V;3;L7,787.70
BSU01;CONSTRUCCION;HERRAMIENTAS;HERRAMIENTAS DE CONSTRUCCION;CON009460;LLAVE M/TOLSEN P/TUBERIA D/24;FERRETERIA EL BARATILLO S.A;1;L364.35
BSU01;CONSTRUCCION;HERRAMIENTAS;HERRAMIENTAS DE CONSTRUCCION;CON009466;LLAVIN PELOTA DORADO VIKINGO ;JOSE LUIS TEJEDA SOTO;1;L134.78
BSU01;CONSTRUCCION;HERRAMIENTAS;HERRAMIENTAS DE CONSTRUCCION;CON009517;PLANA C/ESPONJA DE 12 TRUPER;RICARDO JESUS BENDECK TURCIOS;3;L372.00
BSU01;CONSTRUCCION;HERRAMIENTAS;HERRAMIENTAS DE CONSTRUCCION;CON009580;TALADRO PERCUT 20V 1/2 2B DW ;AGENCIA LA MUNDIAL S.A DE C.V;1;L5,827.68
BSU01;CONSTRUCCION;HERRAMIENTAS;HERRAMIENTAS DE CONSTRUCCION;CON009595;PAINT MASK;DISTRIBUIDORA DE MATERIALES S. DE R.L. DE C.V.;4;L1,615.44
BSU01;CONSTRUCCION;HERRAMIENTAS;HERRAMIENTAS DE CONSTRUCCION;CON009596;CARTUCHO DE FILTROS ;DISTRIBUIDORA DE MATERIALES S. DE R.L. DE C.V.;2;L378.96
BSU01;CONSTRUCCION;HERRAMIENTAS;HERRAMIENTAS DE CONSTRUCCION;CON009597;SET DE PREFILTROS PARA MASCARILLA;DISTRIBUIDORA DE MATERIALES S. DE R.L. DE C.V.;4;L96.12
BSU01;CONSTRUCCION;HERRAMIENTAS;HERRAMIENTAS DE CONSTRUCCION;CON009618;DISCO SIERRA 10X100 USAR;LA PERLA DEL COLOR S DE R.L.;3;L1,467.33
BSU01;CONSTRUCCION;HERRAMIENTAS;HERRAMIENTAS DE CONSTRUCCION;CON009619;DISCO SIERRA 12X40 USAR;LA PERLA DEL COLOR S DE R.L.;3;L1,191.36
BSU01;CONSTRUCCION;HERRAMIENTAS;HERRAMIENTAS DE CONSTRUCCION;CON009620;DISCO SIERRA 12X60;LA PERLA DEL COLOR S DE R.L.;5;L2,129.60
BSU01;CONSTRUCCION;HERRAMIENTAS;HERRAMIENTAS DE CONSTRUCCION;CON009622;DISCO SIERRA 12X100;LA PERLA DEL COLOR S DE R.L.;5;L3,208.65
BSU01;CONSTRUCCION;HERRAMIENTAS;HERRAMIENTAS DE CONSTRUCCION;CON009758;LLAVIN PARA MUEBLE DE RELOJ;SIN ESPESIFICAR;14;L335.35
BSU01;CONSTRUCCION;HERRAMIENTAS;HERRAMIENTAS DE CONSTRUCCION;CON009762;LENTES DE SEGURIDAD  ANTIRASGUÑOS CHINA 2026;SIN ESPESIFICAR;448;L2,183.85
BSU01;CONSTRUCCION;HERRAMIENTAS;HERRAMIENTAS DE CONSTRUCCION;CON009786;PEDESTAL VECTOR ANTIHURTO REP.;SISTEMA DE SEGURIDAD PREVENTIVA ELECTRONICA S DE R;3;L15,450.00
BSU01;CONSTRUCCION;HERRAMIENTAS;HERRAMIENTAS DE CONSTRUCCION;CON009873;BROCA TITANIO DEWALT 5/16;TORNILLOS Y SERVICIOS MULTIPLES LACAST S.A DE C.V;3;L391.30
BSU01;CONSTRUCCION;HERRAMIENTAS;HERRAMIENTAS DE CONSTRUCCION;SEL001084;CORTA CIRCUITO C/ROMPE ARCO 27KV UL;ELECTRO CONTROLES S. DE R.L DE C.V;1;L3,750.00
BSU01;CONSTRUCCION;HERRAMIENTAS;HERRAMIENTAS DE CONSTRUCCION;SEL001105;CABLE THHN 12 NEGRO ROLLO 500;ELECTRO CONTROLES S. DE R.L DE C.V;1;L4.75
BSU01;CONSTRUCCION;HERRAMIENTAS;HERRAMIENTAS DE CONSTRUCCION;SEL001115;TAPA METAL 4X4 1/2;CYME. S. DE R.L.;7;L53.76
BSU01;CONSTRUCCION;HERRAMIENTAS;HERRAMIENTAS DE CONSTRUCCION;SEL001218;CONECTOR EMT DE TORNILLO 2 1/2;DISTRIBUIDORA INDUSTRIAL S.A. DE C.V.;23;L2,190.42
BSU01;CONSTRUCCION;HERRAMIENTAS;HERRAMIENTAS DE CONSTRUCCION;SEL001219;CURVA EMT 2 1/2;DISTRIBUIDORA INDUSTRIAL S.A. DE C.V.;5;L2,679.50
BSU01;CONSTRUCCION;HERRAMIENTAS;HERRAMIENTAS DE CONSTRUCCION;SEL001597;CABLE THHN 12 ROJO  PIE;ELECTRO CONTROLES S. DE R.L DE C.V;1,905.00;L9,048.77
BSU01;CONSTRUCCION;HERRAMIENTAS;HERRAMIENTAS DE CONSTRUCCION;SEL001827;CORTA CIRCUITO 15KV/13.5 100A ROMPE ARCO;ELECTRO CONTROLES S. DE R.L DE C.V;1;L3,100.00
BSU01;CONSTRUCCION;HERRAMIENTAS;HERRAMIENTAS DE CONSTRUCCION;USA000067;PALA M/ TRUPER CUADRADA PCL P;SIN ESPESIFICAR;1;L135.00
BSU01;CONSTRUCCION;HERRAMIENTAS;HERRAMIENTAS DE CONSTRUCCION;USA000109;USADO BARRIL DE 55 GAL SIN TAPADERA;SIN ESPESIFICAR;1;L800.00
BSU01;CONSTRUCCION;HERRAMIENTAS;HERRAMIENTAS DE CONSTRUCCION;USA000129;BISAGRAS ESCONDIDAS  POR PAR;SIN ESPESIFICAR;56;L56.00
BSU01;CONSTRUCCION;HERRAMIENTAS;HERRAMIENTAS DE CONSTRUCCION;CON000305;LLAMADOR P/MADERA BRONCE HERMEX;SIN ESPESIFICAR;1;L23.98
BSU01;CONSTRUCCION;HERRAMIENTAS;HERRAMIENTAS DE CONSTRUCCION;CON000397;MANERAL P/PINTAR USAR;AGENCIA LA MUNDIAL S.A DE C.V;19;L340.86
BSU01;CONSTRUCCION;HERRAMIENTAS;HERRAMIENTAS DE CONSTRUCCION;CON001996;"HERMEX PAR BISAGRA DE 2""";FERRETERIA EL BARATILLO S.A;1;L25.23
BSU01;CONSTRUCCION;HERRAMIENTAS;HERRAMIENTAS DE CONSTRUCCION;CON003587;TUBO #2 PVC SR26 / PROYEC ;LUIS ENRIQUE MUNGUIA/PROYECTO;1;L370.00
BSU01;CONSTRUCCION;HERRAMIENTAS;HERRAMIENTAS DE CONSTRUCCION;CON006913;CANDADO 50MM MULTILOOK CHINA 2024;SIN ESPESIFICAR;1;L23.31
BSU01;CONSTRUCCION;HERRAMIENTAS;HERRAMIENTAS DE CONSTRUCCION;CON009152;MASCARA FACIAL 3M C/PAR CARTUCHO;TORNILLOS Y SERVICIOS MULTIPLES LACAST S.A DE C.V;1;L913.04
BSU01;CONSTRUCCION;HERRAMIENTAS;HERRAMIENTAS DE CONSTRUCCION;CON009282;POSTE P/TABLA YESO GALV 3-5/8X10 .031MM;MADERAS Y SUMINISTROS OSEGUERA, S.A.;96;L4,862.67
BSU01;CONSTRUCCION;HERRAMIENTAS;HERRAMIENTAS DE CONSTRUCCION;SEL001108;CABLE THHN 12 BLANCO ;CENTRO FERRETERO TORNIFESA S. DE R.L DE C.V.;165;L878.66
BSU01;CONSTRUCCION;HERRAMIENTAS;HERRAMIENTAS DE CONSTRUCCION;CON002755;TORNILLO TABLA YESO P/ FINA 7/16X7 ;MADERAS Y SUMINISTROS OSEGUERA, S.A.;58;L22.88
BSU01;CONSTRUCCION;HERRAMIENTAS;HERRAMIENTAS DE CONSTRUCCION;CON000185;BROCA DE METAL 3/8;CENTRO FERRETERO TORNIFESA S. DE R.L DE C.V.;5;L212.35
BSU01;CONSTRUCCION;HERRAMIENTAS;HERRAMIENTAS DE CONSTRUCCION;CON000314;BROCHA 4 USAR;AGENCIA LA MUNDIAL S.A DE C.V;24;L916.32
BSU01;CONSTRUCCION;HERRAMIENTAS;HERRAMIENTAS DE CONSTRUCCION;CON009861;CINTA LED  NEON BLANCA(DOBLE) 450W 120V 6500K IP67;ELECTRO SUMINISTROS DE HONDURAS S. DE R.L.;1;L108.89
BSU01;CONSTRUCCION;HERRAMIENTAS;HERRAMIENTAS DE CONSTRUCCION;CON004500;CONECTOR PVC C20 1-1/2;SOLUCIONES TECNOLOGICAS ALTERNATIVAS ;3;L70.15
BSU01;CONSTRUCCION;HERRAMIENTAS;HERRAMIENTAS DE CONSTRUCCION;CON009862;DRIVER CINTA LED;ELECTRO SUMINISTROS DE HONDURAS S. DE R.L.;1;L144.24
BSU01;CONSTRUCCION;HERRAMIENTAS;HERRAMIENTAS DE CONSTRUCCION;CON009925;TEE 1/2 AGUA CALIENTE;SIN ESPESIFICAR;1;L10.00
BSU01;CONSTRUCCION;HERRAMIENTAS;HERRAMIENTAS DE CONSTRUCCION;CON009929;CODO 1/2 X 90 AGUA CALIENTE CPVC;SIN ESPESIFICAR;13;L102.18
BSU01;CONSTRUCCION;HERRAMIENTAS;HERRAMIENTAS DE CONSTRUCCION;CON009927;ADAPTADOR MACHO 3/4 AGUA CALIENTE CPVC;SIN ESPESIFICAR;6;L55.20
BSU01;CONSTRUCCION;HERRAMIENTAS;HERRAMIENTAS DE CONSTRUCCION;CON009931;TEE 3/4 AGUA CALIENTE CPVC;SIN ESPESIFICAR;2;L19.30
BSU01;CONSTRUCCION;HERRAMIENTAS;HERRAMIENTAS DE CONSTRUCCION;CON009921;CAJA DE HERRAMIENTAS 44X33X30.2 CM CHINA 2026;SIN ESPESIFICAR;72;L83,923.09
BSU01;CONSTRUCCION;HERRAMIENTAS;HERRAMIENTAS DE CONSTRUCCION;CON009930;CODO 1/2 X 45 AGUA CALIENTE CPVC;SIN ESPESIFICAR;7;L60.20
BSU01;CONSTRUCCION;HERRAMIENTAS;HERRAMIENTAS DE CONSTRUCCION;CON009924;TAPON C/ROSCA 1/2 PVC;SIN ESPESIFICAR;28;L280.00
BSU01;CONSTRUCCION;HERRAMIENTAS;HERRAMIENTAS DE CONSTRUCCION;CON009928;CODO 3/4 X 45 AGUA CALIENTE CPVC;SIN ESPESIFICAR;5;L45.00
BSU01;CONSTRUCCION;HERRAMIENTAS;HERRAMIENTAS DE CONSTRUCCION;CON009932;ADAPTADOR HEMBRA 3/4 AGUA CALIENTE CPVC ;SIN ESPESIFICAR;6;L89.70
BSU01;CONSTRUCCION;HERRAMIENTAS;HERRAMIENTAS DE CONSTRUCCION;CON009922;ADAPTADOR HEMBRA PVC #4;SIN ESPESIFICAR;3;L177.00
BSU01;CONSTRUCCION;HERRAMIENTAS;HERRAMIENTAS DE CONSTRUCCION;CON009926;UNION 3/4 AGUA CALIENTE CPVC;SIN ESPESIFICAR;10;L96.40
BSU01;CONSTRUCCION;HERRAMIENTAS;HERRAMIENTAS DE CONSTRUCCION;CON001146;ESCALERA DE ALUMINIO DE 4;AGENCIA LA MUNDIAL S.A DE C.V;1;L1,266.72
BSU01;CONSTRUCCION;HERRAMIENTAS;HERRAMIENTAS DE CONSTRUCCION;CON002370;TACO METALICO  M8X65MM;FERRETERIA EL BARATILLO S.A;2;L15.65
BSU01;CONSTRUCCION;HERRAMIENTAS;HERRAMIENTAS DE CONSTRUCCION;CON006202;"ESCALERA D/MANO 4"" CHINA 2024";SIN ESPESIFICAR;1;L462.48
BSU01;CONSTRUCCION;HERRAMIENTAS;HERRAMIENTAS DE CONSTRUCCION;CON001157;PISTOLA P/ SILICON PARA SIKAFLEX;CENTRO FERRETERO TORNIFESA S. DE R.L DE C.V.;5;L825.00
BSU01;CONSTRUCCION;HERRAMIENTAS;HERRAMIENTAS DE CONSTRUCCION;CON004748;RODILLO EPOXICO ;DISTRIBUIDORA DE MATERIALES S. DE R.L. DE C.V.;5;L354.40
BSU01;CONSTRUCCION;HERRAMIENTAS;HERRAMIENTAS DE CONSTRUCCION;CON009946;GARRUCHA ELECTRICA TRUPER 800KG POLE-800 16847;AGENCIA GLOBAL;1;L6,281.00
BSU01;CONSTRUCCION;HERRAMIENTAS;HERRAMIENTAS DE CONSTRUCCION;CON003934;REP CUCHILLA TAPICERO 10 PC TOTAL USAR ;AGENCIA LA MUNDIAL S.A DE C.V;6;L61.98
BSU01;CONSTRUCCION;HERRAMIENTAS;HERRAMIENTAS DE CONSTRUCCION;CON009952;RODO FIJO 125X32;AGENCIA LA MUNDIAL S.A DE C.V;2;L306.60
BSU01;CONSTRUCCION;HERRAMIENTAS;HERRAMIENTAS DE CONSTRUCCION;CON009953;RODO GIRATORIO 125X500;AGENCIA LA MUNDIAL S.A DE C.V;2;L756.74
BSU01;CONSTRUCCION;HERRAMIENTAS;HERRAMIENTAS DE CONSTRUCCION;CON009988;FILTRO AIRE P/ASPIRADORA AMARILLO;TORNILLOS Y SERVICIOS MULTIPLES LACAST S.A DE C.V;1;L600.00
BSU01;CONSTRUCCION;HERRAMIENTAS;HERRAMIENTAS DE CONSTRUCCION;CON006607;FILTRO P/ASPIRADORA STANLEY;TORNILLOS Y SERVICIOS MULTIPLES LACAST S.A DE C.V;1;L513.05
BSU01;CONSTRUCCION;HERRAMIENTAS;HERRAMIENTAS DE CONSTRUCCION;CON009991;LLAVES ALLEN 9PC TOTAL TH106191;AGENCIA LA MUNDIAL S.A DE C.V;1;L58.94
BSU01;CONSTRUCCION;HERRAMIENTAS;HERRAMIENTAS DE CONSTRUCCION;CON009581;COMBO TALADRO+ATORNIL 20V 2B DW XR;AGENCIA LA MUNDIAL S.A DE C.V;1;L13,010.40
BSU01;CONSTRUCCION;HERRAMIENTAS;HERRAMIENTAS DE CONSTRUCCION;CON006696;CAPOTE TALLA M ;AGENCIA LA MUNDIAL S.A DE C.V;1;L268.26
BSU01;CONSTRUCCION;HERRAMIENTAS;HERRAMIENTAS DE CONSTRUCCION;CON010003;"UNION P/CADENA 3/8"" AEC.INOX";ALEJANDRO NAPOLEON LARACH LARACH;1;L82.71
BSU01;CONSTRUCCION;HERRAMIENTAS;HERRAMIENTAS DE CONSTRUCCION;CON009903;ANTENA MASTER CRW 700 AM;INVERSIONES CRE, S. DE R.L. DE C.V.;2;L49,565.22
BSU01;CONSTRUCCION;HERRAMIENTAS;MAQUINARIA;CON003073;CUERPO DE ACELERACION DE GENERADOR GENERAC DE 22KW;BOMBAS Y MOTORES DE HONDURAS S.A DE C.V.;1;L12,497.59
BSU01;CONSTRUCCION;HERRAMIENTAS;MAQUINARIA;CON004259;MOTOR DE ARRANQUE GENERADOR;BOMBAS Y MOTORES DE HONDURAS S.A DE C.V.;1;L11,937.20
BSU01;CONSTRUCCION;HERRAMIENTAS;MAQUINARIA;CON006714;LAVADORA 25KG 25F/25;SIN ESPESIFICAR;1;L92,269.11
BSU01;CONSTRUCCION;HERRAMIENTAS;MAQUINARIA;CON006715;LAVADORA 20KG 25F/20 CHINA 2024;SIN ESPESIFICAR;2;L157,682.13
BSU01;CONSTRUCCION;HERRAMIENTAS;MAQUINARIA;CON006716;LAVADORA 25KG Y-HG-25/25 CHINA 2024;SIN ESPESIFICAR;2;L131,753.21
BSU01;CONSTRUCCION;HERRAMIENTAS;MAQUINARIA;CON006717;SECADORA 20KG C/CONTROLADOR CHINA 2024;SIN ESPESIFICAR;1;L75,300.13
BSU01;CONSTRUCCION;HERRAMIENTAS;MAQUINARIA;CON009751;CARBURADOR P/GENERADOR 188F KJ5000-KJ8000 13HP ;METROCENTRO FERRETERIA & ALMACENES SA DE CV;4;L4,356.20
BSU01;CONSTRUCCION;HERRAMIENTAS;MAQUINARIA;ELE002305;ASENSOR PANORAMICO P/PERSONAS 1000KG TOCOA #1.;JOYLIVE ELEVATOR CO., LTD;1;L511,990.74
BSU01;CONSTRUCCION;HERRAMIENTAS;MAQUINARIA;USA000096;USADO EXTRACTOR DE 12X12;SIN ESPESIFICAR;1;L150.00
BSU01;CONSTRUCCION;HERRAMIENTAS;MAQUINARIA;CON002611;SIERRA CINTA PARA MADERA 10MMX0.025;FERRETERIA ZUMMAR S.A DE C.V.;20;L691.20
BSU01;CONSTRUCCION;HERRAMIENTAS;TORNILLERIA;CON000002;TORNILLO MARIPOSA 3/16X3 USAR;TORNILLOS Y SERVICIOS MULTIPLES LACAST S.A DE C.V;1,162.00;L8,083.45
BSU01;CONSTRUCCION;HERRAMIENTAS;TORNILLERIA;CON000004;"TORNILLO P/TABLA YESO DE 2"" P/F";TORNILLOS Y SERVICIOS MULTIPLES LACAST S.A DE C.V;10;L4.00
BSU01;CONSTRUCCION;HERRAMIENTAS;TORNILLERIA;CON000026;"TORNILLO P/TABLA YESO PUNTA BROCA 1"" USAR ";RAMIRO CARDENAS/PROYECTOS;509;L160.46
BSU01;CONSTRUCCION;HERRAMIENTAS;TORNILLERIA;CON000030;"TORNILLO P/TECHO P/BROCA D 2 1/2""";TORNILLOS Y SERVICIOS MULTIPLES LACAST S.A DE C.V;1,560.00;L2,970.69
BSU01;CONSTRUCCION;HERRAMIENTAS;TORNILLERIA;CON000031;"TORNILLO P/TECHO PUNTA BROCA DE 2 "" USAR";CENTRO FERRETERO TORNIFESA S. DE R.L DE C.V.;1,000.00;L790.73
BSU01;CONSTRUCCION;HERRAMIENTAS;TORNILLERIA;CON000047;GOLOSO C/REDON M12X3;TORNILLOS Y SERVICIOS MULTIPLES LACAST S.A DE C.V;296;L772.40
BSU01;CONSTRUCCION;HERRAMIENTAS;TORNILLERIA;CON000063;TORNILLO P/TECHO PUNTA BROCA DE 1 USAR;TORNILLOS Y SERVICIOS MULTIPLES LACAST S.A DE C.V;16;L18.51
BSU01;CONSTRUCCION;HERRAMIENTAS;TORNILLERIA;CON000078;TORNILLO P/BROCA DE 1/4;JOCSAN RUEDA/PROYECTO;17;L34.81
BSU01;CONSTRUCCION;HERRAMIENTAS;TORNILLERIA;CON000085;TORNILLO METAL 12X13/4 PLANA PHILLIPS;SIN ESPESIFICAR;1,067.00;L832.26
BSU01;CONSTRUCCION;HERRAMIENTAS;TORNILLERIA;CON001114;TORNILLO CONICO DE 2;LA PERLA DEL COLOR S DE R.L.;43;L34.32
BSU01;CONSTRUCCION;HERRAMIENTAS;TORNILLERIA;CON001351;TORNILLO P/TECHO PUNTA BROCA DE 1-1/2 USAR;CENTRO FERRETERO TORNIFESA S. DE R.L DE C.V.;207;L157.49
BSU01;CONSTRUCCION;HERRAMIENTAS;TORNILLERIA;CON001499;TORNILLO AVELLANADO PHILLIPS 3X14    ;DANILO GARCIA/PROYECTOS;184;L699.20
BSU01;CONSTRUCCION;HERRAMIENTAS;TORNILLERIA;CON002763;TORNILLO TABLA YESO PUNTA FINA 3/4X6 ;TORNILLOS Y SERVICIOS MULTIPLES LACAST S.A DE C.V;169;L40.56
BSU01;CONSTRUCCION;HERRAMIENTAS;TORNILLERIA;CON003117;GOLOSO CONICO M8;LA PERLA DEL COLOR S DE R.L.;9;L5.76
BSU01;CONSTRUCCION;HERRAMIENTAS;TORNILLERIA;CON003975;GOLOSO P/TAPIZ 6X2 P/BROCA;TORNILLOS Y SERVICIOS MULTIPLES LACAST S.A DE C.V;576;L375.67
BSU01;CONSTRUCCION;HERRAMIENTAS;TORNILLERIA;CON003976;GOLOSO CONICO M14X4;LA PERLA DEL COLOR S DE R.L.;187;L1,402.50
BSU01;CONSTRUCCION;HERRAMIENTAS;TORNILLERIA;CON003977;GOLOSO CONICO M14X 1 1/2;LA PERLA DEL COLOR S DE R.L.;1,972.00;L8,913.58
BSU01;CONSTRUCCION;HERRAMIENTAS;TORNILLERIA;CON004050;GOLOSO FRIJOLITO GALV. P/FINA;FERRETERIA EL BARATILLO S.A;31;L8.09
BSU01;CONSTRUCCION;HERRAMIENTAS;TORNILLERIA;CON004126;GOLOSO CONICO M14X2;TORNILLOS Y SERVICIOS MULTIPLES LACAST S.A DE C.V;86;L98.90
BSU01;CONSTRUCCION;HERRAMIENTAS;TORNILLERIA;CON004512;TORNILLO 2 1/2 P/B;MADERAS Y SUMINISTROS OSEGUERA, S.A.;28;L43.84
BSU01;CONSTRUCCION;HERRAMIENTAS;TORNILLERIA;CON004667;TORNILLO GOLOSO FLAT GALV P/F 8X3;TORNILLOS Y SERVICIOS MULTIPLES LACAST S.A DE C.V;858;L753.58
BSU01;CONSTRUCCION;HERRAMIENTAS;TORNILLERIA;CON005088;TORNILLO TABLA YESO 6X1-1/2 PUNTA FINA ;TORNILLOS Y SERVICIOS MULTIPLES LACAST S.A DE C.V;1,282.00;L436.38
BSU01;CONSTRUCCION;HERRAMIENTAS;TORNILLERIA;CON006007;TORNILLO FRIJOLITO 7X7/16 P/BROCA;TORNILLOS Y SERVICIOS MULTIPLES LACAST S.A DE C.V;3,477.00;L1,044.98
BSU01;CONSTRUCCION;HERRAMIENTAS;TORNILLERIA;CON006044;TORNILLO TABLA YESO R/GP/F 8X2;TORNILLOS Y SERVICIOS MULTIPLES LACAST S.A DE C.V;80;L104.34
BSU01;CONSTRUCCION;HERRAMIENTAS;TORNILLERIA;CON006067;TORNILLO GOLOSO GALV-P/F. 8X3/4;TORNILLOS Y SERVICIOS MULTIPLES LACAST S.A DE C.V;148;L23.68
BSU01;CONSTRUCCION;HERRAMIENTAS;TORNILLERIA;CON006116;"TORNILLO TAPICERO PUNTA BROCA GALV 1/2"" USAR";TORNILLOS Y SERVICIOS MULTIPLES LACAST S.A DE C.V;570;L158.58
BSU01;CONSTRUCCION;HERRAMIENTAS;TORNILLERIA;CON006117;TORNILLO TABLA YESO PUNTA FINA 6X1;TORNILLOS Y SERVICIOS MULTIPLES LACAST S.A DE C.V;3,795.00;L759.00
BSU01;CONSTRUCCION;HERRAMIENTAS;TORNILLERIA;CON006118;TORNILLO TABLA YESO PUNTA FINA  6X1-1/4;TORNILLOS Y SERVICIOS MULTIPLES LACAST S.A DE C.V;1,350.00;L295.64
BSU01;CONSTRUCCION;HERRAMIENTAS;TORNILLERIA;CON006119;TORNILLO TABLA YESO  P/F 6X2;ANGEL ANTONIO SPEED LARA;1,682.00;L560.34
BSU01;CONSTRUCCION;HERRAMIENTAS;TORNILLERIA;CON006120;TORNILLO GOLOSO FLAT GALV. 8X2 P/F;CENTRO FERRETERO TORNIFESA S. DE R.L DE C.V.;1,862.00;L954.59
BSU01;CONSTRUCCION;HERRAMIENTAS;TORNILLERIA;CON006168;TORNILLO TABLA YESO P/BROCA 2;RICARDO JESUS BENDECK TURCIOS;1,251.00;L500.40
BSU01;CONSTRUCCION;HERRAMIENTAS;TORNILLERIA;CON006195;TORNILLO GOLOSO FLAT. GALV. P/F 8X5/8 CARPINTERIA ;CENTRO FERRETERO TORNIFESA S. DE R.L DE C.V.;16,041.00;L4,905.50
BSU01;CONSTRUCCION;HERRAMIENTAS;TORNILLERIA;CON006275;TACO METAL C/PERNO M12X80MM;AGENCIA LA MUNDIAL S.A DE C.V;3;L87.51
BSU01;CONSTRUCCION;HERRAMIENTAS;TORNILLERIA;CON006315;TORNILLO PARA MADERA  8X1 P/F R/G CARPINTERIA;TORNILLOS Y SERVICIOS MULTIPLES LACAST S.A DE C.V;3,000.00;L860.70
BSU01;CONSTRUCCION;HERRAMIENTAS;TORNILLERIA;CON006388;TORNILLO TAPIZ GALV. P/B 8X1 ;RICARDO JESUS BENDECK TURCIOS;1,194.00;L603.75
BSU01;CONSTRUCCION;HERRAMIENTAS;TORNILLERIA;CON006389;TORNILLO TAPIZ GALV. P/B 1 1/2 PULG USAR ;TORNILLOS Y SERVICIOS MULTIPLES LACAST S.A DE C.V;1,000.00;L643.40
BSU01;CONSTRUCCION;HERRAMIENTAS;TORNILLERIA;CON006390;TORNILLO GOLOSO GALV P/F 12X2 (S8) ;CENTRO FERRETERO TORNIFESA S. DE R.L DE C.V.;4,553.00;L3,757.82
BSU01;CONSTRUCCION;HERRAMIENTAS;TORNILLERIA;CON006403;TORNILLO HEX-INOX M12X20;TORNILLOS Y SERVICIOS MULTIPLES LACAST S.A DE C.V;9;L594.72
BSU01;CONSTRUCCION;HERRAMIENTAS;TORNILLERIA;CON006426;EXTENSION P/MANERAL 1/2;AGENCIA LA MUNDIAL S.A DE C.V;2;L165.75
BSU01;CONSTRUCCION;HERRAMIENTAS;TORNILLERIA;CON006612;TORNILLO HEXAGONAL GALV 3/8 X 1-1/2;TORNILLOS Y SERVICIOS MULTIPLES LACAST S.A DE C.V;27;L161.46
BSU01;CONSTRUCCION;HERRAMIENTAS;TORNILLERIA;CON006891;TORNILLO GOLOSO 12X2-1/2;ANGEL ANTONIO SPEED LARA;112;L100.38
BSU01;CONSTRUCCION;HERRAMIENTAS;TORNILLERIA;CON008125;TORNILLO ESTUFA PAN GALV. 3/16X4 + TUERCA;TORNILLOS Y SERVICIOS MULTIPLES LACAST S.A DE C.V;800;L2,643.44
BSU01;CONSTRUCCION;HERRAMIENTAS;TORNILLERIA;CON008357;BROCA ROUTER 1/4;TORNILLOS Y SERVICIOS MULTIPLES LACAST S.A DE C.V;8;L2,295.68
BSU01;CONSTRUCCION;HERRAMIENTAS;TORNILLERIA;CON008376;TORNILLO GOLOSO PAN 10X2;RAMIRO CARDENAS/PROYECTOS;198;L346.79
BSU01;CONSTRUCCION;HERRAMIENTAS;TORNILLERIA;CON009085;BROCA PLANA 1/2;TORNILLOS Y SERVICIOS MULTIPLES LACAST S.A DE C.V;2;L86.95
BSU01;CONSTRUCCION;HERRAMIENTAS;TORNILLERIA;CON009166;TORNILLO PARA MADERA  8X1-1/4 R/G P/F CARPINTERIA ;TORNILLOS Y SERVICIOS MULTIPLES LACAST S.A DE C.V;4,828.00;L1,801.52
BSU01;CONSTRUCCION;HERRAMIENTAS;TORNILLERIA;CON009244;TORNILLO TABLA YESO R/F - P/F 6X1;TORNILLOS Y SERVICIOS MULTIPLES LACAST S.A DE C.V;23;L4.14
BSU01;CONSTRUCCION;HERRAMIENTAS;TORNILLERIA;CON009247;CERRADURA P/ARCHIVO C/LENGUETA ;PAPER DEPOT S.A DE C.V;14;L518.00
BSU01;CONSTRUCCION;HERRAMIENTAS;TORNILLERIA;CON009495;ESPANSOR MARIPOSA P/TABLA YESO;TORNILLOS Y SERVICIOS MULTIPLES LACAST S.A DE C.V;50;L58.00
BSU01;CONSTRUCCION;HERRAMIENTAS;TORNILLERIA;CON009521;ARANDELA FENDER INOX 5/16X1;CENTRO FERRETERO TORNIFESA S. DE R.L DE C.V.;398;L1,194.00
BSU01;CONSTRUCCION;HERRAMIENTAS;TORNILLERIA;CON009815;BROCA CONCRETO 1/4X4X6 SDSPLUS;AGENCIA LA MUNDIAL S.A DE C.V;4;L271.24
BSU01;CONSTRUCCION;HERRAMIENTAS;TORNILLERIA;CON003928;GOLOSO P/TAPIZ 6X1/2 P/FINA;LA PERLA DEL COLOR S DE R.L.;109;L28.34
BSU01;CONSTRUCCION;HERRAMIENTAS;TORNILLERIA;CON004582;GOLOSO FRIJOLITO GALV. P/FINA 7X7/16;TORNILLOS Y SERVICIOS MULTIPLES LACAST S.A DE C.V;849;L186.32
BSU01;CONSTRUCCION;HERRAMIENTAS;TORNILLERIA;CON004946;TORNILLO GOLOSO FLAT P/F-GALV. 6X1-1/2 CARPINTERIA;TORNILLOS Y SERVICIOS MULTIPLES LACAST S.A DE C.V;91;L30.12
BSU01;CONSTRUCCION;HERRAMIENTAS;TORNILLERIA;CON006753;ORNILLO GOLOSO FLAT GALV P/F 8X2-1/2;TORNILLOS Y SERVICIOS MULTIPLES LACAST S.A DE C.V;7;L6.86
BSU01;CONSTRUCCION;HERRAMIENTAS;TORNILLERIA;CON009190;CUÑA PLASTICA NIVELADOR D/CERÁMICA (100 PZ);CENTRO FERRETERO TORNIFESA S. DE R.L DE C.V.;1;L142.00
BSU01;CONSTRUCCION;HERRAMIENTAS;TORNILLERIA;CON009310;BROCA SDS 5/16 P/TALADRO IMPACTO USAR E.C;AGENCIA LA MUNDIAL S.A DE C.V;1;L115.91
BSU01;CONSTRUCCION;HERRAMIENTAS;TORNILLERIA;CON006423;TORNILLO GOLOSO FLAT GALV 8X1-1/2 P/F;TORNILLOS Y SERVICIOS MULTIPLES LACAST S.A DE C.V;800;L347.76
BSU01;CONSTRUCCION;HERRAMIENTAS;TORNILLERIA;CON002933;TORNILLO TABLA YESO P/ BROCA 7/16X7;MADERAS Y SUMINISTROS OSEGUERA, S.A.;231;L91.31
BSU01;CONSTRUCCION;HERRAMIENTAS;TORNILLERIA;CON009945;DESLIZADOR 7/16X2;TORNILLOS Y SERVICIOS MULTIPLES LACAST S.A DE C.V;30;L1,617.40
BSU01;CONSTRUCCION;MADERA;MADERA;CAR000329;TAPACANTO NEGRO  19MMX0.40MM;MADECENTER HONDURAS S.A.;300;L3,130.44
BSU01;CONSTRUCCION;MADERA;MADERA;CAR003103;TAPACANTO NEGRO  33X0.45MM;MADECENTER HONDURAS S.A.;200;L4,869.57
BSU01;CONSTRUCCION;MADERA;MADERA;CAR000324;CUARTON 2X4X10;DAYSI SANTOS RUBIO;2;L559.00
BSU01;CONSTRUCCION;MATERIALES;ACCESORIOS BOMBAS AGUA ;CON004361;BOMBA GOULDS JET HSJ20NS 2HP;BOMBAS Y MOTORES DE HONDURAS S.A DE C.V.;1;L23,867.75
BSU01;CONSTRUCCION;MATERIALES;ACCESORIOS DE GENERADORES;CON001568;FILTRO AIRE GENERAC GP15000/GP17500;BOMBAS Y MOTORES DE HONDURAS S.A DE C.V.;16;L20,647.95
BSU01;CONSTRUCCION;MATERIALES;ACCESORIOS DE GENERADORES;CON001706;FILTRO GAS RECTO ABRO FF-246-MM GENERADOR;SUPER REPUESTOS HONDURAS, S.A. DE C.V.;15;L1,843.12
BSU01;CONSTRUCCION;MATERIALES;ACCESORIOS DE GENERADORES;CON001710;FILTRO DE GASOLINA P / GENERADOR;SUPER REPUESTOS HONDURAS, S.A. DE C.V.;1;L129.61
BSU01;CONSTRUCCION;MATERIALES;ACCESORIOS DE GENERADORES;CON001723;CANDELA (BUJIA) GENERADOR USAR;SUPER REPUESTOS HONDURAS, S.A. DE C.V.;22;L2,290.08
BSU01;CONSTRUCCION;MATERIALES;ACCESORIOS DE GENERADORES;CON001870;ADAPTADOR HC 002 110V 50/60;SIN ESPESIFICAR;1;L0.00
BSU01;CONSTRUCCION;MATERIALES;ACCESORIOS DE GENERADORES;CON003927;GENERADOR 30KVA-GF3 CHINO 2025 (24KVA);SIN ESPESIFICAR;1;L148,719.61
BSU01;CONSTRUCCION;MATERIALES;ACCESORIOS DE GENERADORES;CON004092;FILTRO DE AIRE PARA GENERADOR GENERAC 10234;SUPER REPUESTOS HONDURAS, S.A. DE C.V.;6;L491.82
BSU01;CONSTRUCCION;MATERIALES;ACCESORIOS DE GENERADORES;CON004093;FILTRO DE ACEITE PARA GENERADOR DEWALT  PH7317;SUPER REPUESTOS HONDURAS, S.A. DE C.V.;5;L1,105.22
BSU01;CONSTRUCCION;MATERIALES;ACCESORIOS DE GENERADORES;CON004464;MANGUERA GAS 5/16 (GENERADOR);SUPER REPUESTOS HONDURAS, S.A. DE C.V.;75;L4,106.25
BSU01;CONSTRUCCION;MATERIALES;ACCESORIOS DE GENERADORES;CON004932;GENERADOR 100KVA-GF3 CHINO 2025;SIN ESPESIFICAR;4;L1,022,739.19
BSU01;CONSTRUCCION;MATERIALES;ACCESORIOS DE GENERADORES;CON006614;FILTRO GRANDE P/GENERADOR VORTECK 18KWA23KV ACEITE;SYCOM S.A. DE C.V.;5;L1,521.75
BSU01;CONSTRUCCION;MATERIALES;ACCESORIOS DE GENERADORES;CON009710;GENERADOR 300 KVA-GF3 CHINO 2026;SIN ESPESIFICAR;1;L585,157.26
BSU01;CONSTRUCCION;MATERIALES;ACCESORIOS DE GENERADORES;CON009897;FLOTE PARA COMBISTIBLE PARA GENERADOR ;SIN ESPESIFICAR;57;L4,708.20
BSU01;CONSTRUCCION;MATERIALES;ACCESORIOS DE GENERADORES;CON009898;TABLERO DE CONTROL PARA GENERADOR ;SIN ESPESIFICAR;1;L1,200.00
BSU01;CONSTRUCCION;MATERIALES;ACCESORIOS DE GENERADORES;CON009899;FILTRO DE ACEITE PARA GENERADOR 100KVA ;SIN ESPESIFICAR;6;L900.00
BSU01;CONSTRUCCION;MATERIALES;ACCESORIOS DE GENERADORES;CON009900;FILTRO PARA GENERADOR  20-25 KVA ;SIN ESPESIFICAR;23;L2,530.00
BSU01;CONSTRUCCION;MATERIALES;ACCESORIOS DE GENERADORES;CON009901;FILTRO PARA GENERADOR 30-50KVA ;SIN ESPESIFICAR;9;L1,035.00
BSU01;CONSTRUCCION;MATERIALES;ACCESORIOS DE GENERADORES;SEL001907;ORIGINAL DC92DR MEBAY GENERADOR RS485 AMZ;AMAZON (USA);1;L9,727.37
BSU01;CONSTRUCCION;MATERIALES;ACCESORIOS DE GENERADORES;CON008099;GENERADOR 150KVA-GF3 CHINO 2025;SIN ESPESIFICAR;1;L334,461.18
BSU01;CONSTRUCCION;MATERIALES;AISLANTE;CON000448;AISLANTE 7/8 X 1/2;FRIOPARTES S A DE C.V.;9;L273.91
BSU01;CONSTRUCCION;MATERIALES;AISLANTE;CON000450;AISLANTE 5/8X1/2;AIRE FRIO DE HONDURAS S. A DE C. V;43;L1,064.11
BSU01;CONSTRUCCION;MATERIALES;AISLANTE;CON008502;CINTA DOBLE CARA946 12MMX18 M;DISTRIBUIDORA DE MATERIALES S. DE R.L. DE C.V.;2;L0.00
BSU01;CONSTRUCCION;MATERIALES;ANGULOS;CON001225;ANGULO 1/8 X 2 X 20 H.G;RICARDO JESUS BENDECK TURCIOS;1;L319.77
BSU01;CONSTRUCCION;MATERIALES;ANGULOS;CON004707;ANGULO 1/8 X 3/4 X 20HG;RICARDO JESUS BENDECK TURCIOS;3;L372.63
BSU01;CONSTRUCCION;MATERIALES;ANGULOS;CON006932;ANGULO P/CIELO 10;POLARIS INTERNACIONAL S. DE R.L.;55;L1,522.13
BSU01;CONSTRUCCION;MATERIALES;ANGULOS;CON000993;ANGULO DE HIERRO 1/8 X 2´´X2´´;FERRETERIA EL BARATILLO S.A;8;L3,269.57
BSU01;CONSTRUCCION;MATERIALES;CANALETAS;CON001585;DEXSON CANALETA DUCTO PLASTICA 1 1/2 X1;DAVID ENRIQUE TURCIOS ARDON;5;L129.63
BSU01;CONSTRUCCION;MATERIALES;CATALIZADOR;CON001040;CATALIZADOR EXCELBASE ACELERADO;DISTRIBUIDORA DE MATERIALES S. DE R.L. DE C.V.;9;L4,896.26
BSU01;CONSTRUCCION;MATERIALES;CATALIZADOR;CON001041;KLASS CATALIZADOR 778  1/8;SIN ESPESIFICAR;26;L5,054.66
BSU01;CONSTRUCCION;MATERIALES;CATALIZADOR;CON001046;SUR MADERA CATALIZADOR 709 1/4;LA PERLA DEL COLOR S DE R.L.;14;L4,549.58
BSU01;CONSTRUCCION;MATERIALES;CATALIZADOR;CON001053;SUR MADERA CATALIZADOR 701 GALON;LA PERLA DEL COLOR S DE R.L.;4;L3,561.16
BSU01;CONSTRUCCION;MATERIALES;CATALIZADOR;CON001054;SUR MADERA CATALIZADOR 710;LA PERLA DEL COLOR S DE R.L.;2;L1,872.72
BSU01;CONSTRUCCION;MATERIALES;CATALIZADOR;CON001298;COLOR PREPARADO EXCELBASE null (PINTAR ACM) ;DISTRIBUIDORA DE MATERIALES S. DE R.L. DE C.V.;7;L17,775.66
BSU01;CONSTRUCCION;MATERIALES;CATALIZADOR;CON003321;SUR MADERA CATALIZADOR 701 1/4;TORNILLOS Y SERVICIOS MULTIPLES LACAST S.A DE C.V;1;L345.00
BSU01;CONSTRUCCION;MATERIALES;CATALIZADOR;CON001047;SUR MADERA CATALIZADOR 702 GALON USAR;LA PERLA DEL COLOR S DE R.L.;5;L4,455.00
BSU01;CONSTRUCCION;MATERIALES;CERAMICA;CON00002567;PORCELANATO BEIGE M2 CHINA 2022 1.44MTS ;DANILOS STORE SA;4,430.16;L896,042.92
BSU01;CONSTRUCCION;MATERIALES;CERAMICA;CON001873;PORCELANATO BLANCO M2 CHINA;SIN ESPESIFICAR;15.12;L3,175.20
BSU01;CONSTRUCCION;MATERIALES;CERAMICA;CON001875;PORCELANATO DE MUESTRA 2024;FOSHAN LIVE BUILDING MATERIALS CO., LTD;32.28;L6,210.98
BSU01;CONSTRUCCION;MATERIALES;CERAMICA;CON002926;PORCELANATO ESPAÑOL AUSTRAL GREY 60X60 TALANGA ;EXPOBAÑOS Y COCINA;5.76;L3,591.30
BSU01;CONSTRUCCION;MATERIALES;CERAMICA;CON003009;PORCELANATO 600X120MM LARGO 2022;FOSHAN LIVE BUILDING MATERIALS CO., LTD;3.6;L2,097.17
BSU01;CONSTRUCCION;MATERIALES;CERAMICA;CON004057;CERAMICA AEC YORO BRASILIA MOCA 25X43;HONDUGRES S A DE CV;3.6;L1,013.74
BSU01;CONSTRUCCION;MATERIALES;CERAMICA;CON004392;PORCELANATO BLANCO HUESO OLANCHITO ;SOLUCIONES DECORATIVAS DISEÑO Y CONSTRUCCION ;5.4;L1,643.48
BSU01;CONSTRUCCION;MATERIALES;CERAMICA;CON004750;CERAMICA PATNA CINZA 57X57CM TERMINAL ;FERRETERIA FARAJ. S.A. DE. C.V.;2;L1,058.18
BSU01;CONSTRUCCION;MATERIALES;CERAMICA;CON004752;CERAMICA CRISTOFOLETTI 45X45 TERMINAL ;FERRETERIA FARAJ. S.A. DE. C.V.;1;L363.63
BSU01;CONSTRUCCION;MATERIALES;CERAMICA;CON004787;PORCELANATO BLANCO HUESO 600X1200MM 2024;FOSHAN LIVE BUILDING MATERIALS CO., LTD;649.08;L175,939.81
BSU01;CONSTRUCCION;MATERIALES;CERAMICA;CON008876;CAJA DED CERAMICA DE PARED  DISEÑO BLANCO Y NEGRO ;SIN ESPESIFICAR;2;L500.00
BSU01;CONSTRUCCION;MATERIALES;CERAMICA;CON008921;PORCELANATO BLANCO 60X120 CHINA 2025 B126000;LIVE MZ COMPANY LIMITED;2,134.08;L763,756.10
BSU01;CONSTRUCCION;MATERIALES;CERAMICA;CON008922;PORCELANATO BLANCO 60X60 CHINA 2025 B6000;LIVE MZ COMPANY LIMITED;2,797.56;L872,720.61
BSU01;CONSTRUCCION;MATERIALES;CERAMICA;CON009164;CERAMICA DUBAI BEIGE 45X45  1.42M POR CAJA;CERAMICAS DEL PROGRESO;12.98;L3,273.21
BSU01;CONSTRUCCION;MATERIALES;CERAMICA;CON009352;CERAMICA 50HA05 50X50 ;DANILOS STORE SA;2.75;L597.83
BSU01;CONSTRUCCION;MATERIALES;CERAMICA;CON009435;CERAMICA TUSCANY GRIGIO PLUS  45X45 2M LA CAJA;STONE MARKET SA DE CV;13.6;L3,555.86
BSU01;CONSTRUCCION;MATERIALES;CERAMICA;CON009681;CAJA DE CERAMICA TIPO PIEDRA (ELDA COBRE) 1.32MTS;MILIAN ODALMA ANTUNEZ TORRES;1;L378.78
BSU01;CONSTRUCCION;MATERIALES;CERAMICA;CON009831;CJA 1.44M2 PORCELANATO 60X60 RUSTICO MATE GRIS;PAPER DEPOT S.A DE C.V;1.44;L788.00
BSU01;CONSTRUCCION;MATERIALES;CERAMICA;CON009832;CAJA PORCELANATO REALCE 61526 61X61 1.87M;FERRETERIA FARAJ. S.A. DE. C.V.;1.87;L1,132.56
BSU01;CONSTRUCCION;MATERIALES;CERAMICA;CON009933;PORCELANATO BLANCO HUESO 600X1200MM 2026;LIVE MZ COMPANY LIMITED;1,209.60;L540,507.33
BSU01;CONSTRUCCION;MATERIALES;CERAMICA;CON004786;PORCELANATO BLANCO HUESO 600X600MM 2024;LIVE MZ COMPANY LIMITED;1,221.12;L343,342.52
BSU01;CONSTRUCCION;MATERIALES;CINTA AISLANTE;CON000899;CINTA SCOTCH 3M USAR;JOCSAN RUEDA/PROYECTO;27;L2,956.99
BSU01;CONSTRUCCION;MATERIALES;CINTA AISLANTE;CON003371;CINTA ADHESIVA ELECTRICA 3M BLANCA ;DISTRIBUIDORA INDUSTRIAL S.A. DE C.V.;5;L209.85
BSU01;CONSTRUCCION;MATERIALES;CINTA AISLANTE;CON003373;CINTA ADHESIVA ELECTRICA 3M VERDE ;DISTRIBUIDORA INDUSTRIAL S.A. DE C.V.;12;L486.60
BSU01;CONSTRUCCION;MATERIALES;CINTA AISLANTE;CON008204;CINTA P/TABLA YESO CHINA 2024;SIN ESPESIFICAR;149;L4,288.06
BSU01;CONSTRUCCION;MATERIALES;CINTA AISLANTE;CON001119;CINTA P/TABLA YESO D/ PAPEL 2X250;MADERAS Y SUMINISTROS OSEGUERA, S.A.;5;L815.02
BSU01;CONSTRUCCION;MATERIALES;CINTA AISLANTE;ELE002404;CINTA DE HULE 3/4X30;DISTRIBUIDORA INDUSTRIAL S.A. DE C.V.;2;L838.58
BSU01;CONSTRUCCION;MATERIALES;CINTA PAPEL;CON003242;CINTA FIBRA VIDRIO T/ YESO Y DUROCK ;FERRETERIA EL BARATILLO S.A;3;L220.06
BSU01;CONSTRUCCION;MATERIALES;DILUYENTES;CON004781;DILUYENTE 411 GALON;LA PERLA DEL COLOR S DE R.L.;3;L1,513.89
BSU01;CONSTRUCCION;MATERIALES;DUCHA;CON004006;DUCHA C/BRAZO VIKINGO;TORNILLOS Y SERVICIOS MULTIPLES LACAST S.A DE C.V;6;L826.92
BSU01;CONSTRUCCION;MATERIALES;DUCHA;CON008008;GRIPO P/LAVADO CHINA 2024 HOTEL;SIN ESPESIFICAR;3;L1,897.68
BSU01;CONSTRUCCION;MATERIALES;DUCHA;CON008009;GRIFO P/DUCHA TERMOSTATICO CHINA 2024 HOTEL;SIN ESPESIFICAR;14;L41,243.58
BSU01;CONSTRUCCION;MATERIALES;DUCHA;CON008011;ESCURRIDOR P/PISO CHINA 2024 HOTEL;SIN ESPESIFICAR;14;L1,112.29
BSU01;CONSTRUCCION;MATERIALES;DUCHA;CON008516;UND. BUMPER P. CERRAD. PUERTA;PAPER DEPOT S.A DE C.V;30;L1,110.00
BSU01;CONSTRUCCION;MATERIALES;ESQUINERO METALICA;CON001124;"ESQUINERO P/TABLA YESO DE 10""";JOCSAN RUEDA/PROYECTO;18;L600.87
BSU01;CONSTRUCCION;MATERIALES;ESQUINERO METALICA;USA000008;ESQUINERO P/TABLA YESO;SIN ESPESIFICAR;9;L9.00
BSU01;CONSTRUCCION;MATERIALES;ESTRACTORES;CON001820;EXTRACTOR DE AIRE 24V-0 11A ;ALMACEN EL PAJARO AZUL S.A DE C.V;4;L363.33
BSU01;CONSTRUCCION;MATERIALES;ESTRACTORES;AAC000327;EXTRACTOR #12 BLANCO PLASTICO 120V 65W;AIRE FRIO DE HONDURAS S. A DE C. V;3;L2,535.64
BSU01;CONSTRUCCION;MATERIALES;FRAGUADO;CON000916;CEMENTO DE PEGAMIX PSP PISO 44LB;AGENCIA LA MUNDIAL S.A DE C.V;10;L2,024.20
BSU01;CONSTRUCCION;MATERIALES;FRAGUADO;CON004319;GROUT CEMIX S/ARENA ALMENDRA 10KG;HONDUGRES S A DE CV;9;L1,797.84
BSU01;CONSTRUCCION;MATERIALES;LAMINA DUROCK T/Y;CON003998;"CANAL DE CARGA DE 16' X 1-1/2"" (0.60)";FERRETERIA FARAJ. S.A. DE. C.V.;37;L1,780.98
BSU01;CONSTRUCCION;MATERIALES;LAMINAS ALUZIN;CON001588;LAMINA ACRILICO TRANSPARENTE 3MM 4X8;CENTRO FERRETERO TORNIFESA S. DE R.L DE C.V.;2;L3,082.38
BSU01;CONSTRUCCION;MATERIALES;LAMINAS ALUZIN;CON008248;ACRILICO LECHOSO 3MM 1.22X2.44;TUBELITE CENTROAMERICA S.A.;2;L2,366.67
BSU01;CONSTRUCCION;MATERIALES;LAMINAS ALUZIN;CON008910;CUMBRERA ALUZINC NATURAL DE 12PIES;RICARDO JESUS BENDECK TURCIOS;6;L900.00
BSU01;CONSTRUCCION;MATERIALES;LAMINAS ALUZIN;CON009189;LAMINA ALUZINC 0.50 C24 ;ALUTECH S.A DE C.V;1;L344.31
BSU01;CONSTRUCCION;MATERIALES;LAMINAS ALUZIN;CON009328;ACRILICO SILVER ESPEJO 3MM ;GLOBALFLEX S.A;2;L3,115.65
BSU01;CONSTRUCCION;MATERIALES;LAMINAS ALUZIN;CON009367;LAMINA EST ALU NAT 0.34 C26  PIES;ALUTECH S.A DE C.V;1;L272.80
BSU01;CONSTRUCCION;MATERIALES;MASILLA;CON000675;MASILLA P/ TABLA YESO VERDE CUBETA;AGENCIA LA MUNDIAL S.A DE C.V;5;L2,901.90
BSU01;CONSTRUCCION;MATERIALES;MASILLA;CON004364;MASILLA SECADO RAPIDO  ;POLARIS INTERNACIONAL S. DE R.L.;4;L1,679.83
BSU01;CONSTRUCCION;MATERIALES;MASILLA;CON005045;BS MASILLA P/ GRIETAS EXTERIOR/INTERIOR MATE BLANC;DISTRIBUIDORA DE MATERIALES S. DE R.L. DE C.V.;8;L1,020.56
BSU01;CONSTRUCCION;MATERIALES;MASILLA;CON006914;MASILLA ACRILICA LANCO (GALON);LA PERLA DEL COLOR S DE R.L.;1;L589.00
BSU01;CONSTRUCCION;MATERIALES;MASILLA;CON009213;MASILLA ACRILICA PREPARADA BEIGE (PORCELANATO);LA PERLA DEL COLOR S DE R.L.;2;L1,378.00
BSU01;CONSTRUCCION;MATERIALES;MASILLA;CON009389;SUR MADERA MASILLA PINO 1/4;LA PERLA DEL COLOR S DE R.L.;7;L912.80
BSU01;CONSTRUCCION;MATERIALES;MASILLA;CON009695;SUR MADERA MASILLA CAOBA 1/4;LA PERLA DEL COLOR S DE R.L.;1;L150.90
BSU01;CONSTRUCCION;MATERIALES;MATERIAL DE CONSTRUCCION;CAR000316;TAPACANTO ORANGE DIS.DUNA 19MM;MADECENTER HONDURAS S.A.;600;L6,260.87
BSU01;CONSTRUCCION;MATERIALES;MATERIAL DE CONSTRUCCION;CON000535;SIKAFLEX EN TUBO A1 COLOR GRIS;CENTRO FERRETERO TORNIFESA S. DE R.L DE C.V.;11;L1,844.12
BSU01;CONSTRUCCION;MATERIALES;MATERIAL DE CONSTRUCCION;CON000539;MANGUERA FLEXIBLE SANITARIO USAR;RICARDO JESUS BENDECK TURCIOS;7;L517.47
BSU01;CONSTRUCCION;MATERIALES;MATERIAL DE CONSTRUCCION;CON000549;CONDULET T DE 1;CIA MERCANTIL LA CASA BLANCA SRL CV;5;L253.50
BSU01;CONSTRUCCION;MATERIALES;MATERIAL DE CONSTRUCCION;CON000551;MANGUERA FLEXIBLE M/COFLEX 16X3/8X1/2  USAR;SIN ESPESIFICAR;1;L40.00
BSU01;CONSTRUCCION;MATERIALES;MATERIAL DE CONSTRUCCION;CON000564;LLAVE DOBLE P/LAVABO M/FOSET 1/2X4 USAR ;AGENCIA LA MUNDIAL S.A DE C.V;3;L832.62
BSU01;CONSTRUCCION;MATERIALES;MATERIAL DE CONSTRUCCION;CON000566;CAJA METALICA OCTAGONAL AGUJERO DE 1/2;CIA MERCANTIL LA CASA BLANCA SRL CV;51;L813.34
BSU01;CONSTRUCCION;MATERIALES;MATERIAL DE CONSTRUCCION;CON000598;DEXSON DUCTO PLASTICO CBL20X12 USAR;DISTRIBUIDORA INDUSTRIAL S.A. DE C.V.;157;L9,613.76
BSU01;CONSTRUCCION;MATERIALES;MATERIAL DE CONSTRUCCION;CON000600;SEPARADORES DE CERAMICA 3MM;RICARDO JESUS BENDECK TURCIOS;1;L13.01
BSU01;CONSTRUCCION;MATERIALES;MATERIAL DE CONSTRUCCION;CON000606;CONECTOR LT RECTO 3/4 TOPAZ;CIA MERCANTIL LA CASA BLANCA SRL CV;33;L495.00
BSU01;CONSTRUCCION;MATERIALES;MATERIAL DE CONSTRUCCION;CON000607;CONECTOR LT CURVO 3/4 TOPAZ;CIA MERCANTIL LA CASA BLANCA SRL CV;12;L372.00
BSU01;CONSTRUCCION;MATERIALES;MATERIAL DE CONSTRUCCION;CON000624;"RODO P/PORTON BALINERA Y BASE DE 4""";FERRETERIA EL BARATILLO S.A;1;L209.81
BSU01;CONSTRUCCION;MATERIALES;MATERIAL DE CONSTRUCCION;CON000627;UNION EMT DE TORNILLO 3/4;SIN ESPESIFICAR;85;L981.75
BSU01;CONSTRUCCION;MATERIALES;MATERIAL DE CONSTRUCCION;CON000642;CONECTOR EMT TORNILLO 3/4 ACERO;SIN ESPESIFICAR;28;L149.24
BSU01;CONSTRUCCION;MATERIALES;MATERIAL DE CONSTRUCCION;CON000643;COUPLING EMT CON TORNILLO 3/4 TOPAZ;CIA MERCANTIL LA CASA BLANCA SRL CV;4;L22.40
BSU01;CONSTRUCCION;MATERIALES;MATERIAL DE CONSTRUCCION;CON000645;TAPON PVC LISO 3/4;CENTRO FERRETERO TORNIFESA S. DE R.L DE C.V.;18;L143.35
BSU01;CONSTRUCCION;MATERIALES;MATERIAL DE CONSTRUCCION;CON000649;TEFLON EN ROLLO 3/4 63140 USAR ;AGENCIA LA MUNDIAL S.A DE C.V;4;L15.68
BSU01;CONSTRUCCION;MATERIALES;MATERIAL DE CONSTRUCCION;CON000654;SIKAFLEX SALCHICHA GRIS ;AGENCIA LA MUNDIAL S.A DE C.V;1;L160.00
BSU01;CONSTRUCCION;MATERIALES;MATERIAL DE CONSTRUCCION;CON000658;CONECTOR BX C/F CURVO DE 1;FREDY LEONARDO FRANCO AGUILAR;2;L104.00
BSU01;CONSTRUCCION;MATERIALES;MATERIAL DE CONSTRUCCION;CON000663;REGULADORA DE GAS R-M2 VERDE DOBLE;SIN ESPESIFICAR;4;L591.32
BSU01;CONSTRUCCION;MATERIALES;MATERIAL DE CONSTRUCCION;CON000668;RIEL STRUT 1 5/8X13/16 X10X2;EQUIPOS INDUSTRIALES S.A. DE C.V;4;L919.68
BSU01;CONSTRUCCION;MATERIALES;MATERIAL DE CONSTRUCCION;CON001110;CONECTOR DE TELEFONO;SIN ESPESIFICAR;20;L260.00
BSU01;CONSTRUCCION;MATERIALES;MATERIAL DE CONSTRUCCION;CON001126;PASADOR DE 3PULG;AGENCIA LA MUNDIAL S.A DE C.V;1;L20.83
BSU01;CONSTRUCCION;MATERIALES;MATERIAL DE CONSTRUCCION;CON001149;LLAMADOR ;TORNILLOS Y SERVICIOS MULTIPLES LACAST S.A DE C.V;43;L1,440.45
BSU01;CONSTRUCCION;MATERIALES;MATERIAL DE CONSTRUCCION;CON001158;"CODO D/ACERO INOXIDABLE HA0113-2""-B";SIN ESPESIFICAR;8;L1,533.20
BSU01;CONSTRUCCION;MATERIALES;MATERIAL DE CONSTRUCCION;CON001167;UNION PVC DE DRENAJE DE 2´´;RICARDO JESUS BENDECK TURCIOS;1;L9.14
BSU01;CONSTRUCCION;MATERIALES;MATERIAL DE CONSTRUCCION;CON001178;ESPANSOR PLAST. 8MM USAR;RAMIRO CARDENAS/PROYECTOS;9,331.00;L1,769.81
BSU01;CONSTRUCCION;MATERIALES;MATERIAL DE CONSTRUCCION;CON001179;ESPANSOR PLASTICO D/10MM;SIN ESPESIFICAR;5,539.00;L1,606.31
BSU01;CONSTRUCCION;MATERIALES;MATERIAL DE CONSTRUCCION;CON001184;CLIPS C/CLAVO D/ACERO;SIN ESPESIFICAR;11,493.00;L2,298.60
BSU01;CONSTRUCCION;MATERIALES;MATERIAL DE CONSTRUCCION;CON001193;BISAGRA 3 PLATA HERMEX USAR;LA PERLA DEL COLOR S DE R.L.;11;L551.54
BSU01;CONSTRUCCION;MATERIALES;MATERIAL DE CONSTRUCCION;CON001230;LLAVIN PELOTA  C/LLAVE LARACH;ALEJANDRO NAPOLEON LARACH LARACH;13;L4,461.73
BSU01;CONSTRUCCION;MATERIALES;MATERIAL DE CONSTRUCCION;CON001248;UNION POTABLE 4;RICARDO JESUS BENDECK TURCIOS;1;L76.40
BSU01;CONSTRUCCION;MATERIALES;MATERIAL DE CONSTRUCCION;CON001273;DISCO 6 EN SECO KOVAX P600;DISTRIBUIDORA DE MATERIALES S. DE R.L. DE C.V.;95;L1,187.50
BSU01;CONSTRUCCION;MATERIALES;MATERIAL DE CONSTRUCCION;CON001285;PERILLA PLATEADA LISA BRILLANTE USAR;JOCSAN RUEDA/PROYECTO;74;L801.13
BSU01;CONSTRUCCION;MATERIALES;MATERIAL DE CONSTRUCCION;CON001288;LLAVIN GAVETA CHINO DRAWER HL-600CP;RAMIRO CARDENAS/PROYECTOS;10;L280.00
BSU01;CONSTRUCCION;MATERIALES;MATERIAL DE CONSTRUCCION;CON001329;PLACA PLASTICA CIEGA 2 X 4;DISTRIBUIDORA INDUSTRIAL S.A. DE C.V.;4;L52.18
BSU01;CONSTRUCCION;MATERIALES;MATERIAL DE CONSTRUCCION;CON001401;ROLLO TAPAGOTERA;TORNILLOS Y SERVICIOS MULTIPLES LACAST S.A DE C.V;19;L5,286.98
BSU01;CONSTRUCCION;MATERIALES;MATERIAL DE CONSTRUCCION;CON001408;"REDUCTOR PVC 2"" X  1 ";NAHUM ALBERTO MENDEZ AGUILERA / PROYECTO;3;L9.00
BSU01;CONSTRUCCION;MATERIALES;MATERIAL DE CONSTRUCCION;CON001411;PELDAÑO GRADA ALUM 2.5MT    ;PAPER DEPOT S.A DE C.V;27;L14,179.09
BSU01;CONSTRUCCION;MATERIALES;MATERIAL DE CONSTRUCCION;CON001413;BOTA DE HULE CUADRADA EXTERNO           ;FERRETERIA EL BARATILLO S.A;24;L114.78
BSU01;CONSTRUCCION;MATERIALES;MATERIAL DE CONSTRUCCION;CON001417;ABRAZADERA STRUT DE 3/4                 ;PROVEEDORA ELECTRICA, S.A. DE C.V.;101;L604.35
BSU01;CONSTRUCCION;MATERIALES;MATERIAL DE CONSTRUCCION;CON001497;UNION POTABLE 1 1/2;RICARDO JESUS BENDECK TURCIOS;1;L17.00
BSU01;CONSTRUCCION;MATERIALES;MATERIAL DE CONSTRUCCION;CON001625;RESISTOL 850 BLANCO CUARTO USAR;SIN ESPESIFICAR;1;L117.39
BSU01;CONSTRUCCION;MATERIALES;MATERIAL DE CONSTRUCCION;CON001628;ADAPTADOR HEMBRA C40 DE 2-1/2 USAR ;SIN ESPESIFICAR;15;L130.50
BSU01;CONSTRUCCION;MATERIALES;MATERIAL DE CONSTRUCCION;CON001632;VALVULA D/COMPUERTA FOSET 1/2;SIN ESPESIFICAR;1;L97.39
BSU01;CONSTRUCCION;MATERIALES;MATERIAL DE CONSTRUCCION;CON001639;FILTRO P/COLADERA ;SIN ESPESIFICAR;11;L440.11
BSU01;CONSTRUCCION;MATERIALES;MATERIAL DE CONSTRUCCION;CON001648;VALVULA ANTI-RETORNO P/COMPRESOR D/AIRE;SIN ESPESIFICAR;2;L215.66
BSU01;CONSTRUCCION;MATERIALES;MATERIAL DE CONSTRUCCION;CON001702;NIPLE DE HIERRO GALVANIZADO 1/4X1/2;FERRETERIA ZUMMAR S.A DE C.V.;1;L18.80
BSU01;CONSTRUCCION;MATERIALES;MATERIAL DE CONSTRUCCION;CON001728;GRAPAS P/VARILLA;ELECTRO CONTROLES S. DE R.L DE C.V;13;L332.91
BSU01;CONSTRUCCION;MATERIALES;MATERIAL DE CONSTRUCCION;CON001821;ESPONJA PARA PULIR;AGENCIA LA MUNDIAL S.A DE C.V;3;L35.49
BSU01;CONSTRUCCION;MATERIALES;MATERIAL DE CONSTRUCCION;CON001890;GOLOSO FRIJOLITO P/F 1/2;LA PERLA DEL COLOR S DE R.L.;405;L109.35
BSU01;CONSTRUCCION;MATERIALES;MATERIAL DE CONSTRUCCION;CON001912;TAPON HEMBRA PVC D/1;MARVIN MARCIANO GOMEZ BAUTISTA / PROYECTOS;22;L113.35
BSU01;CONSTRUCCION;MATERIALES;MATERIAL DE CONSTRUCCION;CON001913;ADAPTADOR HEMBRA PVC 3/4;AGENCIA LA MUNDIAL S.A DE C.V;46;L254.81
BSU01;CONSTRUCCION;MATERIALES;MATERIAL DE CONSTRUCCION;CON001951;UNION UNIVERSAL PVC D 1/2;AGENCIA LA MUNDIAL S.A DE C.V;7;L87.29
BSU01;CONSTRUCCION;MATERIALES;MATERIAL DE CONSTRUCCION;CON001992;BOXER PASADOR DE 3 DORADO;JOCSAN RUEDA/PROYECTO;1;L23.32
BSU01;CONSTRUCCION;MATERIALES;MATERIAL DE CONSTRUCCION;CON002038;FURRING P/ TABLA YESO D/ 12;FERRETERIA EL BARATILLO S.A;5;L169.57
BSU01;CONSTRUCCION;MATERIALES;MATERIAL DE CONSTRUCCION;CON002045;UNION PVC 1-1/2 SCH40;RICARDO JESUS BENDECK TURCIOS;103;L2,260.50
BSU01;CONSTRUCCION;MATERIALES;MATERIAL DE CONSTRUCCION;CON002102;VARILLA ROSCADA 3/8X10 3MTS;CENTRO FERRETERO TORNIFESA S. DE R.L DE C.V.;13;L689.94
BSU01;CONSTRUCCION;MATERIALES;MATERIAL DE CONSTRUCCION;CON002110;"LLAVE INDIVIDUAL PARA LAVAMANOS  1/2"" USAR E.C";AGENCIA LA MUNDIAL S.A DE C.V;8;L1,240.32
BSU01;CONSTRUCCION;MATERIALES;MATERIAL DE CONSTRUCCION;CON002139;ARO DE CERA P/TAZA INODORO;ALEJANDRO NAPOLEON LARACH LARACH;1;L44.44
BSU01;CONSTRUCCION;MATERIALES;MATERIAL DE CONSTRUCCION;CON002222;UNION PVC C-40 2 1/2;NAHUM ALBERTO MENDEZ AGUILERA / PROYECTO;9;L80.91
BSU01;CONSTRUCCION;MATERIALES;MATERIAL DE CONSTRUCCION;CON002239;SEPARADORES DE 5MM;AGENCIA LA MUNDIAL S.A DE C.V;1;L11.18
BSU01;CONSTRUCCION;MATERIALES;MATERIAL DE CONSTRUCCION;CON002246;MEDIDOR PARA CILINDRO;INVERSIONES Y SERVICIOS MULTIPLES J & M;1;L1,200.00
BSU01;CONSTRUCCION;MATERIALES;MATERIAL DE CONSTRUCCION;CON002327;TRUP CLAVO P/CLAVADORA NEUM 2;LA PERLA DEL COLOR S DE R.L.;2;L515.72
BSU01;CONSTRUCCION;MATERIALES;MATERIAL DE CONSTRUCCION;CON002332;TRUP BROCA ROUTER 1/2;LA PERLA DEL COLOR S DE R.L.;7;L783.96
BSU01;CONSTRUCCION;MATERIALES;MATERIAL DE CONSTRUCCION;CON002360;"CLAVO P/CLAVADORA NEUM 1-5/8"" ";TORNILLOS Y SERVICIOS MULTIPLES LACAST S.A DE C.V;1;L347.83
BSU01;CONSTRUCCION;MATERIALES;MATERIAL DE CONSTRUCCION;CON002367;EXTERIOR ACCENT LATEX MATE BASE Y4TSA54-1;DISTRIBUIDORA DE MATERIALES S. DE R.L. DE C.V.;1;L824.89
BSU01;CONSTRUCCION;MATERIALES;MATERIAL DE CONSTRUCCION;CON002402;CAJA METALICA 2X4 AGUJERO 3/4  USAR;RICARDO JESUS BENDECK TURCIOS;18;L261.90
BSU01;CONSTRUCCION;MATERIALES;MATERIAL DE CONSTRUCCION;CON002404;PREFILTRO NARICERA 3M ;LA PERLA DEL COLOR S DE R.L.;10;L542.10
BSU01;CONSTRUCCION;MATERIALES;MATERIAL DE CONSTRUCCION;CON002434;FORMON TOLSEN 32MM 1 1/4;FERRETERIA EL BARATILLO S.A;1;L91.30
BSU01;CONSTRUCCION;MATERIALES;MATERIAL DE CONSTRUCCION;CON002435;CEPILLO CARPINTERO N5 STANLAY 12;FERRETERIA ZUMMAR S.A DE C.V.;1;L457.16
BSU01;CONSTRUCCION;MATERIALES;MATERIAL DE CONSTRUCCION;CON002497;BROCA PALETA 7/8 P/MADERA;TORNILLOS Y SERVICIOS MULTIPLES LACAST S.A DE C.V;8;L463.57
BSU01;CONSTRUCCION;MATERIALES;MATERIAL DE CONSTRUCCION;CON002498;BROCA PALETA 1 PULGA P/MADERA;AGENCIA LA MUNDIAL S.A DE C.V;2;L132.29
BSU01;CONSTRUCCION;MATERIALES;MATERIAL DE CONSTRUCCION;CON002518;MAX HIFLOW, TIPO TANQUE, HASTA 250KBTUS,550L/HR 5M;FRIOPARTES S A DE C.V.;2;L3,043.48
BSU01;CONSTRUCCION;MATERIALES;MATERIAL DE CONSTRUCCION;CON002538;WD40 PENETRANTE WT-400;PAPER DEPOT S.A DE C.V;17;L2,121.85
BSU01;CONSTRUCCION;MATERIALES;MATERIAL DE CONSTRUCCION;CON002581;CURVA DE 1 PULG C20 USAR;JOSE LUIS TEJEDA SOTO;9;L78.27
BSU01;CONSTRUCCION;MATERIALES;MATERIAL DE CONSTRUCCION;CON002582;DISCO SIERRA 10X40 USAR;LA PERLA DEL COLOR S DE R.L.;1;L265.93
BSU01;CONSTRUCCION;MATERIALES;MATERIAL DE CONSTRUCCION;CON002584;TAPADERA METALICA PARA TOMA 50A;DISTRIBUIDORA INDUSTRIAL S.A. DE C.V.;45;L591.30
BSU01;CONSTRUCCION;MATERIALES;MATERIAL DE CONSTRUCCION;CON002873;"BOMBA SUMERGIBLE SERIE C14"" ";BOMBAS Y MOTORES DE HONDURAS S.A DE C.V.;1;L9,262.17
BSU01;CONSTRUCCION;MATERIALES;MATERIAL DE CONSTRUCCION;CON002971;PALA CURVA CON MANGO;AGENCIA LA MUNDIAL S.A DE C.V;2;L423.12
BSU01;CONSTRUCCION;MATERIALES;MATERIAL DE CONSTRUCCION;CON003020;"CAMISA PVC 2"" ";FERRETERIA COSMUVAL S.A DE C.V;13;L231.27
BSU01;CONSTRUCCION;MATERIALES;MATERIAL DE CONSTRUCCION;CON003082;KEM ESMALTE FAST DRY GRIS OC;DISTRIBUIDORA DE MATERIALES S. DE R.L. DE C.V.;5;L4,099.65
BSU01;CONSTRUCCION;MATERIALES;MATERIAL DE CONSTRUCCION;CON003114;CONECTOR CEPO 2;DISTRIBUIDORA INDUSTRIAL S.A. DE C.V.;5;L476.45
BSU01;CONSTRUCCION;MATERIALES;MATERIAL DE CONSTRUCCION;CON003123;CONVERTIDOR A PULIURETANO INDUSTRIAL;DISTRIBUIDORA DE MATERIALES S. DE R.L. DE C.V.;4;L730.10
BSU01;CONSTRUCCION;MATERIALES;MATERIAL DE CONSTRUCCION;CON003226;TALADRO DE IMPACTO 800WATTS TIENDAS USAR ;ALMACEN UNIVERSAL S DE RL DE CV;1;L615.72
BSU01;CONSTRUCCION;MATERIALES;MATERIAL DE CONSTRUCCION;CON003256;CERAMICA IVORY 60X60  TIENDA TERMINAL ;EXPOCERAMICA Y MAS S, DE R.L.;10.08;L3,942.07
BSU01;CONSTRUCCION;MATERIALES;MATERIAL DE CONSTRUCCION;CON003301;FELPA RODILLO 9X3/8;LA PERLA DEL COLOR S DE R.L.;1;L49.08
BSU01;CONSTRUCCION;MATERIALES;MATERIAL DE CONSTRUCCION;CON003332;TRUP JGO COPLES /CONECTOR P/COMPRESOR;ALEJANDRO NAPOLEON LARACH LARACH;1;L213.33
BSU01;CONSTRUCCION;MATERIALES;MATERIAL DE CONSTRUCCION;CON003333;3M CARTUCHOS OV GA /  P MASCARILLA PINTAR ;LA PERLA DEL COLOR S DE R.L.;8;L3,327.60
BSU01;CONSTRUCCION;MATERIALES;MATERIAL DE CONSTRUCCION;CON003382;UNION EMT DE TORNILLO 1/2;DISTRIBUIDORA INDUSTRIAL S.A. DE C.V.;17;L95.88
BSU01;CONSTRUCCION;MATERIALES;MATERIAL DE CONSTRUCCION;CON003395;BOMBA JACTO ELECTRICA PJB 8LTS;CADELGA S.A;1;L3,460.32
BSU01;CONSTRUCCION;MATERIALES;MATERIAL DE CONSTRUCCION;CON003396;TEE DE HIERRO GALVANIZADO DE 1/2;FERRETERIA ZUMMAR S.A DE C.V.;2;L62.86
BSU01;CONSTRUCCION;MATERIALES;MATERIAL DE CONSTRUCCION;CON003397;TEE DE HIERRO GALVANIZADO DE 1/4;FERRETERIA ZUMMAR S.A DE C.V.;1;L41.11
BSU01;CONSTRUCCION;MATERIALES;MATERIAL DE CONSTRUCCION;CON003436;TERMINAL DE OJO CORTA 2-5/16;CIA MERCANTIL LA CASA BLANCA SRL CV;41;L861.00
BSU01;CONSTRUCCION;MATERIALES;MATERIAL DE CONSTRUCCION;CON003438;UNION CORTA P/CABLE#6;DISTRIBUIDORA INDUSTRIAL S.A. DE C.V.;29;L219.53
BSU01;CONSTRUCCION;MATERIALES;MATERIAL DE CONSTRUCCION;CON003442;ABRAZADERA EMT 3;ASLEY NINOSKA REYES RAMOS ;4;L131.02
BSU01;CONSTRUCCION;MATERIALES;MATERIAL DE CONSTRUCCION;CON003444;ABRAZADERA EMT 2-1/2;CIA MERCANTIL LA CASA BLANCA SRL CV;17;L174.31
BSU01;CONSTRUCCION;MATERIALES;MATERIAL DE CONSTRUCCION;CON003466;TRUP CONEXION P MANGUERA JARDIN 1/2;LA PERLA DEL COLOR S DE R.L.;1;L69.39
BSU01;CONSTRUCCION;MATERIALES;MATERIAL DE CONSTRUCCION;CON003484;"LLAVE TUBO 12"" IND TOTAL";AGENCIA LA MUNDIAL S.A DE C.V;1;L121.47
BSU01;CONSTRUCCION;MATERIALES;MATERIAL DE CONSTRUCCION;CON003518;ABRAZADERA CONDUIT 2;CIA MERCANTIL LA CASA BLANCA SRL CV;10;L43.50
BSU01;CONSTRUCCION;MATERIALES;MATERIAL DE CONSTRUCCION;CON003536;"PINZA PRESION 6"" ";AGENCIA LA MUNDIAL S.A DE C.V;4;L44.76
BSU01;CONSTRUCCION;MATERIALES;MATERIAL DE CONSTRUCCION;CON003687;ADMIX BOND (CARTUCHO BLANCO 290 ML);LAZARUS & LAZARUS SA DE CV;23;L3,817.99
BSU01;CONSTRUCCION;MATERIALES;MATERIAL DE CONSTRUCCION;CON003690;REP CUCHILLA CORT CERAM;AGENCIA LA MUNDIAL S.A DE C.V;31;L1,105.76
BSU01;CONSTRUCCION;MATERIALES;MATERIAL DE CONSTRUCCION;CON003712;GANCHO P/ HAMACA 2PC 75MM;AGENCIA LA MUNDIAL S.A DE C.V;3;L166.67
BSU01;CONSTRUCCION;MATERIALES;MATERIAL DE CONSTRUCCION;CON003743;UNION EMT DE TORNILLO 1;DISTRIBUIDORA INDUSTRIAL S.A. DE C.V.;65;L755.30
BSU01;CONSTRUCCION;MATERIALES;MATERIAL DE CONSTRUCCION;CON003751;PORCELANATO CAFE ENTRADA DE COPAN GRADAS ;FERRETERIA MONTERROSO S.A DE C.V;5.4;L3,496.20
BSU01;CONSTRUCCION;MATERIALES;MATERIAL DE CONSTRUCCION;CON003758;PORCELANATO BLANCO ENTRADA DE COPAN PISOS ;HONDUGRES S A DE CV;13.68;L6,259.97
BSU01;CONSTRUCCION;MATERIALES;MATERIAL DE CONSTRUCCION;CON003766;"CINTA DYMO LETRATAG 1/2""X13FT, BLANCA/NEGRA";SYCOM S.A. DE C.V.;1;L140.00
BSU01;CONSTRUCCION;MATERIALES;MATERIAL DE CONSTRUCCION;CON003825;VENTANA CORREDIZA UPVC 0.6X0.4M;AGENCIA LA MUNDIAL S.A DE C.V;1;L755.55
BSU01;CONSTRUCCION;MATERIALES;MATERIAL DE CONSTRUCCION;CON003891;SPRAY ESPUMA DE ALTO PODE SIKA BOOM;ALEJANDRO NAPOLEON LARACH LARACH;1;L372.22
BSU01;CONSTRUCCION;MATERIALES;MATERIAL DE CONSTRUCCION;CON004022;TIRA LINEA C/BOTE/NIVEL TOTAL JGO;AGENCIA LA MUNDIAL S.A DE C.V;3;L155.95
BSU01;CONSTRUCCION;MATERIALES;MATERIAL DE CONSTRUCCION;CON004132;JUEGOS DE CUBOS PARA SACAR FILTROS (GENERADOR);SUPER REPUESTOS HONDURAS, S.A. DE C.V.;1;L1,129.80
BSU01;CONSTRUCCION;MATERIALES;MATERIAL DE CONSTRUCCION;CON004188;CUERDA DE NYLON 100MM;RICARDO JESUS BENDECK TURCIOS;2;L92.00
BSU01;CONSTRUCCION;MATERIALES;MATERIAL DE CONSTRUCCION;CON004225;"BRIDA FLEXIBLE 4"" M/CORTA COFLEX";AGENCIA LA MUNDIAL S.A DE C.V;2;L307.86
BSU01;CONSTRUCCION;MATERIALES;MATERIAL DE CONSTRUCCION;CON004288;ADMIX TECHO 5 BLANCO;LAZARUS & LAZARUS SA DE CV;2;L3,439.13
BSU01;CONSTRUCCION;MATERIALES;MATERIAL DE CONSTRUCCION;CON004310;TERMINAL ALAM MACHO;AGENCIA LA MUNDIAL S.A DE C.V;30;L13.80
BSU01;CONSTRUCCION;MATERIALES;MATERIAL DE CONSTRUCCION;CON004312;PORTA FUSIBLES ;FLORES Y FLORES INGENIERIA S. DE R.L.;36;L1,865.42
BSU01;CONSTRUCCION;MATERIALES;MATERIAL DE CONSTRUCCION;CON004313;FUSIBLE MINI HACHITA;AGENCIA LA MUNDIAL S.A DE C.V;39;L36.27
BSU01;CONSTRUCCION;MATERIALES;MATERIAL DE CONSTRUCCION;CON004324;CANALETA DE PISO 60X13MM 2MTS CON ADHESIVO GRIS;DISTRIBUIDORA INDUSTRIAL S.A. DE C.V.;6;L843.84
BSU01;CONSTRUCCION;MATERIALES;MATERIAL DE CONSTRUCCION;CON004357;PIEDRA P/ESMERIL 150X16MM 80G;AGENCIA LA MUNDIAL S.A DE C.V;1;L26.68
BSU01;CONSTRUCCION;MATERIALES;MATERIAL DE CONSTRUCCION;CON004452;NIPLE GALVANIZADO 1/2X3;AGENCIA LA MUNDIAL S.A DE C.V;3;L24.15
BSU01;CONSTRUCCION;MATERIALES;MATERIAL DE CONSTRUCCION;CON004453;CODO GALVANIZADO 1/2X90 HG;AGENCIA LA MUNDIAL S.A DE C.V;8;L126.80
BSU01;CONSTRUCCION;MATERIALES;MATERIAL DE CONSTRUCCION;CON004455;CERRADURA P/MUEBLE (LOCKER PLAT_MET);LARACH & CIA. S. DE R.L.;21;L4,839.13
BSU01;CONSTRUCCION;MATERIALES;MATERIAL DE CONSTRUCCION;CON004457;ACEITE P/COMPRESOR 16-OZ;AGENCIA LA MUNDIAL S.A DE C.V;10;L1,216.60
BSU01;CONSTRUCCION;MATERIALES;MATERIAL DE CONSTRUCCION;CON004552;SUR SELLADOR UNIVERSAL 524;LA PERLA DEL COLOR S DE R.L.;3;L1,465.23
BSU01;CONSTRUCCION;MATERIALES;MATERIAL DE CONSTRUCCION;CON004570;RIEL DIN 1MX35MMX1METRO;DISTRIBUIDORA INDUSTRIAL S.A. DE C.V.;8;L318.03
BSU01;CONSTRUCCION;MATERIALES;MATERIAL DE CONSTRUCCION;CON004587;LIJA 320 CHINA 2024;SIN ESPESIFICAR;4,643.00;L8,710.22
BSU01;CONSTRUCCION;MATERIALES;MATERIAL DE CONSTRUCCION;CON004593;CINTA ANTIDERRAPANTE CHINA 2026;SIN ESPESIFICAR;51;L1,766.21
BSU01;CONSTRUCCION;MATERIALES;MATERIAL DE CONSTRUCCION;CON004678;MASCARILLA PROTECCION CHINA 2024;SIN ESPESIFICAR;26;L757.25
BSU01;CONSTRUCCION;MATERIALES;MATERIAL DE CONSTRUCCION;CON004679;CHALECO DE SEGURIDAD ARNES CHINA 2024;SIN ESPESIFICAR;6;L2,158.82
BSU01;CONSTRUCCION;MATERIALES;MATERIAL DE CONSTRUCCION;CON004702;VALVULA DE CIERRE RAPIDO DE 3/4;MADERAS Y SUMINISTROS OSEGUERA, S.A.;2;L471.99
BSU01;CONSTRUCCION;MATERIALES;MATERIAL DE CONSTRUCCION;CON004722;CONECTOR DE TOMA A TIERRA PARA PERFILES;FLORES Y FLORES INGENIERIA S. DE R.L.;88;L5,016.00
BSU01;CONSTRUCCION;MATERIALES;MATERIAL DE CONSTRUCCION;CON004728;BOMBA PARA DESATORAR BAÑO;AGENCIA LA MUNDIAL S.A DE C.V;1;L25.88
BSU01;CONSTRUCCION;MATERIALES;MATERIAL DE CONSTRUCCION;CON004778;ANGULO 1/8X1X20;RICARDO JESUS BENDECK TURCIOS;10;L1,401.13
BSU01;CONSTRUCCION;MATERIALES;MATERIAL DE CONSTRUCCION;CON004794;RODO GIRATORIO HULE ;AGENCIA LA MUNDIAL S.A DE C.V;1;L9.29
BSU01;CONSTRUCCION;MATERIALES;MATERIAL DE CONSTRUCCION;CON004813;LLAVIN DOBLE SEGURO YALE DERECHO;AGENCIA LA MUNDIAL S.A DE C.V;2;L1,182.72
BSU01;CONSTRUCCION;MATERIALES;MATERIAL DE CONSTRUCCION;CON004822;CERAMICA KARINA HD37281 32X56;FERRETERIA FARAJ. S.A. DE. C.V.;2;L727.26
BSU01;CONSTRUCCION;MATERIALES;MATERIAL DE CONSTRUCCION;CON004825;MALLA GALLINERO TORO 1X6X150;FERRETERIA FARAJ. S.A. DE. C.V.;47;L34,849.56
BSU01;CONSTRUCCION;MATERIALES;MATERIAL DE CONSTRUCCION;CON004860;DECORACION PARED 70X77 ROSA;AGENCIA LA MUNDIAL S.A DE C.V;1;L31.39
BSU01;CONSTRUCCION;MATERIALES;MATERIAL DE CONSTRUCCION;CON004865;PROTECTO PASTA P EXTERIOR CUBETA ;TORNILLOS Y SERVICIOS MULTIPLES LACAST S.A DE C.V;2;L4,000.00
BSU01;CONSTRUCCION;MATERIALES;MATERIAL DE CONSTRUCCION;CON004913;REDUCTOR UNIVERSAL CLIMA FRESCO;DISTRIBUIDORA DE MATERIALES S. DE R.L. DE C.V.;2;L1,587.80
BSU01;CONSTRUCCION;MATERIALES;MATERIAL DE CONSTRUCCION;CON004922;DISCO P/MADERA DE 4;AGENCIA LA MUNDIAL S.A DE C.V;8;L268.10
BSU01;CONSTRUCCION;MATERIALES;MATERIAL DE CONSTRUCCION;CON004954;SET DE APLICADORES PARA MASILLA DE 3 PIEZAS;DISTRIBUIDORA DE MATERIALES S. DE R.L. DE C.V.;1;L0.00
BSU01;CONSTRUCCION;MATERIALES;MATERIAL DE CONSTRUCCION;CON004956;AIR BLOWN GUN MODELO B1-;DISTRIBUIDORA DE MATERIALES S. DE R.L. DE C.V.;1;L0.00
BSU01;CONSTRUCCION;MATERIALES;MATERIAL DE CONSTRUCCION;CON004959;JUEGO DE COBERTORES DE LLANTAS 4 UNIDADES;DISTRIBUIDORA DE MATERIALES S. DE R.L. DE C.V.;1;L0.00
BSU01;CONSTRUCCION;MATERIALES;MATERIAL DE CONSTRUCCION;CON004961;BANDA ABIERTA EN SECO P100 KOVAX 70X419MM MAXFILM;DISTRIBUIDORA DE MATERIALES S. DE R.L. DE C.V.;5;L1.00
BSU01;CONSTRUCCION;MATERIALES;MATERIAL DE CONSTRUCCION;CON004962;BANDA ABIERTA EN SECO P400 KOVAX 70X419MM MAXFILM;DISTRIBUIDORA DE MATERIALES S. DE R.L. DE C.V.;3;L0.75
BSU01;CONSTRUCCION;MATERIALES;MATERIAL DE CONSTRUCCION;CON004963;SUPER ASSILEX SANDING BLOCK NULL;DISTRIBUIDORA DE MATERIALES S. DE R.L. DE C.V.;1;L0.00
BSU01;CONSTRUCCION;MATERIALES;MATERIAL DE CONSTRUCCION;CON004968;FIVE PIECES TRIM REMOVAL KITT NULL;DISTRIBUIDORA DE MATERIALES S. DE R.L. DE C.V.;1;L0.00
BSU01;CONSTRUCCION;MATERIALES;MATERIAL DE CONSTRUCCION;CON004969;PLIEGO EN SECO KOVAX 600 170X130MM SUPER ASSILEX ;DISTRIBUIDORA DE MATERIALES S. DE R.L. DE C.V.;1;L0.00
BSU01;CONSTRUCCION;MATERIALES;MATERIAL DE CONSTRUCCION;CON004971;BLOQUE MADERA MEDIANO ECONOMICO;DISTRIBUIDORA DE MATERIALES S. DE R.L. DE C.V.;1;L0.00
BSU01;CONSTRUCCION;MATERIALES;MATERIAL DE CONSTRUCCION;CON004972;BANDA ABIERTA EN SECO P220 KOVAX 70X419MM ;DISTRIBUIDORA DE MATERIALES S. DE R.L. DE C.V.;5;L1.00
BSU01;CONSTRUCCION;MATERIALES;MATERIAL DE CONSTRUCCION;CON004992;BROCA MAD/PALETA 6PC 3/8-1/8;CONSTRUCENTER S. DE R.L. DE C.V;1;L82.61
BSU01;CONSTRUCCION;MATERIALES;MATERIAL DE CONSTRUCCION;CON004993;TUBERIA PVC C20/1;CIA MERCANTIL LA CASA BLANCA SRL CV;8;L260.00
BSU01;CONSTRUCCION;MATERIALES;MATERIAL DE CONSTRUCCION;CON004994;CONECTOR PVC C20-1;CIA MERCANTIL LA CASA BLANCA SRL CV;12;L60.00
BSU01;CONSTRUCCION;MATERIALES;MATERIAL DE CONSTRUCCION;CON005011;REP HOJA CALADORA 6TP;AGENCIA LA MUNDIAL S.A DE C.V;3;L463.89
BSU01;CONSTRUCCION;MATERIALES;MATERIAL DE CONSTRUCCION;CON005048;RESISTOL 850 (GAL);PAPER DEPOT S.A DE C.V;7;L3,984.05
BSU01;CONSTRUCCION;MATERIALES;MATERIAL DE CONSTRUCCION;CON005076;LIJADORA ORBITAL BOER TOOLS NULL;DISTRIBUIDORA DE MATERIALES S. DE R.L. DE C.V.;2;L0.40
BSU01;CONSTRUCCION;MATERIALES;MATERIAL DE CONSTRUCCION;CON005081;EN14387 P2A1 PAINT MASK NULL;SIN ESPESIFICAR;1;L0.00
BSU01;CONSTRUCCION;MATERIALES;MATERIAL DE CONSTRUCCION;CON005082;MANOMETRO FASTLINE ANALAGO NULL;DISTRIBUIDORA DE MATERIALES S. DE R.L. DE C.V.;6;L0.57
BSU01;CONSTRUCCION;MATERIALES;MATERIAL DE CONSTRUCCION;CON005089;"BRIDA FLEXIBLE 3"" M/CORTA COFLEX";AGENCIA LA MUNDIAL S.A DE C.V;3;L439.84
BSU01;CONSTRUCCION;MATERIALES;MATERIAL DE CONSTRUCCION;CON006037;INTERRUPTOR CADENA TIRAR ;ALEJANDRO NAPOLEON LARACH LARACH;29;L3,473.04
BSU01;CONSTRUCCION;MATERIALES;MATERIAL DE CONSTRUCCION;CON006046;VARILLA LISA 1/4 ESPECIAL;RICARDO JESUS BENDECK TURCIOS;2;L72.67
BSU01;CONSTRUCCION;MATERIALES;MATERIAL DE CONSTRUCCION;CON006050;ELECTRODO 6013-1/8 ELEFANTE;FERRETERIA EL BARATILLO S.A;4;L1,652.63
BSU01;CONSTRUCCION;MATERIALES;MATERIAL DE CONSTRUCCION;CON006052;CONECTOR CEPO 3/0;CIA MERCANTIL LA CASA BLANCA SRL CV;16;L2,000.00
BSU01;CONSTRUCCION;MATERIALES;MATERIAL DE CONSTRUCCION;CON006055;CONECTOR PVC C20 3/4 AR;CIA MERCANTIL LA CASA BLANCA SRL CV;164;L817.60
BSU01;CONSTRUCCION;MATERIALES;MATERIAL DE CONSTRUCCION;CON006056;CURVA PVC C20 DE 3/4 AR;CIA MERCANTIL LA CASA BLANCA SRL CV;94;L488.80
BSU01;CONSTRUCCION;MATERIALES;MATERIAL DE CONSTRUCCION;CON006060;CERAMICA CARMELO FLOR 02099 OTORO ;FERRETERIA FARAJ. S.A. DE. C.V.;5;L1,493.10
BSU01;CONSTRUCCION;MATERIALES;MATERIAL DE CONSTRUCCION;CON006061;CERAMICA CRISTOFOLETTI 45522 OTORO ;FERRETERIA FARAJ. S.A. DE. C.V.;5;L1,818.15
BSU01;CONSTRUCCION;MATERIALES;MATERIAL DE CONSTRUCCION;CON006062;CERAMICA CARMELO FLOR 22063 OTORO ;FERRETERIA FARAJ. S.A. DE. C.V.;7;L2,090.34
BSU01;CONSTRUCCION;MATERIALES;MATERIAL DE CONSTRUCCION;CON006113;BROCA HIERRO 1/2 DEWALT;AGENCIA LA MUNDIAL S.A DE C.V;7;L515.06
BSU01;CONSTRUCCION;MATERIALES;MATERIAL DE CONSTRUCCION;CON006114;ABRAZADERA MET 1/2X3/4;AGENCIA LA MUNDIAL S.A DE C.V;3;L4.32
BSU01;CONSTRUCCION;MATERIALES;MATERIAL DE CONSTRUCCION;CON006194;PASADOR DORADO 5;JOSE LUIS TEJEDA SOTO;19;L619.11
BSU01;CONSTRUCCION;MATERIALES;MATERIAL DE CONSTRUCCION;CON006200;RODO DE PORTON 3;AGENCIA LA MUNDIAL S.A DE C.V;1;L110.96
BSU01;CONSTRUCCION;MATERIALES;MATERIAL DE CONSTRUCCION;CON006307;LLAVIN PELOTA YALE C/LLAVE;PAPER DEPOT S.A DE C.V;2;L823.50
BSU01;CONSTRUCCION;MATERIALES;MATERIAL DE CONSTRUCCION;CON006310;ALAMBRE GALVANIZADO #16 LBS;FERRETERIA FARAJ. S.A. DE. C.V.;35.2;L787.42
BSU01;CONSTRUCCION;MATERIALES;MATERIAL DE CONSTRUCCION;CON006412;CONECTOR PVC C40 1-1/4 AR;CIA MERCANTIL LA CASA BLANCA SRL CV;60;L720.00
BSU01;CONSTRUCCION;MATERIALES;MATERIAL DE CONSTRUCCION;CON006415;TUBERIA PVC C40 1/2 AR;CIA MERCANTIL LA CASA BLANCA SRL CV;24;L1,123.20
BSU01;CONSTRUCCION;MATERIALES;MATERIAL DE CONSTRUCCION;CON006420;ABRAZADERA EMT 2;RAMIRO CARDENAS/PROYECTOS;14;L92.92
BSU01;CONSTRUCCION;MATERIALES;MATERIAL DE CONSTRUCCION;CON006473;CURVA PVC C20 DE 1-1/4;CIA MERCANTIL LA CASA BLANCA SRL CV;3;L48.00
BSU01;CONSTRUCCION;MATERIALES;MATERIAL DE CONSTRUCCION;CON006474;ABRAZADERA STRUT DE 1-1/4 AR;CENTRO FERRETERO TORNIFESA S. DE R.L DE C.V.;11;L136.47
BSU01;CONSTRUCCION;MATERIALES;MATERIAL DE CONSTRUCCION;CON006505;CURVA EMT 2;ELECTRO CONTROLES S. DE R.L DE C.V;9;L1,080.00
BSU01;CONSTRUCCION;MATERIALES;MATERIAL DE CONSTRUCCION;CON006727;FLOTADOR D /AGUA /P TANQUE;TORNILLOS Y SERVICIOS MULTIPLES LACAST S.A DE C.V;2;L93.89
BSU01;CONSTRUCCION;MATERIALES;MATERIAL DE CONSTRUCCION;CON006749;LLAVIN CORTINA DE METAL ;AGENCIA LA MUNDIAL S.A DE C.V;5;L1,326.90
BSU01;CONSTRUCCION;MATERIALES;MATERIAL DE CONSTRUCCION;CON006760;EXPANSOR PLASTICO S8 CON TOPE ;TORNILLOS Y SERVICIOS MULTIPLES LACAST S.A DE C.V;4,144.00;L6,845.85
BSU01;CONSTRUCCION;MATERIALES;MATERIAL DE CONSTRUCCION;CON006910;FELPA DE 4;JOCSAN RUEDA/PROYECTO;4;L52.73
BSU01;CONSTRUCCION;MATERIALES;MATERIAL DE CONSTRUCCION;CON006916;"FAJILLA PLASTICA 12"" 4.8X30CM NEGRO CHINA 2024";SIN ESPESIFICAR;277;L8,056.54
BSU01;CONSTRUCCION;MATERIALES;MATERIAL DE CONSTRUCCION;CON006917;BANDEJA P/PINTURA CHINA 2024 (13471-615-1);SIN ESPESIFICAR;417;L3,144.95
BSU01;CONSTRUCCION;MATERIALES;MATERIAL DE CONSTRUCCION;CON006933;MAIN TEE 12X15/16;POLARIS INTERNACIONAL S. DE R.L.;4;L238.18
BSU01;CONSTRUCCION;MATERIALES;MATERIAL DE CONSTRUCCION;CON006935;CROSS TEE 4X15/16;POLARIS INTERNACIONAL S. DE R.L.;6;L98.58
BSU01;CONSTRUCCION;MATERIALES;MATERIAL DE CONSTRUCCION;CON006937;CYV DIAMANTE 2X4X7MM;POLARIS INTERNACIONAL S. DE R.L.;9;L818.92
BSU01;CONSTRUCCION;MATERIALES;MATERIAL DE CONSTRUCCION;CON007023;TAPON GASOLINA C/LLAVE;DANILOS STORE SA;1;L279.71
BSU01;CONSTRUCCION;MATERIALES;MATERIAL DE CONSTRUCCION;CON007024;ESQUINERO PLASTICO LINEAL ;RICARDO JESUS BENDECK TURCIOS;24;L1,149.94
BSU01;CONSTRUCCION;MATERIALES;MATERIAL DE CONSTRUCCION;CON007060;ABRAZADERA STRUT DE 2-1/2;CIA MERCANTIL LA CASA BLANCA SRL CV;12;L121.80
BSU01;CONSTRUCCION;MATERIALES;MATERIAL DE CONSTRUCCION;CON007061;GRASA GRAFITADA ;ELECTRO CONTROLES S. DE R.L DE C.V;1;L235.00
BSU01;CONSTRUCCION;MATERIALES;MATERIAL DE CONSTRUCCION;CON007062;CONECTOR PVC C40 2-1/2;ELECTRO CONTROLES S. DE R.L DE C.V;5;L205.00
BSU01;CONSTRUCCION;MATERIALES;MATERIAL DE CONSTRUCCION;CON007084;CABLE ACERADO FT;TORNILLOS Y SERVICIOS MULTIPLES LACAST S.A DE C.V;148;L1,286.96
BSU01;CONSTRUCCION;MATERIALES;MATERIAL DE CONSTRUCCION;CON008012;TRAMPA P/BOTELLAS CHINA 2024 HOTEL ;SIN ESPESIFICAR;37;L8,425.72
BSU01;CONSTRUCCION;MATERIALES;MATERIAL DE CONSTRUCCION;CON008014;PORTA TOALLA DE MANO 2209S CHINA 2024 HOTEL;SIN ESPESIFICAR;1;L139.16
BSU01;CONSTRUCCION;MATERIALES;MATERIAL DE CONSTRUCCION;CON008015;JABONERA 2207S CHINA 2024 HOTEL;SIN ESPESIFICAR;13;L1,644.66
BSU01;CONSTRUCCION;MATERIALES;MATERIAL DE CONSTRUCCION;CON008016;TOALLERO GRANDE 2204S CHINA 2024 HOTEL;SIN ESPESIFICAR;50;L18,976.88
BSU01;CONSTRUCCION;MATERIALES;MATERIAL DE CONSTRUCCION;CON008058;JET BOND SUPER LIJABLE INCLUYE CATALIZADOR 1/4;DISTRIBUIDORA DE MATERIALES S. DE R.L. DE C.V.;2;L0.00
BSU01;CONSTRUCCION;MATERIALES;MATERIAL DE CONSTRUCCION;CON008069;RUEDA NEUMATICA 12X3 1/2 EJE 3/4 ;PAPER DEPOT S.A DE C.V;2;L1,728.00
BSU01;CONSTRUCCION;MATERIALES;MATERIAL DE CONSTRUCCION;CON008082;"FAJILLA PLASTICA 12"" NEGRO 4mmx300 CHINA 2024 ";SIN ESPESIFICAR;871;L7,497.45
BSU01;CONSTRUCCION;MATERIALES;MATERIAL DE CONSTRUCCION;CON008122;FIBRA ABRASIVA MARRON;DISTRIBUIDORA DE MATERIALES S. DE R.L. DE C.V.;7;L221.97
BSU01;CONSTRUCCION;MATERIALES;MATERIAL DE CONSTRUCCION;CON008129;RODO/ RIEL PORTON;TORNILLOS Y SERVICIOS MULTIPLES LACAST S.A DE C.V;3;L868.26
BSU01;CONSTRUCCION;MATERIALES;MATERIAL DE CONSTRUCCION;CON008158;MOTO FILTRO P/GAS RECTO ABRO;AGENCIA LA MUNDIAL S.A DE C.V;8;L90.72
BSU01;CONSTRUCCION;MATERIALES;MATERIAL DE CONSTRUCCION;CON008182;CHALECO DE SEGURIDAD AZUL (TALLERES);SIN ESPESIFICAR;56;L9,737.96
BSU01;CONSTRUCCION;MATERIALES;MATERIAL DE CONSTRUCCION;CON008221;BROCA P/ ROUTER 5/8 FIBRAN ;TORNILLOS Y SERVICIOS MULTIPLES LACAST S.A DE C.V;1;L378.74
BSU01;CONSTRUCCION;MATERIALES;MATERIAL DE CONSTRUCCION;CON008264;LAVAMANOS BLANCO BOWL REDONDO 410X410X170MM;PISOS Y MARMOLES SA DE CV;3;L3,860.87
BSU01;CONSTRUCCION;MATERIALES;MATERIAL DE CONSTRUCCION;CON008302;"PIE DE ZOCALO 4"" NEGRO";PAPER DEPOT S.A DE C.V;270;L5,161.18
BSU01;CONSTRUCCION;MATERIALES;MATERIAL DE CONSTRUCCION;CON008303;BISAGRA T/PIN PALETA M/BECUSA (5);FERRETERIA EL BARATILLO S.A;12;L678.26
BSU01;CONSTRUCCION;MATERIALES;MATERIAL DE CONSTRUCCION;CON008310;CAJA ENGRAPADORA 1/4X5/8;LA PERLA DEL COLOR S DE R.L.;3;L629.86
BSU01;CONSTRUCCION;MATERIALES;MATERIAL DE CONSTRUCCION;CON008350;LLAVIN PORTON YALE DERECHO;AGENCIA LA MUNDIAL S.A DE C.V;1;L845.31
BSU01;CONSTRUCCION;MATERIALES;MATERIAL DE CONSTRUCCION;CON008372;TOPE 1 3/16X1 3/4 P/PUERTA T/DOMO CROMADO ;PAPER DEPOT S.A DE C.V;9;L414.00
BSU01;CONSTRUCCION;MATERIALES;MATERIAL DE CONSTRUCCION;CON008420;TUBERIA PVC C20 1-1/2;CIA MERCANTIL LA CASA BLANCA SRL CV;4;L340.00
BSU01;CONSTRUCCION;MATERIALES;MATERIAL DE CONSTRUCCION;CON008430;CERAMICA 45X45CM 7PC GRECIA GRIS;AGENCIA LA MUNDIAL S.A DE C.V;2;L644.80
BSU01;CONSTRUCCION;MATERIALES;MATERIAL DE CONSTRUCCION;CON008449;ACEITE R-22 GALON;TORNILLOS Y SERVICIOS MULTIPLES LACAST S.A DE C.V;3;L1,513.04
BSU01;CONSTRUCCION;MATERIALES;MATERIAL DE CONSTRUCCION;CON008451;PUNTAS TRUP ESTRELLA PH2;RICARDO JESUS BENDECK TURCIOS;42;L442.22
BSU01;CONSTRUCCION;MATERIALES;MATERIAL DE CONSTRUCCION;CON008453;ADMIX POLY FLEX NS CARTUCHO GRIS 300 ML;LAZARUS & LAZARUS SA DE CV;1;L144.35
BSU01;CONSTRUCCION;MATERIALES;MATERIAL DE CONSTRUCCION;CON008469;LAMINA DE PVC MARMOL CHINA ;SIN ESPESIFICAR;2;L1,361.84
BSU01;CONSTRUCCION;MATERIALES;MATERIAL DE CONSTRUCCION;CON008503;MASKING TAPE VERDE 833 HYSTIK 24.5MMX55M;DISTRIBUIDORA DE MATERIALES S. DE R.L. DE C.V.;7;L411.42
BSU01;CONSTRUCCION;MATERIALES;MATERIAL DE CONSTRUCCION;CON008533;TAPON COPA GALVAN 2;RICARDO JESUS BENDECK TURCIOS;4;L280.00
BSU01;CONSTRUCCION;MATERIALES;MATERIAL DE CONSTRUCCION;CON008547;TABLA YESO AMERICANA;RICARDO JESUS BENDECK TURCIOS;2;L610.00
BSU01;CONSTRUCCION;MATERIALES;MATERIAL DE CONSTRUCCION;CON008863;CARTUCHO DE POLIPROPILENO 20X4.5 10MLC;INVERSIONES INDUMAQ S DE RL;2;L734.00
BSU01;CONSTRUCCION;MATERIALES;MATERIAL DE CONSTRUCCION;CON008864;CARTUCHO CARBON ACTIVADO 20X4.5 MIC;INVERSIONES INDUMAQ S DE RL;3;L2,592.00
BSU01;CONSTRUCCION;MATERIALES;MATERIAL DE CONSTRUCCION;CON008891;MASKING TAPE 820 AUTOMOTRIZ 24MM X 36.58 M;DISTRIBUIDORA DE MATERIALES S. DE R.L. DE C.V.;3;L0.00
BSU01;CONSTRUCCION;MATERIALES;MATERIAL DE CONSTRUCCION;CON008904;PLATINA 1/8 X 2 X 20 H.G;RICARDO JESUS BENDECK TURCIOS;2;L476.00
BSU01;CONSTRUCCION;MATERIALES;MATERIAL DE CONSTRUCCION;CON008909;ERRADIC RODENTICIDA;SIN ESPESIFICAR;1;L560.87
BSU01;CONSTRUCCION;MATERIALES;MATERIAL DE CONSTRUCCION;CON008911;"TACO METAL C/PERNO 1/2X5-1/2""";TORNILLOS Y SERVICIOS MULTIPLES LACAST S.A DE C.V;1;L22.74
BSU01;CONSTRUCCION;MATERIALES;MATERIAL DE CONSTRUCCION;CON008947;"TEE LISA 6"" DRENAJE INYECTADO PVC";PAPER DEPOT S.A DE C.V;3;L471.00
BSU01;CONSTRUCCION;MATERIALES;MATERIAL DE CONSTRUCCION;CON008949;"ANGULO 2"" TIPO L BICROMATADO";PAPER DEPOT S.A DE C.V;79;L519.82
BSU01;CONSTRUCCION;MATERIALES;MATERIAL DE CONSTRUCCION;CON008975;PANEL DECORATIVO BLANCO 50X50CM CHINA 2025;SIN ESPESIFICAR;1,389.00;L33,667.39
BSU01;CONSTRUCCION;MATERIALES;MATERIAL DE CONSTRUCCION;CON008976;PANEL TIPO LADRILLO ROSA 70X77CM CHINA 2025;SIN ESPESIFICAR;1,956.00;L25,534.86
BSU01;CONSTRUCCION;MATERIALES;MATERIAL DE CONSTRUCCION;CON008980;BALANZA GRANDE KTRUE CHINA 2025;SIN ESPESIFICAR;2;L1,024.64
BSU01;CONSTRUCCION;MATERIALES;MATERIAL DE CONSTRUCCION;CON008981;MAQUINA DE CORTE  PRESION COLOR NEGRA CHINA 2025;SIN ESPESIFICAR;1;L512.32
BSU01;CONSTRUCCION;MATERIALES;MATERIAL DE CONSTRUCCION;CON008982;MAQUINA DE CORTE COLOR VERDE  MANUAL CHINA 2025;SIN ESPESIFICAR;1;L512.32
BSU01;CONSTRUCCION;MATERIALES;MATERIAL DE CONSTRUCCION;CON008991;AMORTIGUADOR TOPES DE PUERTA CHINA;SIN ESPESIFICAR;603;L15,124.57
BSU01;CONSTRUCCION;MATERIALES;MATERIAL DE CONSTRUCCION;CON008992;COLGADOR CROMADO PARA VESTIDOR CHINA 2025;SIN ESPESIFICAR;905;L11,092.28
BSU01;CONSTRUCCION;MATERIALES;MATERIAL DE CONSTRUCCION;CON009010;CINTA FIBRA VIDRIO DUROCK;AGENCIA LA MUNDIAL S.A DE C.V;2;L637.01
BSU01;CONSTRUCCION;MATERIALES;MATERIAL DE CONSTRUCCION;CON009078;DISCO P/MADERA 12 PULGADAS X60 DIENTES ;TORNILLOS Y SERVICIOS MULTIPLES LACAST S.A DE C.V;6;L2,921.76
BSU01;CONSTRUCCION;MATERIALES;MATERIAL DE CONSTRUCCION;CON009134;TORNILLO PLAST P/ASIENTO SANIT;AGENCIA LA MUNDIAL S.A DE C.V;11;L254.87
BSU01;CONSTRUCCION;MATERIALES;MATERIAL DE CONSTRUCCION;CON009135;BROCA CONCRETO 3/8X4X6 SDSPLUS;CENTRO FERRETERO TORNIFESA S. DE R.L DE C.V.;4;L460.00
BSU01;CONSTRUCCION;MATERIALES;MATERIAL DE CONSTRUCCION;CON009136;BROCA CONCRETO 5/16X4X6 SDSPLUS;AGENCIA LA MUNDIAL S.A DE C.V;1;L96.50
BSU01;CONSTRUCCION;MATERIALES;MATERIAL DE CONSTRUCCION;CON009157;ASIENTO SANITARIO REDONDO AMERICAN STANDARD;AGENCIA LA MUNDIAL S.A DE C.V;5;L1,371.55
BSU01;CONSTRUCCION;MATERIALES;MATERIAL DE CONSTRUCCION;CON009162;CADENA GALV BRILLANTE 1/2;AGENCIA LA MUNDIAL S.A DE C.V;30;L1,087.80
BSU01;CONSTRUCCION;MATERIALES;MATERIAL DE CONSTRUCCION;CON009171;GUANTE CUERO P/HOMBRE TOTAL;AGENCIA LA MUNDIAL S.A DE C.V;4;L697.00
BSU01;CONSTRUCCION;MATERIALES;MATERIAL DE CONSTRUCCION;CON009174;BROCA CONCRETO 3/16;LA PERLA DEL COLOR S DE R.L.;5;L68.55
BSU01;CONSTRUCCION;MATERIALES;MATERIAL DE CONSTRUCCION;CON009179;"GRAPA  P/CABLE D/3/16""";CENTRO FERRETERO TORNIFESA S. DE R.L DE C.V.;2;L19.14
BSU01;CONSTRUCCION;MATERIALES;MATERIAL DE CONSTRUCCION;CON009196;CAJA P/ENGRAPADORA 5/16 TRUPER;TORNILLOS Y SERVICIOS MULTIPLES LACAST S.A DE C.V;1;L43.48
BSU01;CONSTRUCCION;MATERIALES;MATERIAL DE CONSTRUCCION;CON009256;RODO GIRATORIO S/PLACA 4 HULE GRIS SUAVE;PAPER DEPOT S.A DE C.V;4;L864.00
BSU01;CONSTRUCCION;MATERIALES;MATERIAL DE CONSTRUCCION;CON009258;BISAGRA BECUSA 3X3 INOX;AGENCIA LA MUNDIAL S.A DE C.V;33;L3,039.63
BSU01;CONSTRUCCION;MATERIALES;MATERIAL DE CONSTRUCCION;CON009268;BLINE CRUZ PARA DUCTO GAL 4;EQUIPOS INDUSTRIALES S.A. DE C.V;3;L1,749.00
BSU01;CONSTRUCCION;MATERIALES;MATERIAL DE CONSTRUCCION;CON009269;BLINE TEE  PARA DUCTO GAL 4;EQUIPOS INDUSTRIALES S.A. DE C.V;9;L5,900.40
BSU01;CONSTRUCCION;MATERIALES;MATERIAL DE CONSTRUCCION;CON009329;ESQUINERO EXTERNO P/WPC 2.90M;MARLON GEOVANNI GARCIA ARANA;10;L1,174.00
BSU01;CONSTRUCCION;MATERIALES;MATERIAL DE CONSTRUCCION;CON009339;ESMALTE EPOXICO KEMCATI COAT BRILLANTE GRIS/PART A;DISTRIBUIDORA DE MATERIALES S. DE R.L. DE C.V.;3;L4,504.80
BSU01;CONSTRUCCION;MATERIALES;MATERIAL DE CONSTRUCCION;CON009362;FAST DRY CROMO;TORNILLOS Y SERVICIOS MULTIPLES LACAST S.A DE C.V;1;L1,273.91
BSU01;CONSTRUCCION;MATERIALES;MATERIAL DE CONSTRUCCION;CON009461;MAIN TEE 12 DECORATIVA BLCA;ALEJANDRO NAPOLEON LARACH LARACH;9;L520.02
BSU01;CONSTRUCCION;MATERIALES;MATERIAL DE CONSTRUCCION;CON009462;CROSS TEE 4 DECORATIVA BLCA ;ALEJANDRO NAPOLEON LARACH LARACH;2;L30.56
BSU01;CONSTRUCCION;MATERIALES;MATERIAL DE CONSTRUCCION;CON009514;"MARCO C/SEGUETA FIJO 12"" TOTAL";TORNILLOS Y SERVICIOS MULTIPLES LACAST S.A DE C.V;2;L115.04
BSU01;CONSTRUCCION;MATERIALES;MATERIAL DE CONSTRUCCION;CON009528;ANCLAJE CUÑA 1/2X7;TORNILLOS Y SERVICIOS MULTIPLES LACAST S.A DE C.V;5;L151.28
BSU01;CONSTRUCCION;MATERIALES;MATERIAL DE CONSTRUCCION;CON009535;BOMBA ELECTRICA RECARGABLE QUICKFILL USB;DISTRIBUCIONES UNIVERSALES S.A. DE C.V.;2;L891.30
BSU01;CONSTRUCCION;MATERIALES;MATERIAL DE CONSTRUCCION;CON009539;TAPON INTERNO CUADRADO 3/4X3/4;TORNILLOS Y SERVICIOS MULTIPLES LACAST S.A DE C.V;76;L125.57
BSU01;CONSTRUCCION;MATERIALES;MATERIAL DE CONSTRUCCION;CON009548;CURVA PVC C20 DE 1;CIA MERCANTIL LA CASA BLANCA SRL CV;3;L43.20
BSU01;CONSTRUCCION;MATERIALES;MATERIAL DE CONSTRUCCION;CON009573;GRAPA P/GRAPADORA 3/8 1000PC;AGENCIA LA MUNDIAL S.A DE C.V;2;L113.00
BSU01;CONSTRUCCION;MATERIALES;MATERIAL DE CONSTRUCCION;CON009587;VALLA DOBLE CARA 14MM.1X3MT COLOR VERDE;ALEJANDRO NAPOLEON LARACH LARACH;1;L567.90
BSU01;CONSTRUCCION;MATERIALES;MATERIAL DE CONSTRUCCION;CON009602;SIFON P/LAVABO 1-1/2;AGENCIA LA MUNDIAL S.A DE C.V;1;L257.30
BSU01;CONSTRUCCION;MATERIALES;MATERIAL DE CONSTRUCCION;CON009608;SEGUETA P/SIERRA SABLE CORTE 12 TRUPER;LA PERLA DEL COLOR S DE R.L.;4;L707.24
BSU01;CONSTRUCCION;MATERIALES;MATERIAL DE CONSTRUCCION;CON009626;ASIENTO PLASTICO P/SANITARIO BLANCO ;FERRETERIA EL BARATILLO S.A;1;L125.21
BSU01;CONSTRUCCION;MATERIALES;MATERIAL DE CONSTRUCCION;CON009627;BOTA D/HULE T/CUADRADA INTERNA D/1;FERRETERIA EL BARATILLO S.A;16;L29.22
BSU01;CONSTRUCCION;MATERIALES;MATERIAL DE CONSTRUCCION;CON009628;ESTANO BAKU 100G 0.8MM;CIRCUITOS Y DESARROLLOS EN TECNOLOGIA S DE RL;3;L547.82
BSU01;CONSTRUCCION;MATERIALES;MATERIAL DE CONSTRUCCION;CON009629;FLUX BAKU BK-223 10G;CIRCUITOS Y DESARROLLOS EN TECNOLOGIA S DE RL;4;L521.74
BSU01;CONSTRUCCION;MATERIALES;MATERIAL DE CONSTRUCCION;CON009634;TRUP GRAPA 1/2 P/GRAPAD MANUAL;TORNILLOS Y SERVICIOS MULTIPLES LACAST S.A DE C.V;1;L53.63
BSU01;CONSTRUCCION;MATERIALES;MATERIAL DE CONSTRUCCION;CON009649;RODO GIRATORIO 75X22 MM;TORNILLOS Y SERVICIOS MULTIPLES LACAST S.A DE C.V;14;L908.18
BSU01;CONSTRUCCION;MATERIALES;MATERIAL DE CONSTRUCCION;CON009658;BOMBA FUMIGAR TOTAL 2LT;AGENCIA LA MUNDIAL S.A DE C.V;2;L166.22
BSU01;CONSTRUCCION;MATERIALES;MATERIAL DE CONSTRUCCION;CON009665;BOTON CROMADO SENCILLO;ALEJANDRO NAPOLEON LARACH LARACH;2;L337.78
BSU01;CONSTRUCCION;MATERIALES;MATERIAL DE CONSTRUCCION;CON009667;LIQ DESOXIDANTE REMOVEDOR DE OXIDO ;LA PERLA DEL COLOR S DE R.L.;15;L3,849.75
BSU01;CONSTRUCCION;MATERIALES;MATERIAL DE CONSTRUCCION;CON009669;ACCES MALLA P/PINTURA;LA PERLA DEL COLOR S DE R.L.;4;L216.56
BSU01;CONSTRUCCION;MATERIALES;MATERIAL DE CONSTRUCCION;CON009682;TOPE P/PUERTA PHIILLIPS;AGENCIA LA MUNDIAL S.A DE C.V;5;L778.95
BSU01;CONSTRUCCION;MATERIALES;MATERIAL DE CONSTRUCCION;CON009702;TERMINAL M/TRUPER P/MANGUERA HEMBRA 1/2;FERRETERIA EL BARATILLO S.A;1;L26.09
BSU01;CONSTRUCCION;MATERIALES;MATERIAL DE CONSTRUCCION;CON009703;TERMINAL M/TRUPER P/MANGUERA MACHO 1/2;FERRETERIA EL BARATILLO S.A;1;L22.61
BSU01;CONSTRUCCION;MATERIALES;MATERIAL DE CONSTRUCCION;CON009705;FILTRO M/TRUPER D/HIDROLAVADORA;FERRETERIA EL BARATILLO S.A;4;L556.53
BSU01;CONSTRUCCION;MATERIALES;MATERIAL DE CONSTRUCCION;CON009716;FELPA M/TOLSEN P/PINTAR D/4;FERRETERIA EL BARATILLO S.A;30;L260.87
BSU01;CONSTRUCCION;MATERIALES;MATERIAL DE CONSTRUCCION;CON009735;ADAPTADOR PLASTICO P/MANGUERA TIPO Y;TORNILLOS Y SERVICIOS MULTIPLES LACAST S.A DE C.V;16;L904.35
BSU01;CONSTRUCCION;MATERIALES;MATERIAL DE CONSTRUCCION;CON009742;CAJA 11 LBS ELECTRODO 308L-1/8 P/ACERO INOX;PAPER DEPOT S.A DE C.V;1;L1,468.80
BSU01;CONSTRUCCION;MATERIALES;MATERIAL DE CONSTRUCCION;CON009745;COMPUERTA PARA REGISTRO PLASTICA 18X18 ACCESO;PAPER DEPOT S.A DE C.V;2;L1,044.00
BSU01;CONSTRUCCION;MATERIALES;MATERIAL DE CONSTRUCCION;CON009752;CANALETA DE ALUMINIO 50X12MM DE 1M;DISTRIBUIDORA TECNOLOGICA DE HONDURAS S.A;6;L2,394.78
BSU01;CONSTRUCCION;MATERIALES;MATERIAL DE CONSTRUCCION;CON009753;CERAMICA 30X30CM ALMENDRO PAQ 11 PZA LA PAZ;PAPER DEPOT S.A DE C.V;1;L530.00
BSU01;CONSTRUCCION;MATERIALES;MATERIAL DE CONSTRUCCION;CON009754;CERAMICA 30X30 P/PISO BEIGE LA PAZ;PAPER DEPOT S.A DE C.V;2;L502.00
BSU01;CONSTRUCCION;MATERIALES;MATERIAL DE CONSTRUCCION;CON009759;BORDE PROTECTOR D/GRADA ANTIDERRAPANTE P/CERAMICA;PAPER DEPOT S.A DE C.V;4;L1,359.69
BSU01;CONSTRUCCION;MATERIALES;MATERIAL DE CONSTRUCCION;CON009771;RODO INDUSTRIAL GIRATORIO 3 GRIS;PAPER DEPOT S.A DE C.V;8;L1,328.00
BSU01;CONSTRUCCION;MATERIALES;MATERIAL DE CONSTRUCCION;CON009774;PAR CORREDERA 1 3/8X12 EXTENDIBLE ;PAPER DEPOT S.A DE C.V;12;L1,032.00
BSU01;CONSTRUCCION;MATERIALES;MATERIAL DE CONSTRUCCION;CON009787;BISAGRA 2X2 C/TOR;FERRETERIA EL BARATILLO S.A;8;L236.40
BSU01;CONSTRUCCION;MATERIALES;MATERIAL DE CONSTRUCCION;CON009790;POLEA ARRANQUE GENERADOR;METROCENTRO FERRETERIA & ALMACENES SA DE CV;2;L952.92
BSU01;CONSTRUCCION;MATERIALES;MATERIAL DE CONSTRUCCION;CON009793;ELITE REPUESTO PROTECCION INTERIOR ;LA PERLA DEL COLOR S DE R.L.;3;L90.72
BSU01;CONSTRUCCION;MATERIALES;MATERIAL DE CONSTRUCCION;CON009795;RODO GIRATORIO 2 1/2;TORNILLOS Y SERVICIOS MULTIPLES LACAST S.A DE C.V;1;L64.21
BSU01;CONSTRUCCION;MATERIALES;MATERIAL DE CONSTRUCCION;CON009796;TAPACANTO LARICINA (TOSCANA) 19 X 0.40MM;MADECENTER HONDURAS S.A.;300;L3,130.43
BSU01;CONSTRUCCION;MATERIALES;MATERIAL DE CONSTRUCCION;CON009799;CORDEL NYLON BLANCO TRENZADO PARA ARRANQUE;PAPER DEPOT S.A DE C.V;328;L972.00
BSU01;CONSTRUCCION;MATERIALES;MATERIAL DE CONSTRUCCION;CON009801;RODO GIRAT. 3X1 1/4 CAP 250LB P/RUEDA  /HIERRO;PAPER DEPOT S.A DE C.V;1;L172.00
BSU01;CONSTRUCCION;MATERIALES;MATERIAL DE CONSTRUCCION;CON009816;PISTOLA P/PINTAR 20V 1B TOTAL;AGENCIA LA MUNDIAL S.A DE C.V;1;L901.28
BSU01;CONSTRUCCION;MATERIALES;MATERIAL DE CONSTRUCCION;CON009822;BS ACOND SUPERF BASE AGUA MATE TRANSPARENTE ;DISTRIBUIDORA DE MATERIALES S. DE R.L. DE C.V.;1;L692.93
BSU01;CONSTRUCCION;MATERIALES;MATERIAL DE CONSTRUCCION;CON009828;LAMINA CIELO FALSO FIBRA MINERAL 2X2;CENTRO FERRETERO TORNIFESA S. DE R.L DE C.V.;14;L2,532.97
BSU01;CONSTRUCCION;MATERIALES;MATERIAL DE CONSTRUCCION;CON009855;"CONO REFLECTIVO 27""";AGENCIA LA MUNDIAL S.A DE C.V;3;L556.92
BSU01;CONSTRUCCION;MATERIALES;MATERIAL DE CONSTRUCCION;CON009856;BROCA SACABOCADO 5PC;AGENCIA LA MUNDIAL S.A DE C.V;5;L1,014.05
BSU01;CONSTRUCCION;MATERIALES;MATERIAL DE CONSTRUCCION;SEL001935;CONECTOR YC 4 A 4;CIA MERCANTIL LA CASA BLANCA SRL CV;1;L10.40
BSU01;CONSTRUCCION;MATERIALES;MATERIAL DE CONSTRUCCION;SELL001152;RIEL DE 3 METROS BLANCO 5046WH ORION;LED STORE S.A DE C.V;2;L869.57
BSU01;CONSTRUCCION;MATERIALES;MATERIAL DE CONSTRUCCION;USA000021;RIEL STRUT;SIN ESPESIFICAR;1;L1.00
BSU01;CONSTRUCCION;MATERIALES;MATERIAL DE CONSTRUCCION;CON000579;TEE PVC POTABLE INYECTADA DE 6 C-40;MADERAS Y SUMINISTROS OSEGUERA, S.A.;3;L2,285.34
BSU01;CONSTRUCCION;MATERIALES;MATERIAL DE CONSTRUCCION;CON001841;METABO DISCO P/ACERO INOX 7X1/16X7/8;NAHUM ALBERTO MENDEZ AGUILERA / PROYECTO;5;L261.55
BSU01;CONSTRUCCION;MATERIALES;MATERIAL DE CONSTRUCCION;CON003405;LAMINA DESPLEGADA GRUESA 1/8 X 3/4 #9;CENTRO FERRETERO TORNIFESA S. DE R.L DE C.V.;4;L4,648.48
BSU01;CONSTRUCCION;MATERIALES;MATERIAL DE CONSTRUCCION;CON003755;UNION LARGA P/ CABLE 3/0;DISTRIBUIDORA INDUSTRIAL S.A. DE C.V.;14;L816.78
BSU01;CONSTRUCCION;MATERIALES;MATERIAL DE CONSTRUCCION;CON004777;TUBO ESTRUCTURAL GALV 1X1 C-16;RICARDO JESUS BENDECK TURCIOS;3;L669.68
BSU01;CONSTRUCCION;MATERIALES;MATERIAL DE CONSTRUCCION;CON004793;TOPE P/PUERTA;PAPER DEPOT S.A DE C.V;1;L15.11
BSU01;CONSTRUCCION;MATERIALES;MATERIAL DE CONSTRUCCION;CON005006;FURRING CHANNEL 7/8X12 C/PESTAÑA;CENTRO FERRETERO TORNIFESA S. DE R.L DE C.V.;12;L694.17
BSU01;CONSTRUCCION;MATERIALES;MATERIAL DE CONSTRUCCION;CON009192;CLIP PLASTICO NIVELADOR D/CERAMICA 3MM (100PZ);CENTRO FERRETERO TORNIFESA S. DE R.L DE C.V.;2;L266.06
BSU01;CONSTRUCCION;MATERIALES;MATERIAL DE CONSTRUCCION;CON009286;ESQUINERO DE VINYL DE 10FT P/TABLAYESO 1 1/4X10;MADERAS Y SUMINISTROS OSEGUERA, S.A.;59;L4,235.05
BSU01;CONSTRUCCION;MATERIALES;MATERIAL DE CONSTRUCCION;CON009744;RODO GIRATORIO 50X21MM S/F;TORNILLOS Y SERVICIOS MULTIPLES LACAST S.A DE C.V;9;L190.06
BSU01;CONSTRUCCION;MATERIALES;MATERIAL DE CONSTRUCCION;CON004211;"CLAVO ACERADO DE 1""";FERRETERIA FARAJ. S.A. DE. C.V.;146;L2,912.70
BSU01;CONSTRUCCION;MATERIALES;MATERIAL DE CONSTRUCCION;CON001326;FELPA DE 9´´;AGENCIA LA MUNDIAL S.A DE C.V;55;L951.47
BSU01;CONSTRUCCION;MATERIALES;MATERIAL DE CONSTRUCCION;CON000581;CINTA TEFLON 3/4X7YDX0.075MM ;AGENCIA LA MUNDIAL S.A DE C.V;13;L61.55
BSU01;CONSTRUCCION;MATERIALES;MATERIAL DE CONSTRUCCION;CON009273;PAR CARBONES ;TORNILLOS Y SERVICIOS MULTIPLES LACAST S.A DE C.V;2;L643.48
BSU01;CONSTRUCCION;MATERIALES;MATERIAL DE CONSTRUCCION;CON009184;CLIPS P/NIVELAR CERÁMICA 3.0MM (100PCS);FERRETERIA FARAJ. S.A. DE. C.V.;27;L1,104.57
BSU01;CONSTRUCCION;MATERIALES;MATERIAL DE CONSTRUCCION;CON002035;CEPILLO ALAMBRE ;AGENCIA LA MUNDIAL S.A DE C.V;5;L136.64
BSU01;CONSTRUCCION;MATERIALES;MATERIAL DE CONSTRUCCION;CON009905;HILO P/PESCAR 0.90MMX100M;AGENCIA LA MUNDIAL S.A DE C.V;11;L344.74
BSU01;CONSTRUCCION;MATERIALES;MATERIAL DE CONSTRUCCION;CON003773;RODO GIRATORIO METAL 125X32MM;TORNILLOS Y SERVICIOS MULTIPLES LACAST S.A DE C.V;1;L339.14
BSU01;CONSTRUCCION;MATERIALES;MATERIAL DE CONSTRUCCION;CON009934;CAJA PLAST ORGAN #4 207X350X164MM AZUL;AGENCIA LA MUNDIAL S.A DE C.V;60;L8,925.60
BSU01;CONSTRUCCION;MATERIALES;MATERIAL DE CONSTRUCCION;CON002419;JET BOND SUPER LIJABLE INCLUYE CATALIZADOR;DISTRIBUIDORA DE MATERIALES S. DE R.L. DE C.V.;6;L4,076.76
BSU01;CONSTRUCCION;MATERIALES;MATERIAL DE CONSTRUCCION;CON006542;RIEL STRUT 1 5/8X1 3/16 BAJO ;CIA MERCANTIL LA CASA BLANCA SRL CV;12;L1,680.00
BSU01;CONSTRUCCION;MATERIALES;MATERIAL DE CONSTRUCCION;CON009916;ALDABA 2.5;TORNILLOS Y SERVICIOS MULTIPLES LACAST S.A DE C.V;68;L1,478.32
BSU01;CONSTRUCCION;MATERIALES;MATERIAL DE CONSTRUCCION;CON009912;RODO GIRATORIO METAL 50X20MM;TORNILLOS Y SERVICIOS MULTIPLES LACAST S.A DE C.V;2;L86.96
BSU01;CONSTRUCCION;MATERIALES;MATERIAL DE CONSTRUCCION;CON001428;LLAVE PLASTICA P/OASIS                  ;TORNILLOS Y SERVICIOS MULTIPLES LACAST S.A DE C.V;22;L484.00
BSU01;CONSTRUCCION;MATERIALES;MATERIAL DE CONSTRUCCION;CON004909;TAPACANTO TOSCANA 19 X 0.40MM;MADECENTER HONDURAS S.A.;800;L8,347.84
BSU01;CONSTRUCCION;MATERIALES;MATERIAL DE CONSTRUCCION;CON001980;METRO DE ARENA;DENIA JUDITH MARTINEZ BONILLA;5;L1,583.35
BSU01;CONSTRUCCION;MATERIALES;MATERIAL DE CONSTRUCCION;CON009616;WALD JUEGO DE CUCHILLAS PARA CANTEADORA 8 HSS 4PC;FERRETERIA ZUMMAR S.A DE C.V.;1;L1,360.80
BSU01;CONSTRUCCION;MATERIALES;MATERIAL DE CONSTRUCCION;CON009949;CARRETA PARA CLIENTES TIENDAS CHINA QD-26001 USAR ;SIN ESPESIFICAR;59;L99,419.15
BSU01;CONSTRUCCION;MATERIALES;MATERIAL DE CONSTRUCCION;CON009591;MANTEL P/MESA PVC 1.37MX0.20MM;AGENCIA LA MUNDIAL S.A DE C.V;32.75;L909.79
BSU01;CONSTRUCCION;MATERIALES;MATERIAL DE CONSTRUCCION;CON009965;"CEPILLO ALAMBRE 5"" T/COPA 5""";TORNILLOS Y SERVICIOS MULTIPLES LACAST S.A DE C.V;3;L460.11
BSU01;CONSTRUCCION;MATERIALES;MATERIAL DE CONSTRUCCION;CON009969;CUCHILLA M/TOLSEN D/REPUESTO P/CORTADOR D/AZULEJOS;FERRETERIA EL BARATILLO S.A;7;L719.59
BSU01;CONSTRUCCION;MATERIALES;MATERIAL DE CONSTRUCCION;CON009970;PELDAÑO DE ALUMINIO ANTIRRESBALANTE 2.5MT ;PAPER DEPOT S.A DE C.V;2;L877.50
BSU01;CONSTRUCCION;MATERIALES;MATERIAL DE CONSTRUCCION;CON009718;BANDEJA PORTACABLE 2X4X10;FELIPE ANTONIO GONZALEZ MADRID;14;L5,530.00
BSU01;CONSTRUCCION;MATERIALES;MATERIAL DE CONSTRUCCION;CON009963;REVOLVEDOR DE MEZCLA TRUPER;CENTRO FERRETERO TORNIFESA S. DE R.L DE C.V.;1;L185.09
BSU01;CONSTRUCCION;MATERIALES;MATERIAL DE CONSTRUCCION;CON009714;LAMINA MOSQUITERA 3 X 7 X 1/8 ;FERRETERIA EL BARATILLO S.A;1;L160.87
BSU01;CONSTRUCCION;MATERIALES;MATERIAL DE CONSTRUCCION;CON009997;WALL PANEL-CEDRO (40CMX2.80MTS) WP094;FOCUS SA DE CV;4;L1,739.12
BSU01;CONSTRUCCION;MATERIALES;MATERIAL DE CONSTRUCCION;SEL001973;TOMA L1430C 30A 125/250V 4P;ELECTRO CONTROLES S. DE R.L DE C.V;1;L590.00
BSU01;CONSTRUCCION;MATERIALES;MATERIAL DE CONSTRUCCION;CON008955;CADENA GALV. BRILLANTE 3/8 (PIE);ALEJANDRO NAPOLEON LARACH LARACH;12;L840.00
BSU01;CONSTRUCCION;MATERIALES;MATERIAL DE CONSTRUCCION;SEL001972;CONECTOR CABLE PG-29 1 1/4;ELECTRO CONTROLES S. DE R.L DE C.V;1;L20.00
BSU01;CONSTRUCCION;MATERIALES;MATERIAL DE CONSTRUCCION;CON009126;CINTA PRECAUCION AMARILLA;PAPER DEPOT S.A DE C.V;14;L2,856.00
BSU01;CONSTRUCCION;MATERIALES;PEGAMENTO;CON001647;PEGAMENTO EPOXY 1-OZ ABRO EC-520 TRANSPARENTE;AGENCIA LA MUNDIAL S.A DE C.V;2;L77.34
BSU01;CONSTRUCCION;MATERIALES;PEGAMENTO;CON002150;CONTACT GEM ;EQUIPOS INDUSTRIALES S.A. DE C.V;1;L669.30
BSU01;CONSTRUCCION;MATERIALES;PEGAMENTO;CON008415;SELLADOR ADHES 300ML BLANCO;JOCSAN RUEDA/PROYECTO;4;L494.25
BSU01;CONSTRUCCION;MATERIALES;PEGAMENTO;CON009892;PASTA TAPAGOTERAS 1/8 HENKEL;SIN ESPESIFICAR;1;L460.00
BSU01;CONSTRUCCION;MATERIALES;PEGAMENTO;CON000900;CUBETA CEMENTO CONTACTO AMARILLO.;PAPER DEPOT S.A DE C.V;2;L6,188.69
BSU01;CONSTRUCCION;MATERIALES;PINTURA;CON000698;AUTONOMO LACA MATE COLORES;LA PERLA DEL COLOR S DE R.L.;2;L2,228.56
BSU01;CONSTRUCCION;MATERIALES;PINTURA;CON000717;SPRAY BLANCO BRILLANTE ;JOCSAN RUEDA/PROYECTO;14;L495.19
BSU01;CONSTRUCCION;MATERIALES;PINTURA;CON000755;SUR MADERA ACABADO BLANCO POLIU 06 USAR;LA PERLA DEL COLOR S DE R.L.;7;L6,573.42
BSU01;CONSTRUCCION;MATERIALES;PINTURA;CON000758;GALON DE LACA PREPARADA COLOR CEREZO;LA PERLA DEL COLOR S DE R.L.;1;L953.65
BSU01;CONSTRUCCION;MATERIALES;PINTURA;CON000760;AUTOMO FAST DRY ROJO 06;LA PERLA DEL COLOR S DE R.L.;8;L9,472.08
BSU01;CONSTRUCCION;MATERIALES;PINTURA;CON000768;SUR MADERA ACABADO SATINADO 50 06;LA PERLA DEL COLOR S DE R.L.;25;L23,391.00
BSU01;CONSTRUCCION;MATERIALES;PINTURA;CON000770;AUTOMO LACA COLORES 1/01 (ROJO);LA PERLA DEL COLOR S DE R.L.;4;L3,754.44
BSU01;CONSTRUCCION;MATERIALES;PINTURA;CON000773;SUR PINTURA TRAFICO AMARILLO 05;TORNILLOS Y SERVICIOS MULTIPLES LACAST S.A DE C.V;9;L7,965.94
BSU01;CONSTRUCCION;MATERIALES;PINTURA;CON000781;SPRAY NEGRO BRILLANTE USAR;AGENCIA LA MUNDIAL S.A DE C.V;36;L1,181.17
BSU01;CONSTRUCCION;MATERIALES;PINTURA;CON000782;AUTOMO FAST DRY BLANCO 06 USAR ;DISTRIBUIDORA DE MATERIALES S. DE R.L. DE C.V.;8;L7,520.00
BSU01;CONSTRUCCION;MATERIALES;PINTURA;CON000783;AUTOMO FAST DRY COLORES 01 CELESTE S/M;LA PERLA DEL COLOR S DE R.L.;2;L2,577.44
BSU01;CONSTRUCCION;MATERIALES;PINTURA;CON000786;SUR MADERA BARNIZ MARINO 01;LA PERLA DEL COLOR S DE R.L.;2;L1,344.56
BSU01;CONSTRUCCION;MATERIALES;PINTURA;CON000813;SPRAY ACUARIO CROMO 792 USAR;AGENCIA LA MUNDIAL S.A DE C.V;61;L2,802.18
BSU01;CONSTRUCCION;MATERIALES;PINTURA;CON000815;AUTOMO FAST DRY COLOR ALUMINIO;LA PERLA DEL COLOR S DE R.L.;3;L3,228.21
BSU01;CONSTRUCCION;MATERIALES;PINTURA;CON000848;SUR FASTYL GRIS USAR;LA PERLA DEL COLOR S DE R.L.;7;L5,530.00
BSU01;CONSTRUCCION;MATERIALES;PINTURA;CON000862;SUR MADERA BARNIZ PISOS BRILLANTE 06;LA PERLA DEL COLOR S DE R.L.;4;L4,320.00
BSU01;CONSTRUCCION;MATERIALES;PINTURA;CON000868;AUTOMO FAST DRY NEGRO 06 USAR;DISTRIBUIDORA DE MATERIALES S. DE R.L. DE C.V.;6;L6,327.00
BSU01;CONSTRUCCION;MATERIALES;PINTURA;CON000878;GALON DE SELLADOR 912 MADERA;LA PERLA DEL COLOR S DE R.L.;1;L899.04
BSU01;CONSTRUCCION;MATERIALES;PINTURA;CON001284;SUR MADERA BARNIZ MARINO 1/4;LA PERLA DEL COLOR S DE R.L.;4;L855.84
BSU01;CONSTRUCCION;MATERIALES;PINTURA;CON001292;AUTOMO REMOVEDOR 1/01 DIABLO USAR;LA PERLA DEL COLOR S DE R.L.;6;L4,692.93
BSU01;CONSTRUCCION;MATERIALES;PINTURA;CON001299;COLONIAL STYLE LATEX MATE BLANCO ;DISTRIBUIDORA DE MATERIALES S. DE R.L. DE C.V.;3;L8,566.89
BSU01;CONSTRUCCION;MATERIALES;PINTURA;CON001370;ANTICORROSIVO  GRIS GALON;MADERAS Y SUMINISTROS OSEGUERA, S.A.;2;L673.04
BSU01;CONSTRUCCION;MATERIALES;PINTURA;CON001471;EXTINTOR 2.2LBS ABRO                    ;SIN ESPESIFICAR;1;L166.27
BSU01;CONSTRUCCION;MATERIALES;PINTURA;CON001492;LANCO SUPRA SATIN COLOR ROJO USAR  ;SIN ESPESIFICAR;2;L3,675.58
BSU01;CONSTRUCCION;MATERIALES;PINTURA;CON001493;GALON COLONIAL STYLE LATEX SATINADO EXTRA WHIT USA;DISTRIBUIDORA DE MATERIALES S. DE R.L. DE C.V.;6;L4,179.06
BSU01;CONSTRUCCION;MATERIALES;PINTURA;CON001566; AUTOMO KLASS BICAPADA PELARDO DORADO OSCURO;LA PERLA DEL COLOR S DE R.L.;5;L11,422.50
BSU01;CONSTRUCCION;MATERIALES;PINTURA;CON001687;SUR MADERA SOLTIN NOGAL OSCURO ;LA PERLA DEL COLOR S DE R.L.;1;L867.48
BSU01;CONSTRUCCION;MATERIALES;PINTURA;CON001688;EXCELLO WEATHER PERFECT LATEX MATE BASE EXTRA WHIT;DISTRIBUIDORA DE MATERIALES S. DE R.L. DE C.V.;1;L3,526.09
BSU01;CONSTRUCCION;MATERIALES;PINTURA;CON002000;SELLADOR AQUASEALL PRIMER WHITE 05;LA PERLA DEL COLOR S DE R.L.;1;L2,294.29
BSU01;CONSTRUCCION;MATERIALES;PINTURA;CON002154; LANCO SUPER COAT MATE FLAT 1/4;LA PERLA DEL COLOR S DE R.L.;1;L651.42
BSU01;CONSTRUCCION;MATERIALES;PINTURA;CON002186;KEM ESMALTE PARA PISOS ALQ. BRILLANTE GRIS RAL7045;DISTRIBUIDORA DE MATERIALES S. DE R.L. DE C.V.;6;L5,959.20
BSU01;CONSTRUCCION;MATERIALES;PINTURA;CON002661;EXTERIOR ACCENT MATE BASE ROJO COMPADRE;DISTRIBUIDORA DE MATERIALES S. DE R.L. DE C.V.;27;L30,252.36
BSU01;CONSTRUCCION;MATERIALES;PINTURA;CON002662;EXTERIOR ACCENT MATE BASE AZUL COMPADRE USAR ;DISTRIBUIDORA DE MATERIALES S. DE R.L. DE C.V.;7;L6,714.36
BSU01;CONSTRUCCION;MATERIALES;PINTURA;CON002886;EXCELLO LATEX SEMI BRILLANTE BLANCO (SEMIGLOS);DISTRIBUIDORA DE MATERIALES S. DE R.L. DE C.V.;2;L1,576.02
BSU01;CONSTRUCCION;MATERIALES;PINTURA;CON002897;LANCO DRY COAT COLORES PASTEL ;LA PERLA DEL COLOR S DE R.L.;1;L4,857.44
BSU01;CONSTRUCCION;MATERIALES;PINTURA;CON003063;LATEX MATE BASE EXTRA WHITE GRIS CLARO USAR ;DISTRIBUIDORA DE MATERIALES S. DE R.L. DE C.V.;6;L4,417.06
BSU01;CONSTRUCCION;MATERIALES;PINTURA;CON003064;LATEX MATE BASE DEEP GRIS OSCURO USAR;DISTRIBUIDORA DE MATERIALES S. DE R.L. DE C.V.;6;L4,366.08
BSU01;CONSTRUCCION;MATERIALES;PINTURA;CON003098;SUR MADERA LACA COLORES 1/01;LA PERLA DEL COLOR S DE R.L.;3;L627.75
BSU01;CONSTRUCCION;MATERIALES;PINTURA;CON003296;BB SELLADOR MULTIFUNCIONAL MATE BLANCO 6000;DISTRIBUIDORA DE MATERIALES S. DE R.L. DE C.V.;2;L3,858.64
BSU01;CONSTRUCCION;MATERIALES;PINTURA;CON003303;LANCO STAINLESS BLANCO CUBETA TIENDAS USAR 2023;LA PERLA DEL COLOR S DE R.L.;2;L6,160.00
BSU01;CONSTRUCCION;MATERIALES;PINTURA;CON003304;LANCO STAINLESS BLANCO GALON TIENDAS USAR 2023;JOCSAN RUEDA/PROYECTO;8;L5,456.25
BSU01;CONSTRUCCION;MATERIALES;PINTURA;CON003464;REDUCTOR EXCELBASE UNIVERSAL CLIMA FRESCO;DISTRIBUIDORA DE MATERIALES S. DE R.L. DE C.V.;2;L1,635.36
BSU01;CONSTRUCCION;MATERIALES;PINTURA;CON004323;AQUALOCK BLOQUEADOR DE AGUA MATE BLANCO CUBETA;DISTRIBUIDORA DE MATERIALES S. DE R.L. DE C.V.;1;L3,933.79
BSU01;CONSTRUCCION;MATERIALES;PINTURA;CON004383;BS REMOVEDOR INHIBIDOR DE HONGOS MATE TRANSPARENTE;DISTRIBUIDORA DE MATERIALES S. DE R.L. DE C.V.;5;L938.68
BSU01;CONSTRUCCION;MATERIALES;PINTURA;CON004594;PINTURA SPRAY CAFE ANTICOR 12OZ XOP20;AGENCIA LA MUNDIAL S.A DE C.V;2;L195.90
BSU01;CONSTRUCCION;MATERIALES;PINTURA;CON004595;LACA NITRO INDUSTRIAL 11200;SIN ESPESIFICAR;5;L4,173.91
BSU01;CONSTRUCCION;MATERIALES;PINTURA;CON004684;EXCELLO WEATHER PERFECT LATEX SATIN BASE HOTEL OLA;DISTRIBUIDORA DE MATERIALES S. DE R.L. DE C.V.;1;L788.01
BSU01;CONSTRUCCION;MATERIALES;PINTURA;CON004685;EXCELLO GRIS OSCURO SATINADO COMPADRE USAR E.C;DISTRIBUIDORA DE MATERIALES S. DE R.L. DE C.V.;11;L9,002.42
BSU01;CONSTRUCCION;MATERIALES;PINTURA;CON004686;EXCELLO LATEX CUBETA GRIS CLARO SATINADO ;DISTRIBUIDORA DE MATERIALES S. DE R.L. DE C.V.;4;L14,957.80
BSU01;CONSTRUCCION;MATERIALES;PINTURA;CON004737;EXCELLO WEATHER PERFECT LATEX ;DISTRIBUIDORA DE MATERIALES S. DE R.L. DE C.V.;1;L727.68
BSU01;CONSTRUCCION;MATERIALES;PINTURA;CON004739;ESMALTE EPOXICO KEM CATI COAT BRILLANTE AZUL ;DISTRIBUIDORA DE MATERIALES S. DE R.L. DE C.V.;1;L1,412.46
BSU01;CONSTRUCCION;MATERIALES;PINTURA;CON004742;REDUCTOR EPOXICO #54;DISTRIBUIDORA DE MATERIALES S. DE R.L. DE C.V.;2;L532.44
BSU01;CONSTRUCCION;MATERIALES;PINTURA;CON004743;ESM IND EPOXICO KEM CATI COAT CATALIZADOR PARTE B ;DISTRIBUIDORA DE MATERIALES S. DE R.L. DE C.V.;3;L4,101.64
BSU01;CONSTRUCCION;MATERIALES;PINTURA;CON004803;FONDO LIJABLE APR TRANSPARENTE CUBETA;LA PERLA DEL COLOR S DE R.L.;1;L3,218.86
BSU01;CONSTRUCCION;MATERIALES;PINTURA;CON004805;MAXIMA PREMIUM SATIN ACCENT GALON;TORNILLOS Y SERVICIOS MULTIPLES LACAST S.A DE C.V;3;L2,060.87
BSU01;CONSTRUCCION;MATERIALES;PINTURA;CON004809;KEM ESMALTE IND FAST DRY ENTINTABLE BTE BASE ULTRA;DISTRIBUIDORA DE MATERIALES S. DE R.L. DE C.V.;9;L8,110.89
BSU01;CONSTRUCCION;MATERIALES;PINTURA;CON004816;EXCELO LATEX GRIS CLARO SATINADO COMPADRE USAR E.C;DISTRIBUIDORA DE MATERIALES S. DE R.L. DE C.V.;2;L1,633.49
BSU01;CONSTRUCCION;MATERIALES;PINTURA;CON004817;EXTERIOR LATEX AZUL SATINADO COMPADRE USAR E.C ;DISTRIBUIDORA DE MATERIALES S. DE R.L. DE C.V.;2;L2,253.62
BSU01;CONSTRUCCION;MATERIALES;PINTURA;CON004821;EXTERIOR LATEX ROJO SATINADO COMPADRE USAR E.C;DISTRIBUIDORA DE MATERIALES S. DE R.L. DE C.V.;7;L7,887.67
BSU01;CONSTRUCCION;MATERIALES;PINTURA;CON004824;DISPOSABLE INLINE MOISTURE FILTER;DISTRIBUIDORA DE MATERIALES S. DE R.L. DE C.V.;2;L49.52
BSU01;CONSTRUCCION;MATERIALES;PINTURA;CON004967;HUEVERA ESPUMA 8 WAFFLE NEGRA NULL;DISTRIBUIDORA DE MATERIALES S. DE R.L. DE C.V.;1;L1.00
BSU01;CONSTRUCCION;MATERIALES;PINTURA;CON004970;PLIEGO EN SECO KOVAX 600 170X130MM  ASSILEX  AMAR ;DISTRIBUIDORA DE MATERIALES S. DE R.L. DE C.V.;1;L0.00
BSU01;CONSTRUCCION;MATERIALES;PINTURA;CON005016;SUPERPAINT INTERIOR MATE BASE COLORES/VESTIDORES;DISTRIBUIDORA DE MATERIALES S. DE R.L. DE C.V.;29;L29,505.42
BSU01;CONSTRUCCION;MATERIALES;PINTURA;CON006165;EXCELLO WEATHER PERFECT LATEX MATE BASE EXTRA WHIT;DISTRIBUIDORA DE MATERIALES S. DE R.L. DE C.V.;1;L737.39
BSU01;CONSTRUCCION;MATERIALES;PINTURA;CON006392;EXCELLO LATEX CUBETA GRIS CLARO SATINADO ;DISTRIBUIDORA DE MATERIALES S. DE R.L. DE C.V.;2;L7,478.90
BSU01;CONSTRUCCION;MATERIALES;PINTURA;CON006393;COLONIAL STYLE LATEX SATINADO BASE EXTRA WHITE CUB;DISTRIBUIDORA DE MATERIALES S. DE R.L. DE C.V.;1;L3,285.20
BSU01;CONSTRUCCION;MATERIALES;PINTURA;CON006408;AUTOMO KLASS CATA ETCHING ;LA PERLA DEL COLOR S DE R.L.;16;L2,647.68
BSU01;CONSTRUCCION;MATERIALES;PINTURA;CON006707;AUTOMO KLASS ETCHING PRIMER 1/4;LA PERLA DEL COLOR S DE R.L.;16;L5,098.40
BSU01;CONSTRUCCION;MATERIALES;PINTURA;CON006708;AUTOMO KLASS DILUYENTE 476 GALON;LA PERLA DEL COLOR S DE R.L.;6;L4,497.84
BSU01;CONSTRUCCION;MATERIALES;PINTURA;CON007039;PINTURA PASTEL (GALON);TORNILLOS Y SERVICIOS MULTIPLES LACAST S.A DE C.V;2;L2,182.00
BSU01;CONSTRUCCION;MATERIALES;PINTURA;CON007041;SELLADOR POLIURETANO 8000 GRIS;DISTRIBUIDORA DE MATERIALES S. DE R.L. DE C.V.;3;L0.00
BSU01;CONSTRUCCION;MATERIALES;PINTURA;CON007091;GALON FAST DRY NARANJA ;TORNILLOS Y SERVICIOS MULTIPLES LACAST S.A DE C.V;3;L3,886.98
BSU01;CONSTRUCCION;MATERIALES;PINTURA;CON008520;BARNIZ EXTERIOR PARA MADERA MARINO BRILLANTE;DISTRIBUIDORA DE MATERIALES S. DE R.L. DE C.V.;1;L0.00
BSU01;CONSTRUCCION;MATERIALES;PINTURA;CON008548;CUBETA SATINADO WHITE ;SIN ESPESIFICAR;2;L6,300.00
BSU01;CONSTRUCCION;MATERIALES;PINTURA;CON008927;GALON PINTURA GRIS FACHADA NUEVA AEC B36WSA351-1;DISTRIBUIDORA DE MATERIALES S. DE R.L. DE C.V.;1;L746.50
BSU01;CONSTRUCCION;MATERIALES;PINTURA;CON008963;RODILLO CONTRACTOR PURDY 10X230 MM (3/8X9 PULG);DISTRIBUIDORA DE MATERIALES S. DE R.L. DE C.V.;1;L0.00
BSU01;CONSTRUCCION;MATERIALES;PINTURA;CON009054;COLONIAL STYLE LATEX MATE BLANCO;DISTRIBUIDORA DE MATERIALES S. DE R.L. DE C.V.;6;L3,619.26
BSU01;CONSTRUCCION;MATERIALES;PINTURA;CON009108;SPRAY AZUL ABRO;AGENCIA LA MUNDIAL S.A DE C.V;8;L270.48
BSU01;CONSTRUCCION;MATERIALES;PINTURA;CON009185;GALON DE PINTURA NEGRA DE PARED ;DISTRIBUIDORA DE MATERIALES S. DE R.L. DE C.V.;5;L3,916.60
BSU01;CONSTRUCCION;MATERIALES;PINTURA;CON009228;SUPERPAINT 51-5 BLANCO SALON EVENTOS H4;DISTRIBUIDORA DE MATERIALES S. DE R.L. DE C.V.;1;L4,605.31
BSU01;CONSTRUCCION;MATERIALES;PINTURA;CON009337;ESMALTE IND POLIURETANO PARTE B;DISTRIBUIDORA DE MATERIALES S. DE R.L. DE C.V.;8;L4,277.68
BSU01;CONSTRUCCION;MATERIALES;PINTURA;CON009338;ESMALTE IND POLIURETANO BRILLANTE  AMARILLO SEG;DISTRIBUIDORA DE MATERIALES S. DE R.L. DE C.V.;3;L4,990.38
BSU01;CONSTRUCCION;MATERIALES;PINTURA;CON009530;ESMALTE FAST DRY VERDE (JOHN DEERE);TORNILLOS Y SERVICIOS MULTIPLES LACAST S.A DE C.V;6;L8,139.14
BSU01;CONSTRUCCION;MATERIALES;PINTURA;CON009578; AUTOMO KLASS BICAPADA PELARDO DORADO CLARO;LA PERLA DEL COLOR S DE R.L.;2;L4,569.00
BSU01;CONSTRUCCION;MATERIALES;PINTURA;CON009623;RETARDADOR PARA LACAS;DISTRIBUIDORA DE MATERIALES S. DE R.L. DE C.V.;1;L385.75
BSU01;CONSTRUCCION;MATERIALES;PINTURA;CON009657;LANCO SUPER COAT S/BASE PASTEL BEIGE (TERMINAL) ;LA PERLA DEL COLOR S DE R.L.;1;L773.91
BSU01;CONSTRUCCION;MATERIALES;PINTURA;CON009723;SUR CORROSTYL NEGRO 06;LA PERLA DEL COLOR S DE R.L.;2;L1,522.56
BSU01;CONSTRUCCION;MATERIALES;PINTURA;CON009730;EPOBECC BASE EPOXY COAT A;LA PERLA DEL COLOR S DE R.L.;2;L2,948.40
BSU01;CONSTRUCCION;MATERIALES;PINTURA;CON009731;EPOBECC CATALIZADOR HB BASE EPOXY ;LA PERLA DEL COLOR S DE R.L.;2;L1,143.44
BSU01;CONSTRUCCION;MATERIALES;PINTURA;CON009732;BECC THINNER P/BASE EPOXICO;LA PERLA DEL COLOR S DE R.L.;2;L292.24
BSU01;CONSTRUCCION;MATERIALES;PINTURA;CON009789;PRIMER NITRO ESPECIAL GRIS GALON;DISTRIBUIDORA DE MATERIALES S. DE R.L. DE C.V.;5;L4,534.60
BSU01;CONSTRUCCION;MATERIALES;PINTURA;CON009821;AQUALOCK BLOQUEADOR DE AGUA MATE BLANCO;DISTRIBUIDORA DE MATERIALES S. DE R.L. DE C.V.;3;L2,508.99
BSU01;CONSTRUCCION;MATERIALES;PINTURA;CON009858;DILUYENTE MINERAL P/ACEITE/BARNIZ;LA PERLA DEL COLOR S DE R.L.;3;L795.00
BSU01;CONSTRUCCION;MATERIALES;PINTURA;CON000745;GALON DE PINTURA PARA PISO QUIKRETE;SIN ESPESIFICAR;1;L442.70
BSU01;CONSTRUCCION;MATERIALES;PINTURA;CON001239;AQUALOCK IMPERMEABILIZANTE 8000 MATE BLANCO;DISTRIBUIDORA DE MATERIALES S. DE R.L. DE C.V.;3;L11,059.11
BSU01;CONSTRUCCION;MATERIALES;PINTURA;CON00346;LANCO SUPRA SALIN LATEX DEEP GALON AZUL S/M;LA PERLA DEL COLOR S DE R.L.;1;L610.49
BSU01;CONSTRUCCION;MATERIALES;PINTURA;CON000843;LAB LACA INDUSTRIAL NEGRO MATE ;DISTRIBUIDORA DE MATERIALES S. DE R.L. DE C.V.;3;L2,865.00
BSU01;CONSTRUCCION;MATERIALES;PINTURA;CON000804;CUBETA PASTA LISA EXTERIOR;SIN ESPESIFICAR;1;L998.91
BSU01;CONSTRUCCION;MATERIALES;PINTURA;CON009936;CUBETA DEEP. EXCELLO WEATHER COPPER HARBOR ;SIN ESPESIFICAR;1;L1,352.36
BSU01;CONSTRUCCION;MATERIALES;PINTURA;CON009890;SELLADOR PRIMER BLANCO (PINTURAS AMERICANAS);SIN ESPESIFICAR;1;L1,799.00
BSU01;CONSTRUCCION;MATERIALES;PINTURA;CON009891;LATEX BLANCO MATE (PINTURAS AMERICANAS);SIN ESPESIFICAR;1;L1,000.00
BSU01;CONSTRUCCION;MATERIALES;PINTURA;CON000739;CUBETA DE PINTURA BLANCA SATINADO;DISTRIBUIDORA DE MATERIALES S. DE R.L. DE C.V.;1;L3,609.55
BSU01;CONSTRUCCION;MATERIALES;PINTURA;CON000870;SUR MADERA ACABADO NEGRO POLIU 06;LA PERLA DEL COLOR S DE R.L.;13;L8,960.12
BSU01;CONSTRUCCION;MATERIALES;PINTURA;CON009854;LANCO  ANTICORROCIVO POLIURETANO;LA PERLA DEL COLOR S DE R.L.;7;L6,056.47
BSU01;CONSTRUCCION;MATERIALES;PINTURA;CON002917;AUTOMO EXALTA PROMOTOR PLASTICO;LA PERLA DEL COLOR S DE R.L.;7;L3,047.17
BSU01;CONSTRUCCION;MATERIALES;PINTURA;CON009666;KLASS BASE COAT ALUMINIO 10;TORNILLOS Y SERVICIOS MULTIPLES LACAST S.A DE C.V;4;L8,173.92
BSU01;CONSTRUCCION;MATERIALES;PINTURA;CON000779;SUR MADERA BARNIZ NOGAL OSCURO 06;LA PERLA DEL COLOR S DE R.L.;4;L3,187.68
BSU01;CONSTRUCCION;MATERIALES;PINTURA;CON000814;AUTOMO LACA COLORES 1/01 CEREZO;LA PERLA DEL COLOR S DE R.L.;1;L1,080.11
BSU01;CONSTRUCCION;MATERIALES;PINTURA;CON009972;IMPERMEABILIZANTE FASTYL 1GLN ROJO OXIDO;AGENCIA LA MUNDIAL S.A DE C.V;6;L4,216.26
BSU01;CONSTRUCCION;MATERIALES;POSTES;CON003995;STUD O PARALES P/TABLA YESO 3 5/8X10;MADERAS Y SUMINISTROS OSEGUERA, S.A.;31;L1,563.00
BSU01;CONSTRUCCION;MATERIALES;REPUESTOS DE FUMIGADORA;CON004140;BOMBA FUMIGADORA 10 LT;SIN ESPESIFICAR;1;L205.92
BSU01;CONSTRUCCION;MATERIALES;REPUESTOS DE FUMIGADORA;CON004141;BOMBA FUMIGADORA 5 LT;SIN ESPESIFICAR;1;L163.61
BSU01;CONSTRUCCION;MATERIALES;REPUESTOS DE FUMIGADORA;USA000127;BOMBA P/FUMIGAR;SIN ESPESIFICAR;3;L3.00
BSU01;CONSTRUCCION;MATERIALES;TANQUES;CON000853;GALON BLOQUEADOR P/MANCHAS (MATE BLANCO);DISTRIBUIDORA DE MATERIALES S. DE R.L. DE C.V.;8;L5,623.92
BSU01;CONSTRUCCION;MATERIALES;TANQUES;CON001077;TEE DE 1/2´´ LISA PVC.;AGENCIA LA MUNDIAL S.A DE C.V;15;L41.40
BSU01;CONSTRUCCION;MATERIALES;TANQUES;CON001078;ADAPTADOR MACHO DE 1/2´´ PVC.;MADERAS Y SUMINISTROS OSEGUERA, S.A.;2;L5.62
BSU01;CONSTRUCCION;MATERIALES;TANQUES;CON001099;ADAPTADOR HEMBRA PVC 1/2;AGENCIA LA MUNDIAL S.A DE C.V;53;L201.67
BSU01;CONSTRUCCION;MATERIALES;TANQUES;CON001375;"TEE PVC 2""";AGENCIA LA MUNDIAL S.A DE C.V;10;L196.20
BSU01;CONSTRUCCION;MATERIALES;TANQUES;CON001930;KIT DE BAÑO P/TANQUE SANITARIO PUSH;TORNILLOS Y SERVICIOS MULTIPLES LACAST S.A DE C.V;3;L1,057.83
BSU01;CONSTRUCCION;MATERIALES;TANQUES;CON001964;SIFON M/DURAPRO SENCILLO PVC P/LAVAB;SIN ESPESIFICAR;2;L46.96
BSU01;CONSTRUCCION;MATERIALES;TANQUES;USA000090;USADO INODORO DED 2PZS CHINA 2024 HOTEL SIN TANQUE;SIN ESPESIFICAR;1;L515.03
BSU01;CONSTRUCCION;MATERIALES;TANQUES;CON003150;TANQUE COMBUSTIBLE 6 GALONES ;AGENCIA LA MUNDIAL S.A DE C.V;4;L2,792.88
BSU01;CONSTRUCCION;MATERIALES;THINER;CON003852;THINER LACA 1/4 SHERWIN USAR;DISTRIBUIDORA DE MATERIALES S. DE R.L. DE C.V.;784;L44,429.28
BSU01;CONSTRUCCION;MATERIALES;TUBERIA PVC;CON000453;ADAPTADOR HEMBRA 1 PVC;AGENCIA LA MUNDIAL S.A DE C.V;28;L268.20
BSU01;CONSTRUCCION;MATERIALES;TUBERIA PVC;CON000454;ADAPTADOR MACHO PVC 2;RICARDO JESUS BENDECK TURCIOS;1;L24.00
BSU01;CONSTRUCCION;MATERIALES;TUBERIA PVC;CON000456;"ADAPTADOR MACHO PVC DE 3/4""";AGENCIA LA MUNDIAL S.A DE C.V;38;L190.31
BSU01;CONSTRUCCION;MATERIALES;TUBERIA PVC;CON000457;"CODO PVC 3/4""X90";CENTRO FERRETERO TORNIFESA S. DE R.L DE C.V.;58;L276.98
BSU01;CONSTRUCCION;MATERIALES;TUBERIA PVC;CON000460;CAMISA PVC LISA  D/ DRENAJE D/2;DANILO GARCIA/PROYECTOS;14;L169.21
BSU01;CONSTRUCCION;MATERIALES;TUBERIA PVC;CON000463;CODO PVC  1X90;AGENCIA LA MUNDIAL S.A DE C.V;59;L313.29
BSU01;CONSTRUCCION;MATERIALES;TUBERIA PVC;CON000466;REDUCTOR ACTIVADOR PARA GBP;DISTRIBUIDORA DE MATERIALES S. DE R.L. DE C.V.;2;L1,326.78
BSU01;CONSTRUCCION;MATERIALES;TUBERIA PVC;CON000467;TEE POTABLE LISA 1 1/2;RICARDO JESUS BENDECK TURCIOS;32;L640.00
BSU01;CONSTRUCCION;MATERIALES;TUBERIA PVC;CON000468;"CODO PVC LISO DE 1/2"" X 90";AGENCIA LA MUNDIAL S.A DE C.V;5;L26.14
BSU01;CONSTRUCCION;MATERIALES;TUBERIA PVC;CON000469;"TAPON PVC LISO 1/2""";FERRETERIA COSMUVAL S.A DE C.V;29;L64.74
BSU01;CONSTRUCCION;MATERIALES;TUBERIA PVC;CON000472;SIFON FLEXIBLE 1 1/2;RICARDO JESUS BENDECK TURCIOS;1;L79.38
BSU01;CONSTRUCCION;MATERIALES;TUBERIA PVC;CON000473;"UNION PVC D 2""";LUIS ENRIQUE MUNGUIA/PROYECTO;2;L50.00
BSU01;CONSTRUCCION;MATERIALES;TUBERIA PVC;CON000474;CODO PVC 3/4''X45;JOCSAN RUEDA/PROYECTO;24;L269.54
BSU01;CONSTRUCCION;MATERIALES;TUBERIA PVC;CON000479;ADAPTADOR PVC HEMBRA DE 1/2;AGENCIA LA MUNDIAL S.A DE C.V;22;L67.45
BSU01;CONSTRUCCION;MATERIALES;TUBERIA PVC;CON000480;TUBO PVC D/DRENAJE 2´´;FERRETERIA EL BARATILLO S.A;2;L304.34
BSU01;CONSTRUCCION;MATERIALES;TUBERIA PVC;CON000485;CODO PVC D/DRENAJE DE 6´´ X 90;TORNILLOS Y SERVICIOS MULTIPLES LACAST S.A DE C.V;5;L1,521.75
BSU01;CONSTRUCCION;MATERIALES;TUBERIA PVC;CON000486;TEE DE DRENAJE DE 4´´;AGENCIA LA MUNDIAL S.A DE C.V;2;L329.14
BSU01;CONSTRUCCION;MATERIALES;TUBERIA PVC;CON000489;UNION PVC GRIS C-20 2;CIA MERCANTIL LA CASA BLANCA SRL CV;12;L162.00
BSU01;CONSTRUCCION;MATERIALES;TUBERIA PVC;CON000490;TUBO PVC GRIS C-20 10X 3/4;ELECTRO CONTROLES S. DE R.L DE C.V;2;L66.00
BSU01;CONSTRUCCION;MATERIALES;TUBERIA PVC;CON000491;UNION PVC GRIS C-20 1/2;CIA MERCANTIL LA CASA BLANCA SRL CV;164;L511.68
BSU01;CONSTRUCCION;MATERIALES;TUBERIA PVC;CON000492;UNION PVC GRIS C-20 3/4;CIA MERCANTIL LA CASA BLANCA SRL CV;26;L55.90
BSU01;CONSTRUCCION;MATERIALES;TUBERIA PVC;CON000498;UNION PVC C40 1 TOPAZ;CESAR DANILO GARCIA BARAHONA;10;L80.00
BSU01;CONSTRUCCION;MATERIALES;TUBERIA PVC;CON000499;CONECTOR EMT 11/4;SIN ESPESIFICAR;1;L20.63
BSU01;CONSTRUCCION;MATERIALES;TUBERIA PVC;CON000501;TAPON HEMBRA LISO PVC 2´´;NAHUM ALBERTO MENDEZ AGUILERA / PROYECTO;5;L97.06
BSU01;CONSTRUCCION;MATERIALES;TUBERIA PVC;CON000504;CONECTOR PVC C40 1-1/2;CIA MERCANTIL LA CASA BLANCA SRL CV;22;L201.30
BSU01;CONSTRUCCION;MATERIALES;TUBERIA PVC;CON000505;CONDULET C DE 3/4 N;SIN ESPESIFICAR;13;L570.20
BSU01;CONSTRUCCION;MATERIALES;TUBERIA PVC;CON000507;CURVA PVC C20 DE 1/2 USAR;CIA MERCANTIL LA CASA BLANCA SRL CV;36;L473.61
BSU01;CONSTRUCCION;MATERIALES;TUBERIA PVC;CON000517;CAMISA PVC LISA DE 1/2;AGENCIA LA MUNDIAL S.A DE C.V;19;L51.88
BSU01;CONSTRUCCION;MATERIALES;TUBERIA PVC;CON000518;CAJA REGISTRO 6X6X4 PVC;CIA MERCANTIL LA CASA BLANCA SRL CV;6;L1,140.00
BSU01;CONSTRUCCION;MATERIALES;TUBERIA PVC;CON000519;ADAPTADOR MACHO 1 PVC;RICARDO JESUS BENDECK TURCIOS;1;L10.00
BSU01;CONSTRUCCION;MATERIALES;TUBERIA PVC;CON000520;REDUCTOR DE PRECION 1 X 3/4 PVC;FREDY LEONARDO FRANCO AGUILAR;16;L131.01
BSU01;CONSTRUCCION;MATERIALES;TUBERIA PVC;CON000521;REDUCTOR DE PRECION 1 X 1/2 PVC;NAHUM ALBERTO MENDEZ AGUILERA / PROYECTO;28;L495.04
BSU01;CONSTRUCCION;MATERIALES;TUBERIA PVC;CON000522;CONDULET LL DE 1/2 N;SIN ESPESIFICAR;9;L261.00
BSU01;CONSTRUCCION;MATERIALES;TUBERIA PVC;CON000683;CODO SOLDABLE 1/2X90;FRIOPARTES S A DE C.V.;5;L43.39
BSU01;CONSTRUCCION;MATERIALES;TUBERIA PVC;CON001398;ADAPTADOR HEMBRA PVC C40 1-1/2             ;NAHUM ALBERTO MENDEZ AGUILERA / PROYECTO;25;L575.00
BSU01;CONSTRUCCION;MATERIALES;TUBERIA PVC;CON001430;"CAMISA PVC 1""";JOCSAN RUEDA/PROYECTO;9;L180.00
BSU01;CONSTRUCCION;MATERIALES;TUBERIA PVC;CON001484;VALVULA ANGULO 1/2X3/8     ;AGENCIA LA MUNDIAL S.A DE C.V;5;L419.32
BSU01;CONSTRUCCION;MATERIALES;TUBERIA PVC;CON001504;"TEE PVC 1""               ";FERRETERIA EL BARATILLO S.A;4;L52.18
BSU01;CONSTRUCCION;MATERIALES;TUBERIA PVC;CON001552;CURVA CONDUIT 3/4 C-40                   ;RAMIRO CARDENAS/PROYECTOS;25;L567.68
BSU01;CONSTRUCCION;MATERIALES;TUBERIA PVC;CON001559;CURVA PVC C40 DE 1-1/2                  ;CIA MERCANTIL LA CASA BLANCA SRL CV;37;L1,920.73
BSU01;CONSTRUCCION;MATERIALES;TUBERIA PVC;CON001560;TUBO EMT 1/2;CIA MERCANTIL LA CASA BLANCA SRL CV;1;L76.32
BSU01;CONSTRUCCION;MATERIALES;TUBERIA PVC;CON001678;CODO PVC LISO 1 1/2X45;FREDY LEONARDO FRANCO AGUILAR;1;L13.00
BSU01;CONSTRUCCION;MATERIALES;TUBERIA PVC;CON001680;"CAMISA PVC LISA DE 1 1/2""";NAHUM ALBERTO MENDEZ AGUILERA / PROYECTO;4;L56.64
BSU01;CONSTRUCCION;MATERIALES;TUBERIA PVC;CON001738;CODO PVC 1/2X45;AGENCIA LA MUNDIAL S.A DE C.V;1;L2.53
BSU01;CONSTRUCCION;MATERIALES;TUBERIA PVC;CON001823;CAMISA LISA PVC 3/4 ;NAHUM ALBERTO MENDEZ AGUILERA / PROYECTO;5;L18.54
BSU01;CONSTRUCCION;MATERIALES;TUBERIA PVC;CON001860;"ADAPTADOR MACHO PVC 1 1/2""";TORNILLOS Y SERVICIOS MULTIPLES LACAST S.A DE C.V;68;L1,072.87
BSU01;CONSTRUCCION;MATERIALES;TUBERIA PVC;CON002112;SIFON PLAST 1.1/4;AGENCIA LA MUNDIAL S.A DE C.V;5;L355.15
BSU01;CONSTRUCCION;MATERIALES;TUBERIA PVC;CON002198;CURVA PVC SCH 40 1 UL;ELECTRO CONTROLES S. DE R.L DE C.V;15;L480.00
BSU01;CONSTRUCCION;MATERIALES;TUBERIA PVC;CON002227;"VALVULA D/PASO 1/2""";AGENCIA LA MUNDIAL S.A DE C.V;13;L1,395.69
BSU01;CONSTRUCCION;MATERIALES;TUBERIA PVC;CON003010;REDUCTOR POTABLE PVC 3/4 X1/2;NAHUM ALBERTO MENDEZ AGUILERA / PROYECTO;6;L27.00
BSU01;CONSTRUCCION;MATERIALES;TUBERIA PVC;CON003059;CODO PVC 1/2 X 45;RICARDO JESUS BENDECK TURCIOS;57;L201.40
BSU01;CONSTRUCCION;MATERIALES;TUBERIA PVC;CON003066;TUBO POTABLE PVC 3/4 ;AGENCIA LA MUNDIAL S.A DE C.V;3;L172.98
BSU01;CONSTRUCCION;MATERIALES;TUBERIA PVC;CON003089;UNION PVC CH 40 2;DISTRIBUIDORA INDUSTRIAL S.A. DE C.V.;7;L137.41
BSU01;CONSTRUCCION;MATERIALES;TUBERIA PVC;CON003091;CURVA PVC CH 20 DE 2;CIA MERCANTIL LA CASA BLANCA SRL CV;27;L810.00
BSU01;CONSTRUCCION;MATERIALES;TUBERIA PVC;CON003092;CONECTOR PVC CH 40 2;CIA MERCANTIL LA CASA BLANCA SRL CV;26;L418.86
BSU01;CONSTRUCCION;MATERIALES;TUBERIA PVC;CON003199;TUBERIA PVC C40 2 PULG GRIS;CIA MERCANTIL LA CASA BLANCA SRL CV;14;L2,912.00
BSU01;CONSTRUCCION;MATERIALES;TUBERIA PVC;CON003360;CODO POTABLE 1 1/4;YORLIN ODIEL GALEAS PADILLA;10;L216.24
BSU01;CONSTRUCCION;MATERIALES;TUBERIA PVC;CON003361;TUBO POTABLE PVC 1 1/4;MADERAS Y SUMINISTROS OSEGUERA, S.A.;19;L3,104.14
BSU01;CONSTRUCCION;MATERIALES;TUBERIA PVC;CON003362;UNION POTABLE 1 1/4;RICARDO JESUS BENDECK TURCIOS;13;L234.00
BSU01;CONSTRUCCION;MATERIALES;TUBERIA PVC;CON003363;CERA P SANITARIO FOSET C/ANILLO ;RICARDO JESUS BENDECK TURCIOS;3;L165.00
BSU01;CONSTRUCCION;MATERIALES;TUBERIA PVC;CON003381;ADAPTADOR PVC 2 CEDULA 40;DISTRIBUIDORA INDUSTRIAL S.A. DE C.V.;22;L519.78
BSU01;CONSTRUCCION;MATERIALES;TUBERIA PVC;CON003390;CODO DRENAJE 4;NAHUM ALBERTO MENDEZ AGUILERA / PROYECTO;13;L676.34
BSU01;CONSTRUCCION;MATERIALES;TUBERIA PVC;CON003542;"ALDABA CROMADA 3""";AGENCIA LA MUNDIAL S.A DE C.V;2;L35.14
BSU01;CONSTRUCCION;MATERIALES;TUBERIA PVC;CON003561;TUBO EMT 2 1/2X10 1RA CALIDAD;DISTRIBUIDORA INDUSTRIAL S.A. DE C.V.;6;L7,801.62
BSU01;CONSTRUCCION;MATERIALES;TUBERIA PVC;CON003667;TEE PVC 1 1/4 ;YORLIN ODIEL GALEAS PADILLA;9;L210.21
BSU01;CONSTRUCCION;MATERIALES;TUBERIA PVC;CON003670;"REDUCTOR POTABLE LISO 2"" X 1 1/4""";RICARDO JESUS BENDECK TURCIOS;1;L29.00
BSU01;CONSTRUCCION;MATERIALES;TUBERIA PVC;CON003699;REDUCTOR POTABLE LISO 4X2;RICARDO JESUS BENDECK TURCIOS;7;L630.00
BSU01;CONSTRUCCION;MATERIALES;TUBERIA PVC;CON003703;TUBO ABASTO COFLEX P/ LAVABO;AGENCIA LA MUNDIAL S.A DE C.V;6;L493.02
BSU01;CONSTRUCCION;MATERIALES;TUBERIA PVC;CON003705;TAPON HEMBRA LISO DE 3;RICARDO JESUS BENDECK TURCIOS;3;L231.00
BSU01;CONSTRUCCION;MATERIALES;TUBERIA PVC;CON004032;TUBO PVC SCH40 2;CIA MERCANTIL LA CASA BLANCA SRL CV;20;L4,160.00
BSU01;CONSTRUCCION;MATERIALES;TUBERIA PVC;CON004033;CURVA PVC SCH40 2;CIA MERCANTIL LA CASA BLANCA SRL CV;4;L168.00
BSU01;CONSTRUCCION;MATERIALES;TUBERIA PVC;CON004114;CAMISAS PVC SCH40 1/2;NAHUM ALBERTO MENDEZ AGUILERA / PROYECTO;4;L36.00
BSU01;CONSTRUCCION;MATERIALES;TUBERIA PVC;CON004115;CURVA PVC SCH40 1/2;CIA MERCANTIL LA CASA BLANCA SRL CV;32;L208.00
BSU01;CONSTRUCCION;MATERIALES;TUBERIA PVC;CON004152;LLAVE PILA 1/2;AGENCIA LA MUNDIAL S.A DE C.V;7;L430.71
BSU01;CONSTRUCCION;MATERIALES;TUBERIA PVC;CON004153;CURVA PVC CONUIT 3/4X90 SCH40;ELECTRO CONTROLES S. DE R.L DE C.V;1;L12.00
BSU01;CONSTRUCCION;MATERIALES;TUBERIA PVC;CON004158;ADAPTADOR PVC HEMBRA 1 1/4 INYECTADO;FERRETERIA EL BARATILLO S.A;2;L26.10
BSU01;CONSTRUCCION;MATERIALES;TUBERIA PVC;CON004159;REDUCTOR PVC 1 1/2X2;AGENCIA LA MUNDIAL S.A DE C.V;18;L208.62
BSU01;CONSTRUCCION;MATERIALES;TUBERIA PVC;CON004182;CONDULET LL 1-1/2 CON TAPA;CIA MERCANTIL LA CASA BLANCA SRL CV;2;L308.00
BSU01;CONSTRUCCION;MATERIALES;TUBERIA PVC;CON004320;SOPORTE PLAST/ TORNILLO / VIDRIO;AGENCIA LA MUNDIAL S.A DE C.V;8;L186.56
BSU01;CONSTRUCCION;MATERIALES;TUBERIA PVC;CON004432;TEE POTABLE LISA 3/4;AGENCIA LA MUNDIAL S.A DE C.V;30;L102.67
BSU01;CONSTRUCCION;MATERIALES;TUBERIA PVC;CON004592;LAMINA D/PVC CHINA 2024;SIN ESPESIFICAR;10;L4,351.78
BSU01;CONSTRUCCION;MATERIALES;TUBERIA PVC;CON004643;"CONDULET CONDUIT LB 2""";ELECTRO CONTROLES S. DE R.L DE C.V;8;L2,400.00
BSU01;CONSTRUCCION;MATERIALES;TUBERIA PVC;CON004947;CODO PVC SCH-40 1 1/2;ELECTRO CONTROLES S. DE R.L DE C.V;4;L202.22
BSU01;CONSTRUCCION;MATERIALES;TUBERIA PVC;CON005055;REDUCTOR PVC BU 1 1/4X1;AGENCIA LA MUNDIAL S.A DE C.V;2;L14.00
BSU01;CONSTRUCCION;MATERIALES;TUBERIA PVC;CON006108;TEE INYECTADA DE 3;RICARDO JESUS BENDECK TURCIOS;2;L120.00
BSU01;CONSTRUCCION;MATERIALES;TUBERIA PVC;CON006190;CODO PVC DRENAJE 6X90;MADERAS Y SUMINISTROS OSEGUERA, S.A.;1;L169.56
BSU01;CONSTRUCCION;MATERIALES;TUBERIA PVC;CON006379;"TUBERIA PVC C40 -3"" PULG GRIS USAR ";CIA MERCANTIL LA CASA BLANCA SRL CV;10;L5,087.90
BSU01;CONSTRUCCION;MATERIALES;TUBERIA PVC;CON006381;CONECTOR PVC C40 3;ELECTRO CONTROLES S. DE R.L DE C.V;17;L935.00
BSU01;CONSTRUCCION;MATERIALES;TUBERIA PVC;CON006413;TUBERIA PVC C20/2 AR;CIA MERCANTIL LA CASA BLANCA SRL CV;10;L700.00
BSU01;CONSTRUCCION;MATERIALES;TUBERIA PVC;CON006416;CONECTOR PVC C40 1/2 AR;CIA MERCANTIL LA CASA BLANCA SRL CV;68;L212.26
BSU01;CONSTRUCCION;MATERIALES;TUBERIA PVC;CON006417;CONECTOR PVC C40 3/4 AR;ELECTRO CONTROLES S. DE R.L DE C.V;122;L550.55
BSU01;CONSTRUCCION;MATERIALES;TUBERIA PVC;CON006418;UNION PVC C40 1/2 TOPAZ;CIA MERCANTIL LA CASA BLANCA SRL CV;70;L364.00
BSU01;CONSTRUCCION;MATERIALES;TUBERIA PVC;CON006419;UNION PVC C40 3/4 TOPAZ;RICARDO JESUS BENDECK TURCIOS;177;L2,123.13
BSU01;CONSTRUCCION;MATERIALES;TUBERIA PVC;CON006452;VALVULA DE BOLA PVC 2;RICARDO JESUS BENDECK TURCIOS;2;L220.00
BSU01;CONSTRUCCION;MATERIALES;TUBERIA PVC;CON006453;REDUCTOR POTABLE LISO 1 X 3/4;RICARDO JESUS BENDECK TURCIOS;6;L54.00
BSU01;CONSTRUCCION;MATERIALES;TUBERIA PVC;CON006454;REDUCTOR POTABLE LISO 2 X 1/2;RICARDO JESUS BENDECK TURCIOS;5;L120.00
BSU01;CONSTRUCCION;MATERIALES;TUBERIA PVC;CON006468;CONECTOR LT CURVO 1-1/4;CIA MERCANTIL LA CASA BLANCA SRL CV;2;L170.00
BSU01;CONSTRUCCION;MATERIALES;TUBERIA PVC;CON006470;CONECTOR PVC C20 1-1/4 ;CIA MERCANTIL LA CASA BLANCA SRL CV;1;L9.00
BSU01;CONSTRUCCION;MATERIALES;TUBERIA PVC;CON006471;UNION PVC C20 1-1/4;CIA MERCANTIL LA CASA BLANCA SRL CV;32;L288.00
BSU01;CONSTRUCCION;MATERIALES;TUBERIA PVC;CON006498;TEE POTABLE LISA 3;RICARDO JESUS BENDECK TURCIOS;3;L330.00
BSU01;CONSTRUCCION;MATERIALES;TUBERIA PVC;CON006499;REDUCTOR POTABLE LISO 3X2;RICARDO JESUS BENDECK TURCIOS;1;L44.00
BSU01;CONSTRUCCION;MATERIALES;TUBERIA PVC;CON006506;ADAPTADOR PVC SCH 40 2 HEMBRA;ELECTRO CONTROLES S. DE R.L DE C.V;3;L9.00
BSU01;CONSTRUCCION;MATERIALES;TUBERIA PVC;CON006533;"REDUCTOR POTABLE LISO 6""X4";RICARDO JESUS BENDECK TURCIOS;1;L235.00
BSU01;CONSTRUCCION;MATERIALES;TUBERIA PVC;CON006562;UNION PVC 1-1/4 LISA PRESION/PROYECT;JOCSAN RUEDA/PROYECTO;8;L96.00
BSU01;CONSTRUCCION;MATERIALES;TUBERIA PVC;CON006605;VALVULA PLASTICA LISA D/ 1;FERRETERIA EL BARATILLO S.A;3;L143.48
BSU01;CONSTRUCCION;MATERIALES;TUBERIA PVC;CON006669;TEE PVC 1-1/2;TORNILLOS Y SERVICIOS MULTIPLES LACAST S.A DE C.V;2;L78.26
BSU01;CONSTRUCCION;MATERIALES;TUBERIA PVC;CON006670;REDUCTOR PVC 1-1/2X1-1/4;TORNILLOS Y SERVICIOS MULTIPLES LACAST S.A DE C.V;3;L41.58
BSU01;CONSTRUCCION;MATERIALES;TUBERIA PVC;CON006726;REDUCTOR PVC 1 X1/2;AGENCIA LA MUNDIAL S.A DE C.V;24;L124.56
BSU01;CONSTRUCCION;MATERIALES;TUBERIA PVC;CON006897;REDUCCION PVC POT 2X3/4;RAMIRO CARDENAS/PROYECTOS;8;L200.00
BSU01;CONSTRUCCION;MATERIALES;TUBERIA PVC;CON007034;YEE DE 4¨;COMERCIAL FERRETERA ZAVALA, S. DE R.L.;5;L239.15
BSU01;CONSTRUCCION;MATERIALES;TUBERIA PVC;CON008351;UNION TUBO CONDUIT CEDULA 20 1/2;FERRETERIA EL BARATILLO S.A;50;L130.43
BSU01;CONSTRUCCION;MATERIALES;TUBERIA PVC;CON008366;CODO PVC INYECTADO 2X90;AGENCIA LA MUNDIAL S.A DE C.V;1;L15.28
BSU01;CONSTRUCCION;MATERIALES;TUBERIA PVC;CON008367;"REDUCTOR PVC D/PRECION 1 1/2""X3/4""";TORNILLOS Y SERVICIOS MULTIPLES LACAST S.A DE C.V;9;L111.78
BSU01;CONSTRUCCION;MATERIALES;TUBERIA PVC;CON008422;ADAPTADOR HEMBRA PVC C40-3/4;CIA MERCANTIL LA CASA BLANCA SRL CV;6;L31.80
BSU01;CONSTRUCCION;MATERIALES;TUBERIA PVC;CON008527;KIT DE BAÑO PVC P/SANITARIO ESTANDAR;AGENCIA LA MUNDIAL S.A DE C.V;4;L1,346.90
BSU01;CONSTRUCCION;MATERIALES;TUBERIA PVC;CON008936;REDUCTOR 2X3/4;JOCSAN RUEDA/PROYECTO;1;L14.00
BSU01;CONSTRUCCION;MATERIALES;TUBERIA PVC;CON009204;CODO PVC 4X45 P/DRENAJE ;AGENCIA LA MUNDIAL S.A DE C.V;4;L148.48
BSU01;CONSTRUCCION;MATERIALES;TUBERIA PVC;CON009205;REDUCTOR PVC 3/4 X 1/2;AGENCIA LA MUNDIAL S.A DE C.V;21;L43.26
BSU01;CONSTRUCCION;MATERIALES;TUBERIA PVC;CON009656;"VALV.DESCARGA DUAL 2"" P";ALEJANDRO NAPOLEON LARACH LARACH;1;L456.67
BSU01;CONSTRUCCION;MATERIALES;TUBERIA PVC;CON009689;CODO PVC 3;TORNILLOS Y SERVICIOS MULTIPLES LACAST S.A DE C.V;3;L394.95
BSU01;CONSTRUCCION;MATERIALES;TUBERIA PVC;SEL000590;"ADAPTADOR  PVC SH 40 1 1/4"" HEMBRA";SIN ESPESIFICAR;17;L299.71
BSU01;CONSTRUCCION;MATERIALES;TUBERIA PVC;SEL001048;CURVA PVC 3/4 PULG90 CED40;CIA MERCANTIL LA CASA BLANCA SRL CV;54;L612.13
BSU01;CONSTRUCCION;MATERIALES;TUBERIA PVC;USA000010;TUBO 1 1/4 CONDUIT C-20;SIN ESPESIFICAR;6;L6.00
BSU01;CONSTRUCCION;MATERIALES;TUBERIA PVC;USA000031;"CODO 45*3"" PRESION";SIN ESPESIFICAR;5;L5.00
BSU01;CONSTRUCCION;MATERIALES;TUBERIA PVC;USA000033;"REDUCTOR PVC 4*3""";SIN ESPESIFICAR;6;L6.00
BSU01;CONSTRUCCION;MATERIALES;TUBERIA PVC;USA000034;"TEE PVC 2""";SIN ESPESIFICAR;1;L1.00
BSU01;CONSTRUCCION;MATERIALES;TUBERIA PVC;USA000035;"TEE TIPO Y 2""";SIN ESPESIFICAR;1;L1.00
BSU01;CONSTRUCCION;MATERIALES;TUBERIA PVC;USA000036;"TEE PVC 6""";SIN ESPESIFICAR;1;L1.00
BSU01;CONSTRUCCION;MATERIALES;TUBERIA PVC;USA000037;"REDUCTOR PVC 6*4""";SIN ESPESIFICAR;4;L4.00
BSU01;CONSTRUCCION;MATERIALES;TUBERIA PVC;USA000038;"REDUCTOR PCV 4*2""";SIN ESPESIFICAR;9;L9.00
BSU01;CONSTRUCCION;MATERIALES;TUBERIA PVC;USA000131;TRAMPA PVC DE 2 PULG USADA ;SIN ESPESIFICAR;2;L2.00
BSU01;CONSTRUCCION;MATERIALES;TUBERIA PVC;USA000132;CODO PVC DE 3/4 A 1/2 ENROSCADO USADO ;SIN ESPESIFICAR;1;L1.00
BSU01;CONSTRUCCION;MATERIALES;TUBERIA PVC;USA000133;CODO PVC 1-1/4X45* USADO;SIN ESPESIFICAR;2;L2.00
BSU01;CONSTRUCCION;MATERIALES;TUBERIA PVC;CON000478;"CODO PVC D/DRENAJE 4""X90";MADERAS Y SUMINISTROS OSEGUERA, S.A.;4;L600.74
BSU01;CONSTRUCCION;MATERIALES;TUBERIA PVC;CON001443;CODO PVC D/DRENAJE D/4X45               ;MADERAS Y SUMINISTROS OSEGUERA, S.A.;12;L2,057.94
BSU01;CONSTRUCCION;MATERIALES;TUBERIA PVC;CON003094;YEE DRENAJE INYECTADO 4X4;MADERAS Y SUMINISTROS OSEGUERA, S.A.;14;L1,690.92
BSU01;CONSTRUCCION;MATERIALES;TUBERIA PVC;CON003971;TUBO PVC INYECTADO DE 4;RICARDO JESUS BENDECK TURCIOS;1;L494.73
BSU01;CONSTRUCCION;MATERIALES;TUBERIA PVC;CON006181;YEE DRENAJE INYECTADO DE 6X6;MADERAS Y SUMINISTROS OSEGUERA, S.A.;5;L1,833.29
BSU01;CONSTRUCCION;MATERIALES;TUBERIA PVC;CON006182;REDUCCIÒN PVC DRENAJE DE 6X4;MADERAS Y SUMINISTROS OSEGUERA, S.A.;9;L1,447.83
BSU01;CONSTRUCCION;MATERIALES;TUBERIA PVC;CON006187;REDUCCION PVC DRENAJE DE 4X2;MADERAS Y SUMINISTROS OSEGUERA, S.A.;2;L129.53
BSU01;CONSTRUCCION;MATERIALES;TUBERIA PVC;CON008401;"CONDULET C DE 2""";CIA MERCANTIL LA CASA BLANCA SRL CV;2;L520.00
BSU01;CONSTRUCCION;MATERIALES;TUBERIA PVC;CON008986;CODO PVC POTABLE DE 8X90°;MADERAS Y SUMINISTROS OSEGUERA, S.A.;1;L1,478.26
BSU01;CONSTRUCCION;MATERIALES;TUBERIA PVC;CON008987;TUBO PVC POTABLE DE 4X6MTS CED-26;MADERAS Y SUMINISTROS OSEGUERA, S.A.;2;L1,419.46
BSU01;CONSTRUCCION;MATERIALES;TUBERIA PVC;CON008989;CODO PVC POTABLE DE 8X45°;MADERAS Y SUMINISTROS OSEGUERA, S.A.;3;L4,422.56
BSU01;CONSTRUCCION;MATERIALES;TUBERIA PVC;CON009688;CAMISA PVC 3;TORNILLOS Y SERVICIOS MULTIPLES LACAST S.A DE C.V;1;L56.33
BSU01;CONSTRUCCION;MATERIALES;TUBERIA PVC;USA000009;TUBO 1 1/4 CONDUIT C-40;SIN ESPESIFICAR;1;L1.00
BSU01;CONSTRUCCION;MATERIALES;TUBERIA PVC;USA000016;"TUBO PVC 3"" DRENAJE";SIN ESPESIFICAR;1;L1.00
BSU01;CONSTRUCCION;MATERIALES;TUBERIA PVC;USA000028;"TUBO 1"" CONDUIT C-40";SIN ESPESIFICAR;1;L1.00
BSU01;CONSTRUCCION;MATERIALES;TUBERIA PVC;USA000039;"CODO PVC 2""";JOCSAN RUEDA/PROYECTO;1;L25.00
BSU01;CONSTRUCCION;MATERIALES;TUBERIA PVC;CON004539;CODO PVC LISO D/1 X45;FERRETERIA EL BARATILLO S.A;1;L8.70
BSU01;CONSTRUCCION;MATERIALES;TUBERIA PVC;CON006241;"TEE  INYECTADO DRENAJE PVC 2X2""";MADERAS Y SUMINISTROS OSEGUERA, S.A.;5;L100.28
BSU01;CONSTRUCCION;MATERIALES;TUBERIA PVC;CON003265;"TEE PVC POTABLE 8""";MADERAS Y SUMINISTROS OSEGUERA, S.A.;2;L5,320.02
BSU01;CONSTRUCCION;MATERIALES;TUBERIA PVC;CON004251;"CODO DRENAJE 10"" X90";RICARDO JESUS BENDECK TURCIOS;3;L3,660.00
BSU01;CONSTRUCCION;MATERIALES;TUBERIA PVC;CON004756;CODO INYECTADO 3X45;MADERAS Y SUMINISTROS OSEGUERA, S.A.;9;L299.66
BSU01;CONSTRUCCION;MATERIALES;TUBERIA PVC;CON006775;CONECTOR PVC C40 1;CIA MERCANTIL LA CASA BLANCA SRL CV;28;L151.20
BSU01;CONSTRUCCION;MATERIALES;TUBERIA PVC;CON006400;"YEE DWV 8"" CEM BL";MEXICHEM HONDURAS, S.A. DE C.V.;2;L3,974.40
BSU01;CONSTRUCCION;MATERIALES;TUBERIA PVC;CON008206;ADAPTADOR PVC HEMBRA DE 2 SCHEDULE;AGENCIA LA MUNDIAL S.A DE C.V;1;L13.85
BSU01;CONSTRUCCION;MATERIALES;TUBERIA PVC;CON004110;TAPON PVC LISO 1 1/4;NAHUM ALBERTO MENDEZ AGUILERA / PROYECTO;1;L8.00
BSU01;CONSTRUCCION;MATERIALES;TUBERIA PVC;CON009910;YEE PVC DE #2 USAR ;SIN ESPESIFICAR;1;L50.56
BSU01;CONSTRUCCION;MATERIALES;TUBERIA PVC;CON006185;ADAPTADOR HEMBRA CPVC 1/2 AGUA CALIENTE ;MADERAS Y SUMINISTROS OSEGUERA, S.A.;4;L45.03
BSU01;CONSTRUCCION;MATERIALES;TUBERIA PVC;CON006564;TAPON PVC 1 LISO PRESION;JOCSAN RUEDA/PROYECTO;1;L5.00
BSU01;CONSTRUCCION;MATERIALES;TUBERIA PVC;CON006186;ADAPTADOR MACHO CPVC 1/2 AGUA CALIENTE ;MADERAS Y SUMINISTROS OSEGUERA, S.A.;5;L25.57
BSU01;CONSTRUCCION;MATERIALES;TUBERIA PVC;CON006469;TUBERIA PVC C20/1-1/4;CIA MERCANTIL LA CASA BLANCA SRL CV;2;L120.00
BSU01;CONSTRUCCION;MATERIALES;TUBERIA PVC;CON004302;YEE PVC DRENAJE 4 SDR32.5 /PROYECT;MADERAS Y SUMINISTROS OSEGUERA, S.A.;1;L42.95
BSU01;CONSTRUCCION;MATERIALES;TUBERIA PVC;CON003293;DESAGUE BAÑO INOX;AGENCIA LA MUNDIAL S.A DE C.V;6;L1,158.78
BSU01;CONSTRUCCION;MATERIALES;TUBERIA PVC;CON003668;CAMISA PVC 1 1/4 ;FERRETERIA EL BARATILLO S.A;3;L26.09
BSU01;CONSTRUCCION;MATERIALES;TUBERIA PVC;CON000458;TUBO POTABLE PVC 1/2;AGENCIA LA MUNDIAL S.A DE C.V;4;L188.48
BSU01;CONSTRUCCION;MATERIALES;TUBOS;CON001021;"TUBO REDONDO GALVANIZADO 1-1/2X20""";SIN ESPESIFICAR;1;L280.00
BSU01;CONSTRUCCION;MATERIALES;TUBOS;CON001174;TUBO EMT UL 3/4X10;RICARDO JESUS BENDECK TURCIOS;1;L112.75
BSU01;CONSTRUCCION;MATERIALES;TUBOS;CON001261;TUBO ESTRUCTURAL GALV 1X2 C-16;RICARDO JESUS BENDECK TURCIOS;4;L1,406.51
BSU01;CONSTRUCCION;MATERIALES;TUBOS;CON001719;CODO PVC DRENAJE INYECTABLE  2X45;AGENCIA LA MUNDIAL S.A DE C.V;7;L66.57
BSU01;CONSTRUCCION;MATERIALES;TUBOS;CON002189;TUBO IND. REDONDO 1-1/2 PULG GALV;ALEJANDRO NAPOLEON LARACH LARACH;6;L694.02
BSU01;CONSTRUCCION;MATERIALES;TUBOS;CON003669;TUBO ESTRUCT GALV 1X1 C- 14;RICARDO JESUS BENDECK TURCIOS;1;L288.27
BSU01;CONSTRUCCION;MATERIALES;TUBOS;CON003776;TUBO ACERO INOX 42.4MMX2.0MM X6000MM;NAUFFAR GERMANY DOORS AND WINDOWS, S.A.;1;L2,622.05
BSU01;CONSTRUCCION;MATERIALES;TUBOS;CON009287;TUBO IND. RED.INOX 1.2MM/20;ALEJANDRO NAPOLEON LARACH LARACH;2;L1,377.78
BSU01;CONSTRUCCION;MATERIALES;TUBOS;CON004468;"TUBO GALVANIZADO 1 1/2"" C/ ROSCA";RICARDO JESUS BENDECK TURCIOS;1;L1,065.00
BSU01;CONSTRUCCION;MATERIALES;TUBOS;CON0003199;TUBO ESTRUCTURAL GALVANIZADO 1 X1 C-14  NO USAR;RICARDO JESUS BENDECK TURCIOS;1;L265.00
BSU01;CONSTRUCCION;MATERIALES;TUBOS;CON008902;TUBO ESTRUCT GALV 1X2 C-16;RICARDO JESUS BENDECK TURCIOS;1;L339.00
BSU01;CONSTRUCCION;MATERIALES;VARILLAS;CON000678;VARILLA ROSCADA D/ 5/8´´ X 1M;LA PERLA DEL COLOR S DE R.L.;4;L363.04
BSU01;CONSTRUCCION;MATERIALES;VARILLAS;CON001729;VARILLA COBRE 5/8 X8 S/GRAPA;DISTRIBUIDORA INDUSTRIAL S.A. DE C.V.;15;L3,544.05
BSU01;CONSTRUCCION;MATERIALES;VARILLAS;CON003725;GRAPA VARILLA POLO TIERRA 5/8;ELECTRO CONTROLES S. DE R.L DE C.V;6;L150.00
BSU01;CONSTRUCCION;MATERIALES;(en blanco);CON002853;MASILLA P/ TABLA YESO 28-KG WELD BLCO;FERRETERIA EL BARATILLO S.A;1;L417.16
BSU01;CONSTRUCCION;MATERIALES;SOLERAS;CON003854;"TRACK P/TABLA YESO DE 2 1/2"" X 10""";RICARDO JESUS BENDECK TURCIOS;1;L33.89
BSU01;DECORACIONES ;ADORNO DECORACION;ADORNOS NAVIDEÑOS;DEC000112;LAMPARA COLGANTE DE TECHO ;LED STORE S.A DE C.V;26;L16,616.60
BSU01;DECORACIONES ;ADORNO DECORACION;ADORNOS NAVIDEÑOS;DEC000163;BOMBILLO LED 2.1W 6000K 220LM G9 RA80;LED STORE S.A DE C.V;7;L365.22
BSU01;DECORACIONES ;ADORNO DECORACION;ADORNOS NAVIDEÑOS;DEC000193;MARIPOSA DE LUZ CHINA(2025) 6361-3191;SIN ESPESIFICAR;23;L19,433.98
BSU01;DISPLAY;DISPLAY TIENDAS;CANASTAS;LIM000180;CANASTA PLASTICA PARA GANCHOS ;DISTRIBUCIONES UNIVERSALES S.A. DE C.V.;18;L4,262.13
BSU01;DISPLAY;DISPLAY TIENDAS;CANASTAS;DIS000403;CANASTAS PARA PROMOCION;SIN ESPESIFICAR;11;L18,423.19
BSU01;DISPLAY;DISPLAY TIENDAS;CANASTAS;DIS000315;CANASTA P/COMPRAS;SIN ESPESIFICAR;416;L43,307.32
BSU01;DISPLAY;DISPLAY TIENDAS;CANASTAS;DIS000483;"BOLSA D/REGALO ""EL COMPADRE"" CHINA 2024";SIN ESPESIFICAR;934;L60,791.67
BSU01;DISPLAY;DISPLAY TIENDAS;CANASTAS;DIS000429;CANASTA DE PELOTAS;SIN ESPESIFICAR;24;L26,920.20
BSU01;DISPLAY;DISPLAY TIENDAS;CANASTAS;UDIS000250;CANASTA P/COMPRAS;SIN ESPESIFICAR;250;L29,660.00
BSU01;DISPLAY;DISPLAY TIENDAS;(en blanco);DIS000404;PERCHERO TIPO CLOSET ;SIN ESPESIFICAR;40;L100,345.79
BSU01;DISPLAY;DISPLAY TIENDAS;EXHIBIDORES;DIS000095;VARITA PARA COLGAR MERCADERIA;JORGE ARMANDO NAJERA GUERRA;1,097.00;L128,662.98
BSU01;DISPLAY;DISPLAY TIENDAS;EXHIBIDORES;DIS000210;MANIQUI CABALLERO/FINO ;VARIEDADES OSORIO;5;L6,987.12
BSU01;DISPLAY;DISPLAY TIENDAS;EXHIBIDORES;DIS000258;PLASTICO PARA PRECIO;SIN ESPESIFICAR;2,889.00;L19,525.45
BSU01;DISPLAY;DISPLAY TIENDAS;EXHIBIDORES;DIS000361;MANIQUI HOMBRE SENTADO/ FINO;JORGE ARMANDO NAJERA GUERRA;16;L31,831.98
BSU01;DISPLAY;DISPLAY TIENDAS;EXHIBIDORES;DIS000388;MANIQUI CABALLERO;SIN ESPESIFICAR;43;L75,382.78
BSU01;DISPLAY;DISPLAY TIENDAS;EXHIBIDORES;DIS000417;APARADOR SECCIONAL;SIN ESPESIFICAR;8;L17,485.80
BSU01;DISPLAY;DISPLAY TIENDAS;EXHIBIDORES;DIS000453;M4 ACRILICO LISPTICK MUB G;SIN ESPESIFICAR;6;L1,956.62
BSU01;DISPLAY;DISPLAY TIENDAS;EXHIBIDORES;DIS000477;MUEBLE SPLAHS;SIN ESPESIFICAR;20;L189,463.91
BSU01;DISPLAY;DISPLAY TIENDAS;EXHIBIDORES;DIS000062;EXHIBIDOR DE LENTES GIRATORIOS ;SIN ESPESIFICAR;22;L45,884.42
BSU01;DISPLAY;DISPLAY TIENDAS;EXHIBIDORES;DIS000197;BUSTO DE CONJUNTO DE DAMA METAL;SIN ESPESIFICAR;43;L1,577.46
BSU01;DISPLAY;DISPLAY TIENDAS;EXHIBIDORES;DIS000216;BURRO CROMADO SENCILLO;SIN ESPESIFICAR;16;L9,844.83
BSU01;DISPLAY;DISPLAY TIENDAS;EXHIBIDORES;DIS000126;ESQUINERA DE EXHIBICION;SIN ESPESIFICAR;21;L36,557.01
BSU01;DISPLAY;DISPLAY TIENDAS;EXHIBIDORES;DIS000390;MANIQUI INFANTIL;SIN ESPESIFICAR;34;L20,367.74
BSU01;DISPLAY;DISPLAY TIENDAS;EXHIBIDORES;DIS000452;M3 ACRILICO SOMBRA M MUB PEQ;SIN ESPESIFICAR;77;L15,511.30
BSU01;DISPLAY;DISPLAY TIENDAS;EXHIBIDORES;DIS000460;M11 ACRILICO LIPSTICK PARED 6;SIN ESPESIFICAR;57;L14,326.02
BSU01;DISPLAY;DISPLAY TIENDAS;EXHIBIDORES;DIS000209;MANIQUI D/DAMA MAMA/ SIZE FINO ;SIN ESPESIFICAR;12;L23,811.52
BSU01;DISPLAY;DISPLAY TIENDAS;EXHIBIDORES;DIS000056;APARADOR GIRATORIO OFERTA;SIN ESPESIFICAR;16;L23,520.14
BSU01;DISPLAY;DISPLAY TIENDAS;EXHIBIDORES;DIS000387;MANIQUI DAMA;SIN ESPESIFICAR;10;L14,525.62
BSU01;DISPLAY;DISPLAY TIENDAS;EXHIBIDORES;DIS000398;MEDIO CUERPO CABALLERO;SIN ESPESIFICAR;2;L680.91
BSU01;DISPLAY;DISPLAY TIENDAS;EXHIBIDORES;DIS000458;M9 ACRILICO LIPSTICK PARED 4 SIN NIVEL;SIN ESPESIFICAR;66;L13,418.25
BSU01;DISPLAY;DISPLAY TIENDAS;EXHIBIDORES;DIS000014;EXHIBIDOR DE GORRA METAL;SIN ESPESIFICAR;33;L6,668.11
BSU01;DISPLAY;DISPLAY TIENDAS;EXHIBIDORES;DIS000412;RACK TIPO BUGGI;SIN ESPESIFICAR;9;L18,237.77
BSU01;DISPLAY;DISPLAY TIENDAS;EXHIBIDORES;DIS000420;ORGANISADOR DE MAQUILLAJE;SIN ESPESIFICAR;55;L711.82
BSU01;DISPLAY;DISPLAY TIENDAS;EXHIBIDORES;DIS000456;M7 ACRILICO SOMBRA MUB 4;SIN ESPESIFICAR;73;L13,026.17
BSU01;DISPLAY;DISPLAY TIENDAS;EXHIBIDORES;DIS000490;CAR CALZADO CABALLERO 1.65;SIN ESPESIFICAR;16;L135,221.42
BSU01;DISPLAY;DISPLAY TIENDAS;EXHIBIDORES;DIS000457;M8 ACRILICO LIPSTICK PARED 4;SIN ESPESIFICAR;13;L2,852.99
BSU01;DISPLAY;DISPLAY TIENDAS;EXHIBIDORES;DIS000415;MUEBLE DE ACCESORIO SENCILLO;SIN ESPESIFICAR;8;L22,621.16
BSU01;DISPLAY;DISPLAY TIENDAS;EXHIBIDORES;DIS000493;CAR CALZADO INFANTIL 1.32;SIN ESPESIFICAR;26;L204,091.32
BSU01;DISPLAY;DISPLAY TIENDAS;EXHIBIDORES;DIS000499;BURRO CROMADO DOBLE LISO ;SIN ESPESIFICAR;5;L3,129.24
BSU01;DISPLAY;DISPLAY TIENDAS;EXHIBIDORES;DIS000053;APARADOR INTERIOR ;VARIEDADES OSORIO;51;L103,413.22
BSU01;DISPLAY;DISPLAY TIENDAS;EXHIBIDORES;DIS000175;MANIQUI DAMA /PLASTICO CAFE;SIN ESPESIFICAR;2;L957.34
BSU01;DISPLAY;DISPLAY TIENDAS;EXHIBIDORES;DIS000144;BRAZO AUXILIAR D/16;JORGE ARMANDO NAJERA GUERRA;2,282.00;L78,272.94
BSU01;DISPLAY;DISPLAY TIENDAS;EXHIBIDORES;DIS000211;MANIQUI DAMA /FINO;VARIEDADES OSORIO;17;L21,015.74
BSU01;DISPLAY;DISPLAY TIENDAS;EXHIBIDORES;DIS000426;EXHIBIDOR DE MONEDEROS;SIN ESPESIFICAR;103;L5,836.69
BSU01;DISPLAY;DISPLAY TIENDAS;EXHIBIDORES;DIS000054;APARADOR DE 2 BRAZOS METAL;VARIEDADES OSORIO;712;L829,055.43
BSU01;DISPLAY;DISPLAY TIENDAS;EXHIBIDORES;DIS000393;BUTACA GRANDE COLORES;SIN ESPESIFICAR;8;L49,608.21
BSU01;DISPLAY;DISPLAY TIENDAS;EXHIBIDORES;DIS000474;MANIQUI PASARELA CABALLERO DIAMANTE BLACK;SIN ESPESIFICAR;17;L34,696.79
BSU01;DISPLAY;DISPLAY TIENDAS;EXHIBIDORES;DIS000064;EXHIBIDOR DE RELOJ GRANDE ;SIN ESPESIFICAR;8;L30,769.72
BSU01;DISPLAY;DISPLAY TIENDAS;EXHIBIDORES;DIS000167;BRAZOS AUXILIARES DE 12;JORGE ARMANDO NAJERA GUERRA;1,525.00;L51,298.27
BSU01;DISPLAY;DISPLAY TIENDAS;EXHIBIDORES;DIS000392;BUTACA CUADRADA DE COLORES;SIN ESPESIFICAR;21;L165,259.07
BSU01;DISPLAY;DISPLAY TIENDAS;EXHIBIDORES;DIS000422;BASE DE FLORES;SIN ESPESIFICAR;184;L1,688.67
BSU01;DISPLAY;DISPLAY TIENDAS;EXHIBIDORES;DIS000455;M6 ACRILICO SOMBRA M MUB G;SIN ESPESIFICAR;90;L24,784.97
BSU01;DISPLAY;DISPLAY TIENDAS;EXHIBIDORES;UDIS000227;APARADOR DE 2 BRAZOS DE MADERA ;SIN ESPESIFICAR;288;L296.52
BSU01;DISPLAY;DISPLAY TIENDAS;EXHIBIDORES;DIS000395; MUEBLE HANGER T;SIN ESPESIFICAR;13;L29,602.08
BSU01;DISPLAY;DISPLAY TIENDAS;EXHIBIDORES;DIS000482;SOPORTE B PARA RELOJ ;SIN ESPESIFICAR;533;L2,802.03
BSU01;DISPLAY;DISPLAY TIENDAS;EXHIBIDORES;DIS000497;MUEBLE AJUSTABLE;SIN ESPESIFICAR;3;L13,003.69
BSU01;DISPLAY;DISPLAY TIENDAS;EXHIBIDORES;DIS000419;APÀRADOR CLOSET JUVENIL;SIN ESPESIFICAR;19;L36,379.54
BSU01;DISPLAY;DISPLAY TIENDAS;EXHIBIDORES;DIS000450;M1 ACRILICO LIPSTICK MUB PEQ;SIN ESPESIFICAR;91;L20,738.37
BSU01;DISPLAY;DISPLAY TIENDAS;EXHIBIDORES;UDIS000251;APARADOR DE 2 BRAZOS DE METAL;SIN ESPESIFICAR;78;L81,593.20
BSU01;DISPLAY;DISPLAY TIENDAS;EXHIBIDORES;UDIS000334;BURRO CROMADO SENCILLO ;SIN ESPESIFICAR;6;L3,248.11
BSU01;DISPLAY;DISPLAY TIENDAS;EXHIBIDORES;DIS000389;MANIQUI JUVENIL;SIN ESPESIFICAR;28;L17,002.46
BSU01;DISPLAY;DISPLAY TIENDAS;EXHIBIDORES;DIS000451;M2 ACRILICO SOMBRA PEQ MUB PEQ;SIN ESPESIFICAR;86;L18,553.92
BSU01;DISPLAY;DISPLAY TIENDAS;EXHIBIDORES;DIS000471;MANIQUI DEPORTIVO DAMA;SIN ESPESIFICAR;18;L45,082.57
BSU01;DISPLAY;DISPLAY TIENDAS;EXHIBIDORES;DIS000472;MANIQUI DEPORTIVO CABALLERO;SIN ESPESIFICAR;18;L50,028.22
BSU01;DISPLAY;DISPLAY TIENDAS;EXHIBIDORES;DIS000400;BUSTO INTERIOR DAMA LED ;SIN ESPESIFICAR;21;L6,548.02
BSU01;DISPLAY;DISPLAY TIENDAS;EXHIBIDORES;DIS000416;MUEBLE DE ACCESORIO DOBLE;SIN ESPESIFICAR;81;L315,834.29
BSU01;DISPLAY;DISPLAY TIENDAS;EXHIBIDORES;DIS000459;M10 ACRILICO SOMBRA GRD MUB 6;SIN ESPESIFICAR;32;L6,957.90
BSU01;DISPLAY;DISPLAY TIENDAS;EXHIBIDORES;DIS000494;MUEBLE UNIDAD DE CALZADO 8FT;SIN ESPESIFICAR;21;L126,660.91
BSU01;DISPLAY;DISPLAY TIENDAS;EXHIBIDORES;DIS000206;MANIQUI DAMA SENTADA/FINO;SIN ESPESIFICAR;16;L32,375.98
BSU01;DISPLAY;DISPLAY TIENDAS;EXHIBIDORES;DIS000394;INTERIOR MUEBLE DOBLE NEGRO;SIN ESPESIFICAR;40;L141,705.14
BSU01;DISPLAY;DISPLAY TIENDAS;EXHIBIDORES;DIS000222;BUTACA GRANDE;SIN ESPESIFICAR;4;L8,800.00
BSU01;DISPLAY;DISPLAY TIENDAS;EXHIBIDORES;DIS000462;BUTACA VESTIDORES REDONDAS;SIN ESPESIFICAR;49;L31,026.01
BSU01;DISPLAY;DISPLAY TIENDAS;EXHIBIDORES;DIS000473;MANIQUI PASARELA DAMA DIAMANTE BLACK;SIN ESPESIFICAR;32;L60,681.42
BSU01;DISPLAY;DISPLAY TIENDAS;EXHIBIDORES;DIS000057;MUEBLES DE FAJAS ;SIN ESPESIFICAR;1;L380.00
BSU01;DISPLAY;DISPLAY TIENDAS;EXHIBIDORES;DIS000225;MESAS DE EXHIBICION;SIN ESPESIFICAR;29;L32,847.48
BSU01;DISPLAY;DISPLAY TIENDAS;EXHIBIDORES;DIS000454;M5 ACRILICO SOMBRA PEQ MUB G;SIN ESPESIFICAR;36;L9,794.24
BSU01;DISPLAY;DISPLAY TIENDAS;EXHIBIDORES;DIS000481;REPUESTO DE LENTES;SIN ESPESIFICAR;493;L14,845.17
BSU01;DISPLAY;DISPLAY TIENDAS;EXHIBIDORES;DIS000491;CAR CALAZADO DAMA/JUV CAB 1.50;SIN ESPESIFICAR;22;L177,951.40
BSU01;DISPLAY;DISPLAY TIENDAS;EXHIBIDORES;DIS000421;EXHIBIDOR DE ROTULOS;SIN ESPESIFICAR;214;L36,296.68
BSU01;DISPLAY;DISPLAY TIENDAS;EXHIBIDORES;DIS000492;CAR CALZADO JUVENIL DAMA 1.40;SIN ESPESIFICAR;13;L106,637.75
BSU01;DISPLAY;DISPLAY TIENDAS;EXHIBIDORES;UDIS000230;"BOLSA D/REGALO ""EL COMPADRE"" CHINA 2024";SIN ESPESIFICAR;174;L8,052.39
BSU01;DISPLAY;DISPLAY TIENDAS;EXHIBIDORES;UDIS000257;COLUMNAS DECORATIVAS;SIN ESPESIFICAR;39;L4,095.00
BSU01;DISPLAY;DISPLAY TIENDAS;EXHIBIDORES;DIS000201;BUSTOS DE DAMA CORTO;SIN ESPESIFICAR;23;L12,510.28
BSU01;DISPLAY;DISPLAY TIENDAS;EXHIBIDORES;UDIS000254;BRAZO AUXILIAR D/16;SIN ESPESIFICAR;2,204.00;L72,599.76
BSU01;DISPLAY;DISPLAY TIENDAS;EXHIBIDORES;UDIS000308;BARRA DE 2 A 6 PIE;SIN ESPESIFICAR;219;L17,352.15
BSU01;DISPLAY;DISPLAY TIENDAS;EXHIBIDORES;UDIS000262;MANIQUI DAMA;SIN ESPESIFICAR;8;L8,386.56
BSU01;DISPLAY;DISPLAY TIENDAS;EXHIBIDORES;DIS000410;SOPORTE PARA RELOJ UNIDAD TIPO A;SIN ESPESIFICAR;1,351.00;L3,799.66
BSU01;DISPLAY;DISPLAY TIENDAS;EXHIBIDORES;DIS000418;APARADOR FIJO;SIN ESPESIFICAR;60;L114,410.92
BSU01;DISPLAY;DISPLAY TIENDAS;EXHIBIDORES;DIS000424;MUEBLE MULTIUSOS;SIN ESPESIFICAR;5;L3,290.67
BSU01;DISPLAY;DISPLAY TIENDAS;EXHIBIDORES;DIS000461;M12 ACRILICO LIPSTICK PARED 6 SIN NIVEL;SIN ESPESIFICAR;60;L14,337.01
BSU01;DISPLAY;DISPLAY TIENDAS;EXHIBIDORES;UDIS000252;APARADOR DE 4 BRAZOS ;SIN ESPESIFICAR;135;L300,164.40
BSU01;DISPLAY;DISPLAY TIENDAS;EXHIBIDORES;UDIS000263;MANIQUI HOMBRE CUERPO COMPLETO;SIN ESPESIFICAR;3;L3,795.90
BSU01;DISPLAY;DISPLAY TIENDAS;EXHIBIDORES;UDIS000264;MANIQUI NIÑO CUERPO COMPLETO;SIN ESPESIFICAR;21;L11,439.12
BSU01;DISPLAY;DISPLAY TIENDAS;EXHIBIDORES;UDIS000307;APARADOR INTERIOR ;SIN ESPESIFICAR;38;L74,739.54
BSU01;DISPLAY;DISPLAY TIENDAS;EXHIBIDORES;UDIS000318;BUTACA GRANDE;SIN ESPESIFICAR;10;L12,000.00
BSU01;DISPLAY;DISPLAY TIENDAS;EXHIBIDORES;UDIS000255;BUSTO  INTERIOR DAMA;SIN ESPESIFICAR;5;L2,719.60
BSU01;DISPLAY;DISPLAY TIENDAS;EXHIBIDORES;UDIS000309;PARRILLA METALICA ;SIN ESPESIFICAR;79;L38,726.59
BSU01;DISPLAY;DISPLAY TIENDAS;EXHIBIDORES;DIS000502;LATERAL CENTRO MUEBLE DE UNIDAD DE CALZADO;SIN ESPESIFICAR;28;L171.92
BSU01;DISPLAY;DISPLAY TIENDAS;EXHIBIDORES;DIS000506;BASE 2FT MUEBLE UNIDAD DE CALZADO;SIN ESPESIFICAR;27;L1,908.36
BSU01;DISPLAY;DISPLAY TIENDAS;EXHIBIDORES;DIS000511;PLATO TIPO RACK BUGGI;SIN ESPESIFICAR;23;L15,535.88
BSU01;DISPLAY;DISPLAY TIENDAS;EXHIBIDORES;DIS000503;LATERAL DERECHO MUEBLE UNIDAD DE CALZADO;SIN ESPESIFICAR;37;L227.18
BSU01;DISPLAY;DISPLAY TIENDAS;EXHIBIDORES;DIS000507;PARED 2FT MUEBLE UNIDAD DE CALZADO;SIN ESPESIFICAR;338;L3,510.12
BSU01;DISPLAY;DISPLAY TIENDAS;EXHIBIDORES;DIS000508;UÑAS MUEBLE UNIDAD DE CALZADO;SIN ESPESIFICAR;1,291.00;L33,217.43
BSU01;DISPLAY;DISPLAY TIENDAS;EXHIBIDORES;DIS000513;H TIPO RACK BUGGI;SIN ESPESIFICAR;2;L1,350.94
BSU01;DISPLAY;DISPLAY TIENDAS;EXHIBIDORES;DIS000475;MUEBLE UNIDAD DE CALZADO 6FT;SIN ESPESIFICAR;10;L46,062.30
BSU01;DISPLAY;DISPLAY TIENDAS;EXHIBIDORES;DIS000512;BRAZOS TIPO RACK BUGGI;SIN ESPESIFICAR;32;L21,615.13
BSU01;DISPLAY;DISPLAY TIENDAS;EXHIBIDORES;DIS000505;PLATO 2FT MUEBLE UNIDAD DE CALZADO;SIN ESPESIFICAR;751;L102,735.58
BSU01;DISPLAY;DISPLAY TIENDAS;EXHIBIDORES;DIS000515;PINES #10 PARA GONDOLA ;SIN ESPESIFICAR;441;L6,809.04
BSU01;DISPLAY;DISPLAY TIENDAS;EXHIBIDORES;UDIS000336;PIN PARA GONDOLA #12;SIN ESPESIFICAR;510;L8,001.90
BSU01;DISPLAY;DISPLAY TIENDAS;EXHIBIDORES;UDIS000337;BRAZO RIEL PORTA BARRA #12;SIN ESPESIFICAR;150;L4,897.50
BSU01;DISPLAY;DISPLAY TIENDAS;EXHIBIDORES;DIS000522;APARADOR TIPO A USAR ;SIN ESPESIFICAR;9;L23,062.03
BSU01;DISPLAY;DISPLAY TIENDAS;EXHIBIDORES;DIS000519;BRAZO AUXILIAR #10 USAR ;SIN ESPESIFICAR;3,651.00;L113,615.21
BSU01;DISPLAY;DISPLAY TIENDAS;EXHIBIDORES;DIS000520;BUSTO INTERIOR ROSSE GLOSS USAR ;SIN ESPESIFICAR;36;L14,888.60
BSU01;DISPLAY;DISPLAY TIENDAS;EXHIBIDORES;DIS000521;MANIQUI CORAZON ROSE GLOSS USAR;SIN ESPESIFICAR;57;L30,067.46
BSU01;DISPLAY;DISPLAY TIENDAS;PINES;DIS000139;PINES #12 PARA GONDOLAS ;SIN ESPESIFICAR;1,747.00;L23,890.61
BSU01;DISPLAY;DISPLAY TIENDAS;PINES;DIS000498;PIN PARA PELOTA;SIN ESPESIFICAR;205;L3,573.58
BSU01;DISPLAY;DISPLAY TIENDAS;PINES;DIS000425;PIN DE BARRA DE ACCESORIOS;SIN ESPESIFICAR;28,190.00;L184,459.86
BSU01;DISPLAY;DISPLAY TIENDAS;GANCHOS;DIS000348;GANCHO PLASTICO PRENSAR XL;OLVIN OBDULIO CACERES SERRANO;14,624.00;L51,439.92
BSU01;DISPLAY;DISPLAY TIENDAS;GANCHOS;DIS000245;GANCHO PLASTICO P/PRENSAR M;OLVIN OBDULIO CACERES SERRANO;161,587.00;L475,342.09
BSU01;DISPLAY;DISPLAY TIENDAS;GANCHOS;DIS000246;GANCHO PLASTICO P/PRENSAR L;OLVIN OBDULIO CACERES SERRANO;24,408.00;L82,634.99
BSU01;DISPLAY;DISPLAY TIENDAS;GANCHOS;DIS000244;GANCHO PLASTICO P/PRENSAR S;OLVIN OBDULIO CACERES SERRANO;31,654.00;L91,012.21
BSU01;DISPLAY;DISPLAY TIENDAS;GANCHOS;DIS000414;ACRILICO 3FT;SIN ESPESIFICAR;1,974.00;L17,688.15
BSU01;DISPLAY;DISPLAY TIENDAS;GANCHOS;UDIS000329;GANCHO PLASTICO P/COLGAR L;SIN ESPESIFICAR;70;L119.38
BSU01;DISPLAY;DISPLAY TIENDAS;GANCHOS;DIS000369;GANCHO COLGAR TALLA L/ADULTO;OLVIN OBDULIO CACERES SERRANO;35,422.00;L76,417.30
BSU01;DISPLAY;DISPLAY TIENDAS;GANCHOS;UDIS000331;GANCHO PLASTICO P/COLGAR S;SIN ESPESIFICAR;13,001.00;L16,130.60
BSU01;DISPLAY;DISPLAY TIENDAS;GANCHOS;DIS000370;GANCHO COLGAR TALLA M/JUVENIL;OLVIN OBDULIO CACERES SERRANO;105,517.00;L203,283.78
BSU01;DISPLAY;DISPLAY TIENDAS;GANCHOS;DIS000413;ACRILICO 4FT;SIN ESPESIFICAR;4,169.00;L43,327.46
BSU01;DISPLAY;DISPLAY TIENDAS;GANCHOS;DIS000372;GANCHO COLGAR TALLA XL/ADULTO;OLVIN OBDULIO CACERES SERRANO;28,411.00;L68,942.42
BSU01;DISPLAY;DISPLAY TIENDAS;GANCHOS;UDIS000316;GANCHO MADERA M COLGAR;SIN ESPESIFICAR;676;L8,179.60
BSU01;DISPLAY;DISPLAY TIENDAS;GANCHOS;UDIS000314;GANCHO MADERA XL PRENSAR;SIN ESPESIFICAR;792;L11,167.20
BSU01;DISPLAY;DISPLAY TIENDAS;GANCHOS;UDIS000330;GANCHO PLASTICO P/COLGAR M;SIN ESPESIFICAR;16,341.00;L35,273.52
BSU01;DISPLAY;DISPLAY TIENDAS;GANCHOS;UDIS000311;GANCHO MADERA S PRENSAR;SIN ESPESIFICAR;473;L4,450.93
BSU01;DISPLAY;DISPLAY TIENDAS;GANCHOS;UDIS000267;GANCHO PLASTICO P/PRENSAR M/JUVENIL;SIN ESPESIFICAR;3,753.00;L19,005.79
BSU01;DISPLAY;DISPLAY TIENDAS;GANCHOS;UDIS000310;FLAT;SIN ESPESIFICAR;185;L139,325.32
BSU01;DISPLAY;DISPLAY TIENDAS;GANCHOS;UDIS000313;GANCHO MADERA L PRENSAR;SIN ESPESIFICAR;3,497.00;L45,845.67
BSU01;DISPLAY;DISPLAY TIENDAS;GANCHOS;UDIS000266;GANCHO PLASTICO P/PRENSAR L/ADULTO;SIN ESPESIFICAR;2,957.00;L15,507.60
BSU01;DISPLAY;DISPLAY TIENDAS;GANCHOS;UDIS000312;GANCHO MADERA M PRENSAR;SIN ESPESIFICAR;1,401.00;L14,598.42
BSU01;DISPLAY;DISPLAY TIENDAS;GANCHOS;UDIS000315;GANCHO MADERA S COLGAR;SIN ESPESIFICAR;507;L5,146.05
BSU01;DISPLAY;DISPLAY TIENDAS;GANCHOS;UDIS000328;GANCHO PLASTICO COLGAR XL;SIN ESPESIFICAR;2,145.00;L7,631.93
BSU01;DISPLAY;DISPLAY TIENDAS;GANCHOS;UDIS000269;GANCHO PLASTICO PRENSAR XL/ADULTO;SIN ESPESIFICAR;1,441.00;L8,501.90
BSU01;DISPLAY;DISPLAY TIENDAS;GANCHOS;UDIS000134;GANCHO MADERA L COLGAR;SIN ESPESIFICAR;3,797.00;L22,489.59
BSU01;DISPLAY;DISPLAY TIENDAS;GANCHOS;UDIS000268;GANCHO PLASTICO P/PRENSAR S/INFANTIL;SIN ESPESIFICAR;3,566.00;L14,715.46
BSU01;DISPLAY;DISPLAY TIENDAS;GANCHOS;DIS000514;GANCHO COLGAR TALLA S/INFANTIL;SIN ESPESIFICAR;22,031.00;L64,330.52
BSU01;DISPLAY;DISPLAY TIENDAS;GONDOLAS ;DIS000381;POSTE CENTRO CUIDADO PERSONAL;SIN ESPESIFICAR;98;L6,918.57
BSU01;DISPLAY;DISPLAY TIENDAS;GONDOLAS ;DIS000501;BASE DE 3FT HOGAR ;SIN ESPESIFICAR;64;L11,253.04
BSU01;DISPLAY;DISPLAY TIENDAS;GONDOLAS ;DIS000375;PARED PARA GONDOLA  DE 4 PIE ;SIN ESPESIFICAR;2,839.00;L184,718.60
BSU01;DISPLAY;DISPLAY TIENDAS;GONDOLAS ;DIS000368;BASES PARA GONDOLA DE HOGAR 4FT;SIN ESPESIFICAR;494;L45,195.16
BSU01;DISPLAY;DISPLAY TIENDAS;GONDOLAS ;DIS000385;UÑAS CUIDADO PERSONAL;SIN ESPESIFICAR;1,717.00;L98,791.11
BSU01;DISPLAY;DISPLAY TIENDAS;GONDOLAS ;DIS000383;POSTE PARED CUIDADO PERSONAL;SIN ESPESIFICAR;62;L2,840.38
BSU01;DISPLAY;DISPLAY TIENDAS;GONDOLAS ;DIS000446;POSTE PARED HOGAR ALTA;SIN ESPESIFICAR;52;L3,598.23
BSU01;DISPLAY;DISPLAY TIENDAS;GONDOLAS ;DIS000386;UÑAS PARA GONDOLA DE HOGAR;SIN ESPESIFICAR;5,550.00;L466,099.16
BSU01;DISPLAY;DISPLAY TIENDAS;GONDOLAS ;DIS000379;PLATOS DE 4 PIE CUIDADO PERSONAL;SIN ESPESIFICAR;896;L63,991.01
BSU01;DISPLAY;DISPLAY TIENDAS;GONDOLAS ;UDIS000271;BASES  HOGAR;SIN ESPESIFICAR;154;L13,653.64
BSU01;DISPLAY;DISPLAY TIENDAS;GONDOLAS ;UDIS000293;PIN DE BARRA #12;SIN ESPESIFICAR;3,008.00;L17,937.82
BSU01;DISPLAY;DISPLAY TIENDAS;GONDOLAS ;UDIS000296;PIN DE PARRILLA #10;SIN ESPESIFICAR;3,356.00;L15,135.56
BSU01;DISPLAY;DISPLAY TIENDAS;GONDOLAS ;DIS000378;PLATOS DE 3 PIE HOGAR;SIN ESPESIFICAR;446;L37,186.27
BSU01;DISPLAY;DISPLAY TIENDAS;GONDOLAS ;UDIS000332;PIN PARA GONDOLA #10;SIN ESPESIFICAR;867;L11,860.56
BSU01;DISPLAY;DISPLAY TIENDAS;GONDOLAS ;DIS000384;POSTE PARED HOGAR;SIN ESPESIFICAR;472;L55,509.51
BSU01;DISPLAY;DISPLAY TIENDAS;GONDOLAS ;DIS000367;BASES 4FT CUIDADO PERSONAL;SIN ESPESIFICAR;314;L27,074.23
BSU01;DISPLAY;DISPLAY TIENDAS;GONDOLAS ;UDIS000320;BRAZO DE RIEL #10;SIN ESPESIFICAR;197;L17,048.38
BSU01;DISPLAY;DISPLAY TIENDAS;GONDOLAS ;DIS000373;PARED DE 3 PIE CUIDADO PERSONAL;SIN ESPESIFICAR;808;L33,220.65
BSU01;DISPLAY;DISPLAY TIENDAS;GONDOLAS ;DIS000377;PLATOS DE 3 PIE CUIDADO PERSONAL;SIN ESPESIFICAR;125;L5,141.28
BSU01;DISPLAY;DISPLAY TIENDAS;GONDOLAS ;DIS000382;POSTE CENTRO HOGAR ;SIN ESPESIFICAR;352;L24,172.04
BSU01;DISPLAY;DISPLAY TIENDAS;GONDOLAS ;UDIS000275;PLATOS DE 4 PIE CUIDADO PERSONAL;SIN ESPESIFICAR;1,090.00;L76,606.04
BSU01;DISPLAY;DISPLAY TIENDAS;GONDOLAS ;UDIS000281;UÑAS CUIDADO PERSONAL;SIN ESPESIFICAR;3,902.00;L262,994.80
BSU01;DISPLAY;DISPLAY TIENDAS;GONDOLAS ;UDIS000305;BRAZO BARRA #12;SIN ESPESIFICAR;1,330.00;L27,903.40
BSU01;DISPLAY;DISPLAY TIENDAS;GONDOLAS ;UDIS000279;POSTE PARED CUIDADO PERSONAL;SIN ESPESIFICAR;26;L2,177.24
BSU01;DISPLAY;DISPLAY TIENDAS;GONDOLAS ;UDIS000282;UÑAS HOGAR;SIN ESPESIFICAR;1,978.00;L133,317.20
BSU01;DISPLAY;DISPLAY TIENDAS;GONDOLAS ;UDIS000304;BRAZO AUXILIAR #12;SIN ESPESIFICAR;3,476.00;L102,298.68
BSU01;DISPLAY;DISPLAY TIENDAS;GONDOLAS ;UDIS000055;PARED DE 3 PIE CUIDADO PERSONAL;SIN ESPESIFICAR;323;L9,569.26
BSU01;DISPLAY;DISPLAY TIENDAS;GONDOLAS ;UDIS000303;BRAZO AUXILIAR #10;SIN ESPESIFICAR;71;L1,656.43
BSU01;DISPLAY;DISPLAY TIENDAS;GONDOLAS ;DIS000263;BASES DE GONDOLA DE 3FT;SIN ESPESIFICAR;3;L736.91
BSU01;DISPLAY;DISPLAY TIENDAS;GONDOLAS ;UDIS000299;PIN DE PANEL #12;SIN ESPESIFICAR;9,143.00;L133,579.23
BSU01;DISPLAY;DISPLAY TIENDAS;GONDOLAS ;UDIS000278;POSTE CENTRO HOGAR;SIN ESPESIFICAR;54;L7,463.88
BSU01;DISPLAY;DISPLAY TIENDAS;GONDOLAS ;UDIS000280;POSTE PARED HOGAR;SIN ESPESIFICAR;22;L2,709.74
BSU01;DISPLAY;DISPLAY TIENDAS;GONDOLAS ;UDIS000273;PARED DE 4 PIE PARA GONDOLA;SIN ESPESIFICAR;1,751.00;L119,505.75
BSU01;DISPLAY;DISPLAY TIENDAS;GONDOLAS ;UDIS000274;PLATOS DE 3 PIE CUIDADO PERSONAL;SIN ESPESIFICAR;219;L10,115.61
BSU01;DISPLAY;DISPLAY TIENDAS;GONDOLAS ;UDIS000301;BRAZO PARA PANEL #12;SIN ESPESIFICAR;6,003.00;L427,533.66
BSU01;DISPLAY;DISPLAY TIENDAS;GONDOLAS ;UDIS000277;POSTE CENTRO CUIDADO PERSONAL;SIN ESPESIFICAR;75;L5,621.25
BSU01;DISPLAY;DISPLAY TIENDAS;GONDOLAS ;UDIS000276;PLATOS DE 4 PIE HOGAR;SIN ESPESIFICAR;689;L40,473.20
BSU01;DISPLAY;DISPLAY TIENDAS;GONDOLAS ;UDIS000322;BRAZO PARA PARED #12;SIN ESPESIFICAR;131;L2,096.00
BSU01;DISPLAY;DISPLAY TIENDAS;GONDOLAS ;UDIS000297;PIN DE PARRILLA #12;SIN ESPESIFICAR;6,231.00;L29,380.91
BSU01;DISPLAY;DISPLAY TIENDAS;GONDOLAS ;UDIS000300;PIN DE PANEL #14;SIN ESPESIFICAR;304;L3,648.00
BSU01;DISPLAY;DISPLAY TIENDAS;GONDOLAS ;UDIS000292;PIN DE BARRA #10;SIN ESPESIFICAR;10,976.00;L75,514.88
BSU01;DISPLAY;DISPLAY TIENDAS;GONDOLAS ;UDIS000270;BASES PARED CUIDADO PERSONAL;SIN ESPESIFICAR;289;L25,622.74
BSU01;DISPLAY;DISPLAY TIENDAS;GONDOLAS ;UDIS000327;BRAZO RIEL PORTA BARRA #10;SIN ESPESIFICAR;21;L1,007.58
BSU01;DISPLAY;DISPLAY TIENDAS;GONDOLAS ;UDIS000333;POSTE PARED HOGAR ALTO 9FT;SIN ESPESIFICAR;3;L204.00
BSU01;DISPLAY;DISPLAY TIENDAS;SISTEMA DE BARRA;DIS000036;PIN P/BARRA DE 12;JORGE ARMANDO NAJERA GUERRA;18,763.00;L120,824.90
BSU01;DISPLAY;DISPLAY TIENDAS;SISTEMA DE BARRA;DIS000142;BARRA DE ACCESORIO DOBLE UND;SIN ESPESIFICAR;2,005.00;L671,042.36
BSU01;DISPLAY;DISPLAY TIENDAS;SISTEMA DE BARRA;DIS000136;UÑAS P/BARRA ;JORGE ARMANDO NAJERA GUERRA;29,453.00;L752,953.28
BSU01;DISPLAY;DISPLAY TIENDAS;SISTEMA DE BARRA;DIS000031;BRAZOS P/BARRA DE 12;JORGE ARMANDO NAJERA GUERRA;10,330.00;L246,485.58
BSU01;DISPLAY;DISPLAY TIENDAS;SISTEMA DE BARRA;DIS000428;BARRA EN U #2;SIN ESPESIFICAR;28;L3,230.60
BSU01;DISPLAY;DISPLAY TIENDAS;SISTEMA DE BARRA;DIS000128;BRAZOS D/BARRA PORTA BARRA 12;JORGE ARMANDO NAJERA GUERRA;1,498.00;L45,584.98
BSU01;DISPLAY;DISPLAY TIENDAS;SISTEMA DE BARRA;DIS000028;BARRA DE 4 PIES;JORGE ARMANDO NAJERA GUERRA;1,398.00;L85,725.26
BSU01;DISPLAY;DISPLAY TIENDAS;SISTEMA DE BARRA;DIS000427;BARRA EN U #4;SIN ESPESIFICAR;84;L10,789.46
BSU01;DISPLAY;DISPLAY TIENDAS;SISTEMA DE BARRA;DIS000480;BARRA DE 3 PIES;SIN ESPESIFICAR;748;L40,768.72
BSU01;DISPLAY;DISPLAY TIENDAS;SISTEMA DE BARRA;DIS000030;BARRA DE 6 PIES ;JORGE ARMANDO NAJERA GUERRA;1,220.00;L107,873.77
BSU01;DISPLAY;DISPLAY TIENDAS;SISTEMA DE BARRA;DIS000035;PIN P/BARRA DE 10;JORGE ARMANDO NAJERA GUERRA;27,926.00;L165,608.16
BSU01;DISPLAY;DISPLAY TIENDAS;SISTEMA DE BARRA;UDIS000284;BRAZOS D/BARRA PORTA BARRA 12;SIN ESPESIFICAR;45;L1,302.30
BSU01;DISPLAY;DISPLAY TIENDAS;SISTEMA DE BARRA;UDIS000283;BRAZOS D/BARRA PORTA BARRA 10;SIN ESPESIFICAR;1;L28.94
BSU01;DISPLAY;DISPLAY TIENDAS;SISTEMA DE BARRA;UDIS000285;UÑAS P/BARRA ;SIN ESPESIFICAR;1,412.00;L33,930.36
BSU01;DISPLAY;DISPLAY TIENDAS;SISTEMA DE RIELES;DIS000122;BRAZOS D/RIEL PORTA BARRA 12;SIN ESPESIFICAR;2,238.00;L99,296.99
BSU01;DISPLAY;DISPLAY TIENDAS;SISTEMA DE RIELES;DIS000154;PORTA REPISA DE 12 P/RIEL DE 1;SIN ESPESIFICAR;84;L3,359.37
BSU01;DISPLAY;DISPLAY TIENDAS;SISTEMA DE RIELES;DIS000391;BRAZOS P/RIEL DE 10;SIN ESPESIFICAR;830;L71,828.20
BSU01;DISPLAY;DISPLAY TIENDAS;SISTEMA DE RIELES;DIS000041;BRAZOS P/ RIEL DE 12;VARIEDADES OSORIO;3,051.00;L108,805.89
BSU01;DISPLAY;DISPLAY TIENDAS;SISTEMA DE RIELES;DIS000039;RIEL EXTERNO DE 1;JORGE ARMANDO NAJERA GUERRA;1,755.00;L167,557.20
BSU01;DISPLAY;DISPLAY TIENDAS;SISTEMA DE RIELES;UDIS000288;BRAZOS P/RIEL DE 12;SIN ESPESIFICAR;2,586.00;L76,907.64
BSU01;DISPLAY;DISPLAY TIENDAS;SISTEMA DE RIELES;UDIS000291;RIEL EXTERNO;SIN ESPESIFICAR;154;L13,019.16
BSU01;DISPLAY;DISPLAY TIENDAS;SISTEMA DE RIELES;UDIS000206;PORTA REPISA RIEL #12;SIN ESPESIFICAR;2,048.00;L11,354.34
BSU01;DISPLAY;DISPLAY TIENDAS;SISTEMA DE SEGURIDAD;DIS000408;CADENA PARA GONDOLAS ;SIN ESPESIFICAR;556;L5,021.24
BSU01;DISPLAY;DISPLAY TIENDAS;SISTEMA DE SEGURIDAD;DIS000082;IMAN DESPRENDEDOR DE SEGURIDAD;SIN ESPESIFICAR;114;L156,065.72
BSU01;DISPLAY;DISPLAY TIENDAS;SISTEMA DE SEGURIDAD;UDIS000325;ALARMA PARA ROPA;SIN ESPESIFICAR;113,199.00;L97,351.14
BSU01;DISPLAY;DISPLAY TIENDAS;SISTEMA DE SEGURIDAD;DIS000405;FAJA PARA CONJUNTO ;SIN ESPESIFICAR;1,374.00;L1,162.61
BSU01;DISPLAY;DISPLAY TIENDAS;SISTEMA DE SEGURIDAD;DIS000310;ALARMA COMPLETA RADIO FRECUENCIA;SIN ESPESIFICAR;107,330.00;L122,182.33
BSU01;DISPLAY;DISPLAY TIENDAS;SISTEMA DE SEGURIDAD;DIS000311;ALARMA PARA CALZADO RADIO FRECUENCIA;SIN ESPESIFICAR;81,574.00;L211,195.09
BSU01;DISPLAY;DISPLAY TIENDAS;SISTEMA DE SEGURIDAD;DIS000084;EXHIBIDOR DE COLLARIN DE VIAJE;SIN ESPESIFICAR;5;L12,464.62
BSU01;DISPLAY;DISPLAY TIENDAS;SISTEMA DE SEGURIDAD;UDIS000290;LOCKER;SIN ESPESIFICAR;41;L323,156.26
BSU01;DISPLAY;DISPLAY TIENDAS;SISTEMA DE SEGURIDAD;DIS000088;(PLANCHA) DESACTIVADORA SENSORMATIC ;SIN ESPESIFICAR;56;L65,267.19
BSU01;DISPLAY;DISPLAY TIENDAS;SISTEMA DE SEGURIDAD;DIS000308;PIN SOLO PARA ALARMA;SIN ESPESIFICAR;68,419.00;L12,708.15
BSU01;DISPLAY;DISPLAY TIENDAS;SISTEMA DE SEGURIDAD;DIS000510;LOCKER LINEA DOBLE;SIN ESPESIFICAR;5;L36,325.30
BSU01;DISPLAY;DISPLAY TIENDAS;SISTEMA DE SEGURIDAD;DIS000509;LOCKER LINEA TRIPLE;SIN ESPESIFICAR;6;L61,297.97
BSU01;DISPLAY;DISPLAY TIENDAS;SISTEMA DE SEGURIDAD;UDIS000339;EXHIBIDOR DE COLLARIN HECHIZO;SIN ESPESIFICAR;3;L1,933.50
BSU01;DISPLAY;DISPLAY TIENDAS;SISTEMA DE SEGURIDAD;DIS000523;LOCKER SENCILLO USAR ;SIN ESPESIFICAR;3;L32,823.17
BSU01;DISPLAY;DISPLAY TIENDAS;PLATOS-GONDOLAS;DIS000345;PLATOS DE 4 PIE HOGAR ;SIN ESPESIFICAR;2,025.00;L77,182.25
BSU01;DISPLAY;DISPLAY TIENDAS;PLATOS-GONDOLAS;DIS000487;PARED DE GONDOLA 2.5;SIN ESPESIFICAR;368;L18,692.37
BSU01;DISPLAY;DISPLAY TIENDAS;PLATOS-GONDOLAS;DIS000409;SOPORTE PARA RETRATERA O PLATO ;SIN ESPESIFICAR;32;L59.62
BSU01;DISPLAY;DISPLAY TIENDAS;PLATOS-GONDOLAS;DIS000486;BASE DE GONDOLA 2.5;SIN ESPESIFICAR;59;L2,995.99
BSU01;DISPLAY;DISPLAY TIENDAS;PLATOS-GONDOLAS;DIS000485;PLATO DE  GONDOLA 2.5;SIN ESPESIFICAR;474;L24,068.06
BSU01;DISPLAY;DISPLAY TIENDAS;SISTEMA DE PARRILLAS;DIS000042;PARRILLAS DE 7 PIES;VARIEDADES OSORIO;289;L152,387.54
BSU01;DISPLAY;DISPLAY TIENDAS;SISTEMA DE PARRILLAS;DIS000050;PINES DE PARRILLA DE 10;SIN ESPESIFICAR;256;L1,153.47
BSU01;DISPLAY;DISPLAY TIENDAS;SISTEMA DE PARRILLAS;DIS000051;PINES DE PARRILLA DE 12;SIN ESPESIFICAR;4,134.00;L25,858.29
BSU01;DISPLAY;DISPLAY TIENDAS;SISTEMA DE PARRILLAS;DIS000135;BARRA ACCESORIO SENCILLO UND;SIN ESPESIFICAR;822;L568,775.99
BSU01;DISPLAY;DISPLAY TIENDAS;SISTEMA DE PARRILLAS;DIS000044;BRAZOS P/PARRILLA DE 12;JORGE ARMANDO NAJERA GUERRA;3,445.00;L76,336.86
BSU01;DISPLAY;DISPLAY TIENDAS;SISTEMA DE PARRILLAS;UDIS000287;BRAZOS P/PARRILLA DE 12;SIN ESPESIFICAR;773;L17,145.14
BSU01;DISPLAY;DISPLAY TIENDAS;SISTEMA DE PANEL;UDIS000286;PINES P/PANEL DE 10;SIN ESPESIFICAR;2,602.00;L26,020.00
BSU01;ELECTRONICA;EQUIPO COMPUTO;ACCESORIOS TECNOLOGICOS;AAC000346;CONTROL UNIVERSAL A/C;DANILOS STORE SA;4;L634.78
BSU01;ELECTRONICA;EQUIPO COMPUTO;ACCESORIOS TECNOLOGICOS;AAC000442;VENTILADOR ORO CON 3 TONOS LUZ ;SOLUCIONES INTELIGENTES S.A DE C.V;3;L9,652.50
BSU01;ELECTRONICA;EQUIPO COMPUTO;ACCESORIOS TECNOLOGICOS;ELE000044;TAPA PLASTICA 1 PUERTO BLANCA USAR;FELIPE ANTONIO GONZALEZ MADRID;28;L532.00
BSU01;ELECTRONICA;EQUIPO COMPUTO;ACCESORIOS TECNOLOGICOS;ELE000059;PRINT SERVER TP LINK TL-PS11OU USB;SIN ESPESIFICAR;4;L5,217.40
BSU01;ELECTRONICA;EQUIPO COMPUTO;ACCESORIOS TECNOLOGICOS;ELE000288;ESCANER CODIGO DE BARRA 3NSTAR USAR;FELIPE ANTONIO GONZALEZ MADRID;14;L10,997.25
BSU01;ELECTRONICA;EQUIPO COMPUTO;ACCESORIOS TECNOLOGICOS;ELE000305;MICROFONO INALAMBRICO D/MANO;ALMACEN EL PAJARO AZUL S.A DE C.V;2;L8,360.00
BSU01;ELECTRONICA;EQUIPO COMPUTO;ACCESORIOS TECNOLOGICOS;ELE000332;POWER SUPLY DELL;SIN ESPESIFICAR;2;L1,382.70
BSU01;ELECTRONICA;EQUIPO COMPUTO;ACCESORIOS TECNOLOGICOS;ELE000382;ROUTER RB750GR3 MIKROTIK;FELIPE ANTONIO GONZALEZ MADRID;3;L4,680.00
BSU01;ELECTRONICA;EQUIPO COMPUTO;ACCESORIOS TECNOLOGICOS;ELE000388;MAGUERA ESPIRAL PLASTICA 15MMX10M usar;SIN ESPESIFICAR;10;L540.35
BSU01;ELECTRONICA;EQUIPO COMPUTO;ACCESORIOS TECNOLOGICOS;ELE000396;CASH DRAWER NEGRO (CAJA REGISTRADORA)   ;SISTEMAS INFORMATICOS ADMINISTRATIVOS S. DE R.L.;7;L8,513.14
BSU01;ELECTRONICA;EQUIPO COMPUTO;ACCESORIOS TECNOLOGICOS;ELE000434;CABLE DISPLAY PORT  TO DISPLAY PORT 6F;FELIPE ANTONIO GONZALEZ MADRID;11;L1,824.17
BSU01;ELECTRONICA;EQUIPO COMPUTO;ACCESORIOS TECNOLOGICOS;ELE000439;BATERIA CR2032 MOTHERBOARD     USAR ;ALMACEN EL PAJARO AZUL S.A DE C.V;5;L175.00
BSU01;ELECTRONICA;EQUIPO COMPUTO;ACCESORIOS TECNOLOGICOS;ELE000441;REPRODUCTOR USB/SD/FM                   ;ALMACEN EL PAJARO AZUL S.A DE C.V;5;L2,803.12
BSU01;ELECTRONICA;EQUIPO COMPUTO;ACCESORIOS TECNOLOGICOS;ELE000580;PASTA TERMICA GRIS EN JERINGA ;FELIPE ANTONIO GONZALEZ MADRID;4;L1,260.00
BSU01;ELECTRONICA;EQUIPO COMPUTO;ACCESORIOS TECNOLOGICOS;ELE000725;CABLE UTP INTERIOR CAT6 ;GYS DISTRIBUIDORA S.A. DE .C.V.;6;L6,792.93
BSU01;ELECTRONICA;EQUIPO COMPUTO;ACCESORIOS TECNOLOGICOS;ELE000726;CABLE UTP INTERIOR CAT5 AZUL PANDUIT;FELIPE ANTONIO GONZALEZ MADRID;5;L11,500.00
BSU01;ELECTRONICA;EQUIPO COMPUTO;ACCESORIOS TECNOLOGICOS;ELE000769;TELEVISOR LED SAMSUNG 55 UHD 4K SMAT/BLUETOO/HDMI/;DISTRIBUCIONES UNIVERSALES S.A. DE C.V.;2;L21,380.00
BSU01;ELECTRONICA;EQUIPO COMPUTO;ACCESORIOS TECNOLOGICOS;ELE000798;CARGADOR LENOVO 135W PUNTA CUADRADA;ASESORIA Y DESARROLLO DE SISTEMAS, S.A. DE C.V.;1;L1,850.00
BSU01;ELECTRONICA;EQUIPO COMPUTO;ACCESORIOS TECNOLOGICOS;ELE000804;AMP. P/ PERIFONEO C/ REP BT/USB/SD/MP3 12VD;VICTOR MANUEL ZELAYA VEGA;1;L1,100.00
BSU01;ELECTRONICA;EQUIPO COMPUTO;ACCESORIOS TECNOLOGICOS;ELE000818;INYECTOR POE 15W PARA U6;FELIPE ANTONIO GONZALEZ MADRID;1;L422.50
BSU01;ELECTRONICA;EQUIPO COMPUTO;ACCESORIOS TECNOLOGICOS;ELE000881;SOPORTE P/TV CHINO/MONITOR;SIN ESPESIFICAR;2;L601.99
BSU01;ELECTRONICA;EQUIPO COMPUTO;ACCESORIOS TECNOLOGICOS;ELE000960;MEDIA CONVERTER DE 100/1000BASE-T A SFP;FELIPE ANTONIO GONZALEZ MADRID;1;L1,100.00
BSU01;ELECTRONICA;EQUIPO COMPUTO;ACCESORIOS TECNOLOGICOS;ELE000998;AUDIO BL20A 200W BLUETOOTH 5.0 AMPLIFICADOR AMZ;AMAZON (USA);2;L3,088.80
BSU01;ELECTRONICA;EQUIPO COMPUTO;ACCESORIOS TECNOLOGICOS;ELE001029;CONECTOR POWER PLUS MACHO CHINA 2024;SIN ESPESIFICAR;103;L125.86
BSU01;ELECTRONICA;EQUIPO COMPUTO;ACCESORIOS TECNOLOGICOS;ELE001030;CONECTOR POWER PLUS HEMBRA CHINA 2024;SIN ESPESIFICAR;29;L33.33
BSU01;ELECTRONICA;EQUIPO COMPUTO;ACCESORIOS TECNOLOGICOS;ELE001048;CABEZAL HP 713 P/PLOTTER;ASESORIA Y DESARROLLO DE SISTEMAS, S.A. DE C.V.;2;L18,000.00
BSU01;ELECTRONICA;EQUIPO COMPUTO;ACCESORIOS TECNOLOGICOS;ELE001078;CABLE DISPLAY PORT A HDMI;FELIPE ANTONIO GONZALEZ MADRID;2;L526.73
BSU01;ELECTRONICA;EQUIPO COMPUTO;ACCESORIOS TECNOLOGICOS;ELE001126;SOPORTE TECHO TV LCD/LED ;FELIPE ANTONIO GONZALEZ MADRID;2;L2,580.00
BSU01;ELECTRONICA;EQUIPO COMPUTO;ACCESORIOS TECNOLOGICOS;ELE001137;BATERIA 100AH 12V GEL;FELIPE ANTONIO GONZALEZ MADRID;12;L34,652.93
BSU01;ELECTRONICA;EQUIPO COMPUTO;ACCESORIOS TECNOLOGICOS;ELE001139;VELCRO DE 3/4 X 10MTS. NEGRO;FELIPE ANTONIO GONZALEZ MADRID;9;L1,755.00
BSU01;ELECTRONICA;EQUIPO COMPUTO;ACCESORIOS TECNOLOGICOS;ELE001150;BATERIA KINGTIANLI CR2032 CHINA 2024;SIN ESPESIFICAR;2,422.00;L4,315.52
BSU01;ELECTRONICA;EQUIPO COMPUTO;ACCESORIOS TECNOLOGICOS;ELE001151;ALKALINE BATTERY TIANQIU CHINA 2024;SIN ESPESIFICAR;4,305.00;L2,875.27
BSU01;ELECTRONICA;EQUIPO COMPUTO;ACCESORIOS TECNOLOGICOS;ELE002040;DETECTOR DE GAS ROCKWELL;DISTRIBUIDORA INDUSTRIAL S.A. DE C.V.;14;L3,545.92
BSU01;ELECTRONICA;EQUIPO COMPUTO;ACCESORIOS TECNOLOGICOS;ELE002041;MOUSE PAD;FELIPE ANTONIO GONZALEZ MADRID;18;L1,722.83
BSU01;ELECTRONICA;EQUIPO COMPUTO;ACCESORIOS TECNOLOGICOS;ELE002072;PASTA TERMICA SABO 30G;FELIPE ANTONIO GONZALEZ MADRID;3;L675.00
BSU01;ELECTRONICA;EQUIPO COMPUTO;ACCESORIOS TECNOLOGICOS;ELE002081;"COMPUERTA PARA REGISTRO PLASTICA 12""X12"" ACCESO TE";PAPER DEPOT S.A DE C.V;11;L2,794.00
BSU01;ELECTRONICA;EQUIPO COMPUTO;ACCESORIOS TECNOLOGICOS;ELE002104;"COMPUERTA P/REGISTRO 14""X14"" ACCESO TECHO/PARED";PAPER DEPOT S.A DE C.V;7;L2,407.52
BSU01;ELECTRONICA;EQUIPO COMPUTO;ACCESORIOS TECNOLOGICOS;ELE002165;CARGADOR CON BATERIA AAA 400 MAH Y CARGA AA;ALMACEN EL PAJARO AZUL S.A DE C.V;1;L271.04
BSU01;ELECTRONICA;EQUIPO COMPUTO;ACCESORIOS TECNOLOGICOS;ELE002189;CARGADOR CON BATERIA AA 3000MAH Y CARGA AAA;ALMACEN EL PAJARO AZUL S.A DE C.V;2;L859.50
BSU01;ELECTRONICA;EQUIPO COMPUTO;ACCESORIOS TECNOLOGICOS;ELE002194;CABLE HDMI+ DISPLAY PORT A HDMI;IBC LAPTOP REPAIR, INC;3;L78.40
BSU01;ELECTRONICA;EQUIPO COMPUTO;ACCESORIOS TECNOLOGICOS;ELE002198;CARGADOR DE PARED WEKOME 2 USB-C + USB 65W;SYCOM S.A. DE C.V.;1;L604.35
BSU01;ELECTRONICA;EQUIPO COMPUTO;ACCESORIOS TECNOLOGICOS;ELE002277;CARGADOR ORIGINAL LENOVO TIPO C 65W OEM;OFFICE COMPUTERS S. DE R.L.;1;L773.81
BSU01;ELECTRONICA;EQUIPO COMPUTO;ACCESORIOS TECNOLOGICOS;ELE002319;TIMBRE DIGITAL INALAMBRICO 38 TONOS C/2 CAMPANAS;DISTRIBUIDORA TECNOLOGICA DE HONDURAS S.A;1;L433.91
BSU01;ELECTRONICA;EQUIPO COMPUTO;ACCESORIOS TECNOLOGICOS;ELE002321;FUENTE DE ENERGIA 5V 2A 5.5X2.5MM;CIRCUITOS Y DESARROLLOS EN TECNOLOGIA S DE RL;2;L330.43
BSU01;ELECTRONICA;EQUIPO COMPUTO;ACCESORIOS TECNOLOGICOS;ELE002322;FUENTE DE ENERGIA 12V 3A;CIRCUITOS Y DESARROLLOS EN TECNOLOGIA S DE RL;3;L730.44
BSU01;ELECTRONICA;EQUIPO COMPUTO;ACCESORIOS TECNOLOGICOS;ELE002328;ADAPTADOR DE CORRIENTE 12V 1A AC 110-240V;ALMACEN EL PAJARO AZUL S.A DE C.V;5;L712.50
BSU01;ELECTRONICA;EQUIPO COMPUTO;ACCESORIOS TECNOLOGICOS;ELE002352;PAQUETE D/2 PROTECTORES D/PANTALLA P/SAMSUNG ;SIN ESPESIFICAR;1;L287.77
BSU01;ELECTRONICA;EQUIPO COMPUTO;ACCESORIOS TECNOLOGICOS;ELE002355;SOPORTE PARA TV FIJO TEKNO FIJO 32-55;DISTRIBUCIONES UNIVERSALES S.A. DE C.V.;1;L155.32
BSU01;ELECTRONICA;EQUIPO COMPUTO;ACCESORIOS TECNOLOGICOS;ELE002364;TENAZA CRIMPADORA TRENDNET CAT5/6 RJ11/RJ12,RJ45 ;TELAP S.A;1;L737.60
BSU01;ELECTRONICA;EQUIPO COMPUTO;ACCESORIOS TECNOLOGICOS;ELE002383;PLAYSTATION 5 DIGITAL 825GB;AMAZON (USA);2;L20,244.61
BSU01;ELECTRONICA;EQUIPO COMPUTO;ACCESORIOS TECNOLOGICOS;ELE002384;PLAYSTATION 5 DIGITAL EDITION - ASTRO BOT BUNDLE;SIN ESPESIFICAR;1;L13,325.23
BSU01;ELECTRONICA;EQUIPO COMPUTO;ACCESORIOS TECNOLOGICOS;ELE00983;BORNER MINI PARA BATERIA (PAR);SEGURIDAD Y ELECTRONICA MAFO S.A. DE C.V.;2;L295.66
BSU01;ELECTRONICA;EQUIPO COMPUTO;ACCESORIOS TECNOLOGICOS;SEL001950;CONTROL PARA TV-RCA;ALMACEN EL JORDAN S DE R.L;1;L86.09
BSU01;ELECTRONICA;EQUIPO COMPUTO;ACCESORIOS TECNOLOGICOS;USA000102;USADO SOPORTE PARA TV ;SIN ESPESIFICAR;2;L400.00
BSU01;ELECTRONICA;EQUIPO COMPUTO;ACCESORIOS TECNOLOGICOS;ELE000731;PLATTEN ROLLER ASSEMBLY;SIN ESPESIFICAR;1;L0.00
BSU01;ELECTRONICA;EQUIPO COMPUTO;ACCESORIOS TECNOLOGICOS;ELE002067;"SOPORTE P/PARED D/TV 40""-80"" CHINA 2025";SIN ESPESIFICAR;2;L777.30
BSU01;ELECTRONICA;EQUIPO COMPUTO;ACCESORIOS TECNOLOGICOS;ELE000376;PUNTERO LASER INA/TARGUS AMP16US;OFFICE COMPUTERS S. DE R.L.;1;L612.50
BSU01;ELECTRONICA;EQUIPO COMPUTO;ACCESORIOS TECNOLOGICOS;ELE001115;SOPORTE P/TV 32-70;TORNILLOS Y SERVICIOS MULTIPLES LACAST S.A DE C.V;2;L2,086.95
BSU01;ELECTRONICA;EQUIPO COMPUTO;ACCESORIOS TECNOLOGICOS;ELE002409;TORNILLO RACKEABLE ;SYCOM S.A. DE C.V.;168;L730.42
BSU01;ELECTRONICA;EQUIPO COMPUTO;ACCESORIOS TECNOLOGICOS;ELE002419;MICROFONO INALAMBRICO HOLLYLAND LARK M2 AMZ;AMAZON (USA);1;L2,653.43
BSU01;ELECTRONICA;EQUIPO COMPUTO;ACCESORIOS TECNOLOGICOS;ELE002420;TRIPODE 61 PLG P/VLOGGING AMZ;AMAZON (USA);1;L1,017.15
BSU01;ELECTRONICA;EQUIPO COMPUTO;ACCESORIOS TECNOLOGICOS;ELE002417;PAIR OF SFP MODULES, S-35LC20D+S+53LC20D;QUALITY INDUSTRIAL CONSTRUCCION S DE RL;1;L2,117.20
BSU01;ELECTRONICA;EQUIPO COMPUTO;ACCESORIOS TECNOLOGICOS;ELE000691;SOPORTE P/TV ARTICULADO 37-90 KLIPX ;A&L HONDURAS S DE R.L. DE C.V.;2;L2,600.00
BSU01;ELECTRONICA;EQUIPO COMPUTO;ADAPTADORES;ELE000924;ADAPTADOR DE ENCHUFE DE VIAJE-AMZ;AMAZON (USA);7;L1,481.63
BSU01;ELECTRONICA;EQUIPO COMPUTO;ADAPTADORES;ELE000928;ADAPTADOR DE VOLTAJE PARA CAMARAS MACHO-HEMBRA;FELIPE ANTONIO GONZALEZ MADRID;6;L120.00
BSU01;ELECTRONICA;EQUIPO COMPUTO;ADAPTADORES;ELE000957;ADAPTADOR HDMI MACHO A VGA HEMBRA XTECH ;ACCESORIOS PARA COMPUTADORAS Y OFICINAS S.A DE C.V;2;L187.66
BSU01;ELECTRONICA;EQUIPO COMPUTO;ADAPTADORES;ELE000987;ADAPTADOR 2 ENTRADAS CHINO 2023;SIN ESPESIFICAR;9;L1,285.38
BSU01;ELECTRONICA;EQUIPO COMPUTO;ADAPTADORES;ELE001114;ADAPTADOR DISPLAY PORT A VGA HEMBRA;FELIPE ANTONIO GONZALEZ MADRID;1;L135.00
BSU01;ELECTRONICA;EQUIPO COMPUTO;ADAPTADORES;ELE002158;ADAPTADOR DISPLAY PORT A HDMI;OFFICE COMPUTERS S. DE R.L.;11;L928.62
BSU01;ELECTRONICA;EQUIPO COMPUTO;ADAPTADORES;ELE002159;ADAPTADOR USB-C A HDMI HEMBRA IMEXX;ACCESORIOS PARA COMPUTADORAS Y OFICINAS S.A DE C.V;5;L1,089.15
BSU01;ELECTRONICA;EQUIPO COMPUTO;ADAPTADORES;ELE002249;EXTENDER HDMI 30 METROS POR CABLE UTP 1RJ45 CAT6;SYCOM S.A. DE C.V.;1;L190.00
BSU01;ELECTRONICA;EQUIPO COMPUTO;ADAPTADORES;ELE002254;ADAPTADOR DE PANTALLA USB 3.0 A VIDEO VGA;TECNO GARANTIA EXPRES;1;L260.87
BSU01;ELECTRONICA;EQUIPO COMPUTO;ADAPTADORES;ELE002269;EXTENSION USB 2.0 MACHO-HEMBRA 3M MINDPURE ;SYCOM S.A. DE C.V.;1;L108.70
BSU01;ELECTRONICA;EQUIPO COMPUTO;ADAPTADORES;ELE002365;L009UiGS IN DESKTOP/1U RACKMOUNT ROUTER OS;QUALITY INDUSTRIAL CONSTRUCCION S DE RL;3;L9,512.08
BSU01;ELECTRONICA;EQUIPO COMPUTO;ADAPTADORES;ELE00901;ADAPTADOR HDMI A VGA ;TECHNO OFFICE SUPPLIES S, DE R.L.;6;L543.90
BSU01;ELECTRONICA;EQUIPO COMPUTO;ADAPTADORES;SEL001683;ADAPTADOR 110V 6A-250V CHINA 2024;SIN ESPESIFICAR;972;L1,208.63
BSU01;ELECTRONICA;EQUIPO COMPUTO;ADAPTADORES;SEL001684;ADAPTADOR 110V 10A-250V CHINA 2024;SIN ESPESIFICAR;859;L2,136.02
BSU01;ELECTRONICA;EQUIPO COMPUTO;ADAPTADORES;ELE002320;CABLE ARGOM USB 3.0 MACHO A HEMBRA 6FT/1.8;OFFICE COMPUTERS S. DE R.L.;5;L475.00
BSU01;ELECTRONICA;EQUIPO COMPUTO;ADAPTADORES;ELE002435;ADAPTADOR ARGOM USB TIPO C A RJ45;OFFICE COMPUTERS S. DE R.L.;2;L655.58
BSU01;ELECTRONICA;EQUIPO COMPUTO;BIOMETRICO;ELE002313;BIOMETRICO ZKTECO MB360 PLUS WIFI ADMS ;OFFICE COMPUTERS S. DE R.L.;5;L20,028.00
BSU01;ELECTRONICA;EQUIPO COMPUTO;BIOMETRICO;ELE002441;KIT CONTROL DE ACCESO ZKTEKO;FELIPE ANTONIO GONZALEZ MADRID;1;L3,795.00
BSU01;ELECTRONICA;EQUIPO COMPUTO;CABLE/MECHAS;ELE000009;CABLE UTP CAT6 AZUL BELDEN ROLLO USAR;FELIPE ANTONIO GONZALEZ MADRID;2,000.00;L7,800.00
BSU01;ELECTRONICA;EQUIPO COMPUTO;CABLE/MECHAS;ELE000018;CABLE DE VIDEO DISPLAYPORT HDMI M-M 1M;OFFICE COMPUTERS S. DE R.L.;4;L1,548.00
BSU01;ELECTRONICA;EQUIPO COMPUTO;CABLE/MECHAS;ELE000022;CABLE DE AUDIO MACHO A MACHO;SIN ESPESIFICAR;6;L1,418.40
BSU01;ELECTRONICA;EQUIPO COMPUTO;CABLE/MECHAS;ELE000023;CABLE CADDY + SATA DELL OPTIPLEX;SIN ESPESIFICAR;9;L1,350.00
BSU01;ELECTRONICA;EQUIPO COMPUTO;CABLE/MECHAS;ELE000025;CABLE PARA DISCO SATA(MEGABYTE);SIN ESPESIFICAR;20;L330.00
BSU01;ELECTRONICA;EQUIPO COMPUTO;CABLE/MECHAS;ELE000026;CABLE DE PODER SATA (MEGABYTE);SIN ESPESIFICAR;25;L475.25
BSU01;ELECTRONICA;EQUIPO COMPUTO;CABLE/MECHAS;ELE000027;CABLE DE CANON MACHO A 3.5 STEREO DE 6FT;ALMACEN EL PAJARO AZUL S.A DE C.V;6;L1,366.66
BSU01;ELECTRONICA;EQUIPO COMPUTO;CABLE/MECHAS;ELE000968;CONECTOR RCA MACHO METAL DORADO;ALMACEN EL PAJARO AZUL S.A DE C.V;10;L150.00
BSU01;ELECTRONICA;EQUIPO COMPUTO;CABLE/MECHAS;ELE000981;CABLE 3.5 STEREO MACHO A 2 RCA MACHO 6F CELULAR ;ALMACEN EL PAJARO AZUL S.A DE C.V;1;L171.46
BSU01;ELECTRONICA;EQUIPO COMPUTO;CABLE/MECHAS;ELE001008;CABLE PARA MICROFONO CANON A CANON 50FT;ALMACEN EL PAJARO AZUL S.A DE C.V;2;L1,350.00
BSU01;ELECTRONICA;EQUIPO COMPUTO;CABLE/MECHAS;ELE001069;CABLE DE 3.5 MACHO STEREO A 1/4 MACHO MONO 10FT;ALMACEN EL PAJARO AZUL S.A DE C.V;9;L1,485.00
BSU01;ELECTRONICA;EQUIPO COMPUTO;CABLE/MECHAS;ELE001095;HDMI VIDEO WALL CONTROLER 2X2 SPLITTER ;LEONEL EDUARDO RODRIGUEZ MELGAR ;1;L5,134.54
BSU01;ELECTRONICA;EQUIPO COMPUTO;CABLE/MECHAS;ELE002031;CABLE DE PODER/ DELL SFF PC i5 8TH;IBC LAPTOP REPAIR, INC;10;L299.47
BSU01;ELECTRONICA;EQUIPO COMPUTO;CABLE/MECHAS;ELE002103;CABLE 2 RCA A 2 RCA DE 6FT DORADO Y BLINDADO;ALMACEN EL PAJARO AZUL S.A DE C.V;6;L480.00
BSU01;ELECTRONICA;EQUIPO COMPUTO;CABLE/MECHAS;ELE002295;CABLE HDMI A VGA ;TECHNO OFFICE SUPPLIES S, DE R.L.;13;L3,250.00
BSU01;ELECTRONICA;EQUIPO COMPUTO;CABLE/MECHAS;ELE002308;CABLE DISPLAYPORT A VGA MACHO   ;OFFICE COMPUTERS S. DE R.L.;7;L1,265.84
BSU01;ELECTRONICA;EQUIPO COMPUTO;CABLE/MECHAS;SEL001733;PV CABLE, PV1-F 1X4.0 BLACK CABLE P/ PANEL SOLAR ;SIN ESPESIFICAR;6,000.00;L75,370.50
BSU01;ELECTRONICA;EQUIPO COMPUTO;CABLE/MECHAS;SEL001734;PV CABLE, PV1-F 1X4.0 RED CABLE P/PANEL SOLAR;SIN ESPESIFICAR;6,000.00;L75,370.50
BSU01;ELECTRONICA;EQUIPO COMPUTO;CABLE/MECHAS;ELE000008;CABLE UTP CAT5 VORTTEK;SYCOM S.A. DE C.V.;1;L1,200.00
BSU01;ELECTRONICA;EQUIPO COMPUTO;CAMARAS;ELE000250;CAMARA TURBO TIPO BALA HD 1080P 2MP;FELIPE ANTONIO GONZALEZ MADRID;5;L2,339.92
BSU01;ELECTRONICA;EQUIPO COMPUTO;CAMARAS;ELE000564;HIKVISION CAMARA BULLET METAL 1080 HD 16 C.;SIN ESPESIFICAR;1;L1,749.27
BSU01;ELECTRONICA;EQUIPO COMPUTO;CAMARAS;ELE001039;CAMARA DE VIGILANCIA 4K 360 CHINA 2024;SIN ESPESIFICAR;8;L5,428.43
BSU01;ELECTRONICA;EQUIPO COMPUTO;CAMARAS;ELE001040;CAMARA D/ VIGILANCIA 4K DOMO CHINA 2024;SIN ESPESIFICAR;49;L40,068.95
BSU01;ELECTRONICA;EQUIPO COMPUTO;CAMARAS;ELE001146;CAMARA D/SEGURIDAD TIPO DOMO/PEQUEÑA CHINA 2024;SIN ESPESIFICAR;1;L1,905.29
BSU01;ELECTRONICA;EQUIPO COMPUTO;CAMARAS;ELE002255;MINI CAMARA TIPO BALA FIJA DE 2 MP, RESOLUCION;DANILOS STORE SA;4;L1,900.00
BSU01;ELECTRONICA;EQUIPO COMPUTO;CANALETA/IT;ELE000189;CANALETA 100X45 S/DIV-S/ADHES DEXON;DISTRIBUIDORA INDUSTRIAL S.A. DE C.V.;5;L1,535.08
BSU01;ELECTRONICA;EQUIPO COMPUTO;CANALETA/IT;ELE000190;CANALETA 50X25 CON ADHESIVO 2 MT BLANCA;SIN ESPESIFICAR;6;L660.00
BSU01;ELECTRONICA;EQUIPO COMPUTO;COMPUTADORA;ELE001076;LBE-5AC-GEN2 RADIO LITEBEAM CON ANTENA UBIQUITI;FELIPE ANTONIO GONZALEZ MADRID;5;L10,375.00
BSU01;ELECTRONICA;EQUIPO COMPUTO;COMPUTADORA;ELE001119;PROTECTOR ELECT 6 ENCH AGUILA ;AGENCIA LA MUNDIAL S.A DE C.V;2;L179.26
BSU01;ELECTRONICA;EQUIPO COMPUTO;COMPUTADORA;ELE002070;PROTECTOR DSP-1 C/PANTALLA;ELECTRO CONTROLES S. DE R.L DE C.V;1;L3,250.00
BSU01;ELECTRONICA;EQUIPO COMPUTO;COMPUTADORA;ELE002110;PROTECTOR DE VOLTAJE INVERSOR ;FELIPE ANTONIO GONZALEZ MADRID;3;L3,510.00
BSU01;ELECTRONICA;EQUIPO COMPUTO;COMPUTADORA;ELE002351;SAMSUNG TABLET ANDROID GALAXY TAB S10 FE;AMAZON (USA);1;L11,978.96
BSU01;ELECTRONICA;EQUIPO COMPUTO;COMPUTADORA;ELE002387;CPU DELL OPTIPLEX 3000 INTER CORE 5, 12 GENERACION;LAPTOPS STORE DE HONDURAS, S. DE R.L. DE C.V.;10;L70,000.00
BSU01;ELECTRONICA;EQUIPO COMPUTO;COMPUTADORA;ELE002436;DELL OPTIPLEX 3080 INTEL I5 10GEN 16GB RAM 256GB;LAPTOPS STORE DE HONDURAS, S. DE R.L. DE C.V.;6;L36,000.00
BSU01;ELECTRONICA;EQUIPO COMPUTO;CONECTORES;ELE001131;TERMINAL CAT 5 CHINA;SIN ESPESIFICAR;1,269.00;L674.99
BSU01;ELECTRONICA;EQUIPO COMPUTO;CONECTORES;ELE001132;TERMINAL CAT 6 CHINA;SIN ESPESIFICAR;113;L84.33
BSU01;ELECTRONICA;EQUIPO COMPUTO;CONECTORES;ELE001165;CONECTOR RJ45 CAT6 CHINO;SIN ESPESIFICAR;900;L1,707.22
BSU01;ELECTRONICA;EQUIPO COMPUTO;CONECTORES;ELE001166;CONECTOR RJ45 CAT5 CHINO;SIN ESPESIFICAR;1,000.00;L1,241.77
BSU01;ELECTRONICA;EQUIPO COMPUTO;CONECTORES;ELE002204;BOTA/MANGUITO AISLANTE CONECTOR MODULAR RJ45 AZUL;FELIPE ANTONIO GONZALEZ MADRID;30;L51.76
BSU01;ELECTRONICA;EQUIPO COMPUTO;CONECTORES;ELE002290;BOTA/MANGUITO AISLANTE PARA CONECTOR RJ45 GRIS;DANILOS STORE SA;74;L204.37
BSU01;ELECTRONICA;EQUIPO COMPUTO;CONECTORES;SEL001455;PRENSA STOP 3/4 REFRIGERACION ;CIA MERCANTIL LA CASA BLANCA SRL CV;178;L2,314.00
BSU01;ELECTRONICA;EQUIPO COMPUTO;CONECTORES;SEL001499;PRENSA STOP PG 1/2;DISTRIBUIDORA INDUSTRIAL S.A. DE C.V.;31;L389.05
BSU01;ELECTRONICA;EQUIPO COMPUTO;CONECTORES;SEL001500;CONECTOR YC 25-25 1/0;CIA MERCANTIL LA CASA BLANCA SRL CV;18;L294.05
BSU01;ELECTRONICA;EQUIPO COMPUTO;CONECTORES;SEL001720;PRENSA STOP PG 1;CIA MERCANTIL LA CASA BLANCA SRL CV;1;L33.00
BSU01;ELECTRONICA;EQUIPO COMPUTO;CONECTORES;SEL001796;MINI STRAIGHT CONNECTOR BLANCO;ELECTRO REPUESTOS S. DE R.L.;1;L73.68
BSU01;ELECTRONICA;EQUIPO COMPUTO;CONVERTIDORES;ELE001171;CONVERTIDOR 110V-220V 1000W CHINO;SIN ESPESIFICAR;1;L465.60
BSU01;ELECTRONICA;EQUIPO COMPUTO;DISCO DURO;ELE000436;DISCO DURO CRUCIAL BX500 1TB 2.5;OFFICE COMPUTERS S. DE R.L.;1;L2,792.21
BSU01;ELECTRONICA;EQUIPO COMPUTO;DISCO DURO;ELE000470;DISCO DURO 4TB ;FELIPE ANTONIO GONZALEZ MADRID;1;L2,987.50
BSU01;ELECTRONICA;EQUIPO COMPUTO;DISCO DURO;ELE000650;"UNIDAD DE ESTADO SOLIDO A400 480GB 2.5"" SATA3 KING";FELIPE ANTONIO GONZALEZ MADRID;5;L4,920.23
BSU01;ELECTRONICA;EQUIPO COMPUTO;DISCO DURO;ELE001057;UNIDAD DE ESTADO SOLIDO A400 240GB 2.5 ;FELIPE ANTONIO GONZALEZ MADRID;4;L3,120.00
BSU01;ELECTRONICA;EQUIPO COMPUTO;DISCO DURO;ELE001058;UNIDAD DE ESTADO SOLIDO A400 480GB 2.5 ;FELIPE ANTONIO GONZALEZ MADRID;10;L11,000.00
BSU01;ELECTRONICA;EQUIPO COMPUTO;DISCO DURO;ELE001176;DISCO DURO E/SOLIDO 128GB CHINO;SIN ESPESIFICAR;15;L6,673.87
BSU01;ELECTRONICA;EQUIPO COMPUTO;DISCO DURO;ELE002059;DISCO DURO 6TB ;FELIPE ANTONIO GONZALEZ MADRID;1;L6,317.86
BSU01;ELECTRONICA;EQUIPO COMPUTO;DVR;ELE000219;DVR 16 CANALES ACUSENSE DS-7116HGHI-M1(F);TECHNO OFFICE SUPPLIES S, DE R.L.;1;L2,054.61
BSU01;ELECTRONICA;EQUIPO COMPUTO;FUENTES DE PODER;ELE000150;FUENTE DE PODER 43382 150W100/220VS/24VDC PEDESTAL;ELECTRO CONTROLES S. DE R.L DE C.V;5;L4,250.00
BSU01;ELECTRONICA;EQUIPO COMPUTO;FUENTES DE PODER;ELE000559;FUENTE INDUSTRIAL 12V-24V 30A-360W;SIN ESPESIFICAR;1;L1,100.00
BSU01;ELECTRONICA;EQUIPO COMPUTO;FUENTES DE PODER;ELE000584;FUENTE DE PODER 18 CANALES P/CAMARAS 12V 20A;FELIPE ANTONIO GONZALEZ MADRID;1;L1,721.63
BSU01;ELECTRONICA;EQUIPO COMPUTO;FUENTES DE PODER;ELE001084;FUENTE D/PODER INDUSTRIAL 24V 3AMP;VICTOR MANUEL ZELAYA VEGA;1;L550.00
BSU01;ELECTRONICA;EQUIPO COMPUTO;FUENTES DE PODER;SEL001551;PROTECTOR D/PICOS CPD 2SALIDA;ACCESORIOS PARA COMPUTADORAS Y OFICINAS S.A DE C.V;17;L3,264.00
BSU01;ELECTRONICA;EQUIPO COMPUTO;IMPRESORA;ELE000752;CARNET PVC BLANCO P/IMPRESORA PQ100;TUBELITE CENTROAMERICA S.A.;400;L1,316.00
BSU01;ELECTRONICA;EQUIPO COMPUTO;IMPRESORA;ELE000876;IMPRESORA MULTIFUNCIONAL EPSON L3250 WIFI;OFFICE COMPUTERS S. DE R.L.;4;L22,284.21
BSU01;ELECTRONICA;EQUIPO COMPUTO;IMPRESORA;ELE000901;CARTUCHO DE TINTA SOLVENTE AMZ C.S;AMAZON (USA);1;L3,704.66
BSU01;ELECTRONICA;EQUIPO COMPUTO;IMPRESORA;ELE000944;IMPRESORA D/FACTURAS CHINO2023 (80250;SIN ESPESIFICAR;10;L7,918.95
BSU01;ELECTRONICA;EQUIPO COMPUTO;IMPRESORA;ELE001019;IMPRESORA TTP-244CE CHINA 2024;SIN ESPESIFICAR;3;L9,665.53
BSU01;ELECTRONICA;EQUIPO COMPUTO;IMPRESORA;ELE001067;IMPRESORA EPSON TERMICA DE PUNTOTMT88VII TIENDAS;FELIPE ANTONIO GONZALEZ MADRID;5;L31,750.00
BSU01;ELECTRONICA;EQUIPO COMPUTO;IMPRESORA;ELE001168;IMPRESORA TERMCIA XP-N260H CHINA;SIN ESPESIFICAR;2;L2,207.37
BSU01;ELECTRONICA;EQUIPO COMPUTO;IMPRESORA;ELE001170;IMPRESORA MS-B80B CHINA;SIN ESPESIFICAR;4;L4,138.80
BSU01;ELECTRONICA;EQUIPO COMPUTO;IMPRESORA;ELE002187;IMPRESORA EPSON TERMICA TM T88V M244A REFULBISH ;DIGITAL PLANET S DE R.L. DE C.V.;4;L16,844.80
BSU01;ELECTRONICA;EQUIPO COMPUTO;IMPRESORA;ELE002279;IMPRESORA TERMICA TM-T88V M 44A REACONDICIONADA;DIGITAL PLANET S DE R.L. DE C.V.;1;L3,500.00
BSU01;ELECTRONICA;EQUIPO COMPUTO;IMPRESORA;ELE000724;IMPRESORA MULTIFUNCIONAL EPSON 3250 ;A&L HONDURAS S DE R.L. DE C.V.;1;L5,500.00
BSU01;ELECTRONICA;EQUIPO COMPUTO;INVERSOR;SEL001729;INVERSOR D/LUZ 220AC G-5000D 53UND P/PANEL SOLAR;SIN ESPESIFICAR;1;L9,722.79
BSU01;ELECTRONICA;EQUIPO COMPUTO;INVERSOR;ELE000253;INVERSOR MARCA TRACE MODELO US2524 2500W GG;FELIPE ANTONIO GONZALEZ MADRID;1;L27,470.00
BSU01;ELECTRONICA;EQUIPO COMPUTO;JACK;ELE000202;JACK RJ45 CAT6 USAR;FELIPE ANTONIO GONZALEZ MADRID;10;L550.00
BSU01;ELECTRONICA;EQUIPO COMPUTO;JACK;ELE001083;JACK RJ45 CAT5 USAR;FELIPE ANTONIO GONZALEZ MADRID;10;L400.00
BSU01;ELECTRONICA;EQUIPO COMPUTO;JACK;ELE001163;JACK RJ45 CAT5 CHINO MS-7;SIN ESPESIFICAR;250;L1,508.93
BSU01;ELECTRONICA;EQUIPO COMPUTO;JACK;ELE001164;JACK RJ45 CAT6 CHINO MS-8;SIN ESPESIFICAR;11;L66.39
BSU01;ELECTRONICA;EQUIPO COMPUTO;LIMPIADORES;ELE000178;LIMPIADOR SABO CONTAC CLEANERQ;ACCESORIOS PARA COMPUTADORAS Y OFICINAS S.A DE C.V;41;L7,425.30
BSU01;ELECTRONICA;EQUIPO COMPUTO;LIMPIADORES;ELE000179;ESPUMA LIMPIADORA SABO 480ML;FELIPE ANTONIO GONZALEZ MADRID;8;L1,200.00
BSU01;ELECTRONICA;EQUIPO COMPUTO;MEMORIA;ELE000330;MEMORIA DDR2 KG 2 GB 800MHZ DIMM2;SIN ESPESIFICAR;2;L1,378.20
BSU01;ELECTRONICA;EQUIPO COMPUTO;MEMORIA;ELE000598;MEMORIA USB 3.2 64GB KINGSTON;FELIPE ANTONIO GONZALEZ MADRID;14;L1,876.65
BSU01;ELECTRONICA;EQUIPO COMPUTO;MEMORIA;ELE002297;MEMORIA NOTEBOOK ADATA 8GB DDR3L 1600 MHZ;OFFICE COMPUTERS S. DE R.L.;9;L6,237.00
BSU01;ELECTRONICA;EQUIPO COMPUTO;MEMORIA;ELE002298;MEMORIA ADATA 8GB DDR3L 1600 MHZ PARA PC;OFFICE COMPUTERS S. DE R.L.;10;L6,930.00
BSU01;ELECTRONICA;EQUIPO COMPUTO;MEMORIA;ELE002299;MEMORIA ADATA 8GB DDR4 3200 MHZ PARA PC;OFFICE COMPUTERS S. DE R.L.;4;L2,808.00
BSU01;ELECTRONICA;EQUIPO COMPUTO;MOUSE;ELE002303;MOUSE  TARGUS MTG ALAMBRICO+;TECHNO OFFICE SUPPLIES S, DE R.L.;1;L110.00
BSU01;ELECTRONICA;EQUIPO COMPUTO;PANTALLAS LAPTOP;ELE002361;MONITOR AOC 21.5 FHD 1920X1080 HDMI,VGA NEGRO ;FELIPE ANTONIO GONZALEZ MADRID;10;L18,558.02
BSU01;ELECTRONICA;EQUIPO COMPUTO;PATCH CORD;ELE000128;PATCH CORD 1FT CAT6 AZUL QUEST;FELIPE ANTONIO GONZALEZ MADRID;18;L2,340.00
BSU01;ELECTRONICA;EQUIPO COMPUTO;PATCH CORD;ELE001022;PATCH PANEL 16 PUERTOS RJ45 CAT6 1RU;FELIPE ANTONIO GONZALEZ MADRID;1;L890.00
BSU01;ELECTRONICA;EQUIPO COMPUTO;PATCH PANEL;ELE000176;PATCH PANEL CATEGORIA 6 24 PUERTOS;GIGANET S.A DE C.V ;2;L1,879.34
BSU01;ELECTRONICA;EQUIPO COMPUTO;PATCH PANEL;ELE002239;ADAPTADOR INALAMBRICO WIFI TP-LINK USB 3.0 ;ACCESORIOS PARA COMPUTADORAS Y OFICINAS S.A DE C.V;4;L1,604.88
BSU01;ELECTRONICA;EQUIPO COMPUTO;PROYECTORES ;ELE000807;CABLE VIDEO HDMI 30METROS ;SYCOM S.A. DE C.V.;1;L1,982.61
BSU01;ELECTRONICA;EQUIPO COMPUTO;PROYECTORES ;ELE000808;CABLE VIDEO VGA 30 METROS ;SYCOM S.A. DE C.V.;1;L991.31
BSU01;ELECTRONICA;EQUIPO COMPUTO;PROYECTORES ;ELE000809;EPSON ELPAP11 WIRELESS LAN MODULE (WIFI);SYCOM S.A. DE C.V.;2;L8,800.00
BSU01;ELECTRONICA;EQUIPO COMPUTO;ROUTER;ELE000473;ROUTER RANGE EXTENDER TP LINK RE205 AC750;ASESORIA Y DESARROLLO DE SISTEMAS, S.A. DE C.V.;2;L1,600.00
BSU01;ELECTRONICA;EQUIPO COMPUTO;ROUTER;ELE000796;UNIFI ACCESS POINT AC-PRO;FELIPE ANTONIO GONZALEZ MADRID;6;L27,956.38
BSU01;ELECTRONICA;EQUIPO COMPUTO;ROUTER;ELE002181;LTAP MINI LTE WIRELESS ACCESS POINT LTE 2 SIM;QUALITY INDUSTRIAL CONSTRUCCION S DE RL;1;L3,906.91
BSU01;ELECTRONICA;EQUIPO COMPUTO;ROUTER;ELE002266;ROUTER L009UiGS-RM MIKROTIK ;FELIPE ANTONIO GONZALEZ MADRID;2;L7,160.00
BSU01;ELECTRONICA;EQUIPO COMPUTO;ROUTER;ELE002430;ROUTER SWITCH 24 PUERTOS CRS326-24S+2Q+RM MIKROTIK;QUALITY INDUSTRIAL CONSTRUCCION S DE RL;1;L16,081.41
BSU01;ELECTRONICA;EQUIPO COMPUTO;SCANNER;ELE000939;SCANER USB P/SUPERMERCADO CHINO2023 (M6800);SIN ESPESIFICAR;3;L3,925.06
BSU01;ELECTRONICA;EQUIPO COMPUTO;SCANNER;ELE000940;SCANER D/MANO USB P/SUPERMERCADO CHINO2023 (1880);SIN ESPESIFICAR;5;L2,065.80
BSU01;ELECTRONICA;EQUIPO COMPUTO;SCANNER;ELE000941;SCANER USB P/SUPERMERCADO CHINO2023 (3410);SIN ESPESIFICAR;2;L7,574.77
BSU01;ELECTRONICA;EQUIPO COMPUTO;SCANNER;ELE002278;"HANDHELD 3NSTAR ANDROID 14, PANTALLA 6.5"", IP67";SISTEMAS INFORMATICOS ADMINISTRATIVOS S. DE R.L.;4;L42,086.96
BSU01;ELECTRONICA;EQUIPO COMPUTO;SERVICIOS Y MANTENIMIENTOS TECNOLOGICOS;ELE002057;KIT LIMPIADOR DE PANTALLAS;SIN ESPESIFICAR;4;L4.00
BSU01;ELECTRONICA;EQUIPO COMPUTO;SERVIDORES;ELE002205;SERVIDOR DELL POWEREDGE T160 XEON;OFFICE COMPUTERS S. DE R.L.;3;L172,218.14
BSU01;ELECTRONICA;EQUIPO COMPUTO;SONIDOS;ELE000285;PARLANTE DE TECHO 6.5´´ USAR;ALMACEN EL PAJARO AZUL S.A DE C.V;3;L2,380.20
BSU01;ELECTRONICA;EQUIPO COMPUTO;SONIDOS;ELE000805;"PARLANTE AMBIENTAL 6.5"" 70V (1 TWEETER) BLANCO";ALMACEN EL PAJARO AZUL S.A DE C.V;5;L6,167.77
BSU01;ELECTRONICA;EQUIPO COMPUTO;SONIDOS;ELE000946;CONSOLA 10 CANALES  4XRL;ALMACEN EL PAJARO AZUL S.A DE C.V;1;L8,502.18
BSU01;ELECTRONICA;EQUIPO COMPUTO;SONIDOS;ELE001191;PARLANTE AMBIENTAL 6.5 70V P/TECHO;ALMACEN EL PAJARO AZUL S.A DE C.V;13;L10,964.64
BSU01;ELECTRONICA;EQUIPO COMPUTO;SONIDOS;ELE002219;COLUMNA AMPLIFICADA 8 200W BEHRINGER;ALMACEN EL PAJARO AZUL S.A DE C.V;1;L6,365.00
BSU01;ELECTRONICA;EQUIPO COMPUTO;SONIDOS;ELE002238;CONSOLA MIXER 4 CANALES + USB;ALMACEN EL PAJARO AZUL S.A DE C.V;2;L5,605.00
BSU01;ELECTRONICA;EQUIPO COMPUTO;SONIDOS;USA000120;COLUMNA AMPLIFICADA USADA ;SIN ESPESIFICAR;2;L2,000.00
BSU01;ELECTRONICA;EQUIPO COMPUTO;SWICHT;ELE001098;SWITCH CUADRADO NEGRO 4 PINES;VICTOR MANUEL ZELAYA VEGA;11;L550.00
BSU01;ELECTRONICA;EQUIPO COMPUTO;SWICHT;ELE002233;SWITCH 5 PUERTOS 10/100/1000 MBPS TP-LINK;ACCESORIOS PARA COMPUTADORAS Y OFICINAS S.A DE C.V;5;L3,373.53
BSU01;ELECTRONICA;EQUIPO COMPUTO;SWICHT;ELE002306;SWITCH 8 PUERTOS 10/100/1000 MBPS CUDY GS108;DANILOS STORE SA;1;L361.85
BSU01;ELECTRONICA;EQUIPO COMPUTO;SWICHT;SEL001368;SWITCH SENCILLO 15A EAGLE;CIA MERCANTIL LA CASA BLANCA SRL CV;12;L372.00
BSU01;ELECTRONICA;EQUIPO COMPUTO;TECLADO;ELE000551;TECLADO NUMERICO MINI;SYCOM S.A. DE C.V.;2;L605.79
BSU01;ELECTRONICA;EQUIPO COMPUTO;TECLADO;ELE000785;TECLADO USB DELL MULTIMEDIA ;FELIPE ANTONIO GONZALEZ MADRID;1;L289.70
BSU01;ELECTRONICA;EQUIPO COMPUTO;TECLADO;ELE000986;SET TECLADO+MOUSE COLORES CHINO 2023;SIN ESPESIFICAR;1;L101.86
BSU01;ELECTRONICA;EQUIPO COMPUTO;TECLADO;ELE002144;MOUSE DELL;TECHNO OFFICE SUPPLIES S, DE R.L.;1;L243.00
BSU01;ELECTRONICA;EQUIPO COMPUTO;TECLADO;ELE002353;FUNDA D/TECLADO P/SAMSUNG GALAXY TAB S10;SIN ESPESIFICAR;1;L1,441.50
BSU01;ELECTRONICA;EQUIPO COMPUTO;TECLADO;ELE000095;TECLADO USB SENCILLO IMEXX NEGRO;SIN ESPESIFICAR;2;L31.52
BSU01;ELECTRONICA;EQUIPO COMPUTO;TECLADO;ELE002444;TECLADO+MOUSE DELL USB KM300C-US NEGRO ;OFFICE COMPUTERS S. DE R.L.;6;L3,108.00
BSU01;ELECTRONICA;EQUIPO COMPUTO;TELEVISORE/SISTEMAS DE AUDIO;ELE001009;PANTALLA GRANDE CHINA 2024;SIN ESPESIFICAR;2;L21,929.68
BSU01;ELECTRONICA;EQUIPO COMPUTO;TELEVISORE/SISTEMAS DE AUDIO;USA000112;USADO TELEVISOR LED SAMSUNG 32 HD SMART;SIN ESPESIFICAR;1;L3,000.00
BSU01;ELECTRONICA;EQUIPO COMPUTO;TELEVISORE/SISTEMAS DE AUDIO;USA000128;TELEVISORES USADOS MARCAS VARIAS;SIN ESPESIFICAR;4;L4,000.00
BSU01;ELECTRONICA;EQUIPO COMPUTO;TELEVISORE/SISTEMAS DE AUDIO;ELE002119;TV LED SAMSUNG 85 4K/SMART;DISTRIBUCIONES UNIVERSALES S.A. DE C.V.;1;L21,500.00
BSU01;ELECTRONICA;EQUIPO COMPUTO;TELEVISORE/SISTEMAS DE AUDIO;ELE002410;TV LED SAMSUNG 75 4K;DISTRIBUCIONES UNIVERSALES S.A. DE C.V.;1;L15,000.00
BSU01;ELECTRONICA;EQUIPO COMPUTO;TELEVISORE/SISTEMAS DE AUDIO;ELE002121;ANDROID TV BOX 4GB RAM 64GB ROM SMART 8K TV BOX ;LEONEL EDUARDO RODRIGUEZ MELGAR ;3;L3,913.04
BSU01;ELECTRONICA;EQUIPO COMPUTO;TINTAS;AOF000661;TINTA MAGENTA 504;LEVY MENAHEN MARTINEZ BARAHONA;1;L120.00
BSU01;ELECTRONICA;EQUIPO COMPUTO;TINTAS;ELE000142;TINTA EPSON YELLOW;SIN ESPESIFICAR;6;L1,389.93
BSU01;ELECTRONICA;EQUIPO COMPUTO;TINTAS;ELE000143;TINTA EPSON BLACK 664 uso;LEVY MENAHEN MARTINEZ BARAHONA;20;L2,363.65
BSU01;ELECTRONICA;EQUIPO COMPUTO;TINTAS;ELE000144;TINTA EPSON CYAN;SIN ESPESIFICAR;5;L1,156.27
BSU01;ELECTRONICA;EQUIPO COMPUTO;TINTAS;ELE000145;TINTA EPSON MAGENTA.;SIN ESPESIFICAR;5;L1,158.27
BSU01;ELECTRONICA;EQUIPO COMPUTO;TINTAS;ELE000309;TINTA EPSON T544 NEGRO;LEVY MENAHEN MARTINEZ BARAHONA;11;L1,320.00
BSU01;ELECTRONICA;EQUIPO COMPUTO;TINTAS;ELE000319;TINTA EPS T544 CYAN;LEVY MENAHEN MARTINEZ BARAHONA;19;L2,280.00
BSU01;ELECTRONICA;EQUIPO COMPUTO;TINTAS;ELE000320;TINTA EPS T544 MAGENTA;LEVY MENAHEN MARTINEZ BARAHONA;10;L1,200.00
BSU01;ELECTRONICA;EQUIPO COMPUTO;TINTAS;ELE000321;TINTA EPS T544 YELLOW;LEVY MENAHEN MARTINEZ BARAHONA;13;L1,560.00
BSU01;ELECTRONICA;EQUIPO COMPUTO;TINTAS;ELE000335;TINTA HP 662 XL NEGRO;SIN ESPESIFICAR;1;L293.04
BSU01;ELECTRONICA;EQUIPO COMPUTO;TINTAS;ELE000401;TINTA HP 662 XL COLOR                   ;SIN ESPESIFICAR;3;L889.56
BSU01;ELECTRONICA;EQUIPO COMPUTO;TINTAS;ELE000708;CARTUCHO HP MAGENTA;OFFICE COMPUTERS S. DE R.L.;4;L3,366.65
BSU01;ELECTRONICA;EQUIPO COMPUTO;TINTAS;ELE000709;CARTUCHO HP YELLOW;OFFICE COMPUTERS S. DE R.L.;1;L833.71
BSU01;ELECTRONICA;EQUIPO COMPUTO;TINTAS;ELE000710;CARTUCHO HP CYAN;OFFICE COMPUTERS S. DE R.L.;8;L6,769.43
BSU01;ELECTRONICA;EQUIPO COMPUTO;TINTAS;ELE000711;CARTUCHO HP BLACK;TECHNO OFFICE SUPPLIES S, DE R.L.;11;L10,498.62
BSU01;ELECTRONICA;EQUIPO COMPUTO;TRANSFERENCIA;SEL001642;TRANSFORMADOR LED POWER SUPLY  12V 60W CHINA 2024;SIN ESPESIFICAR;18;L927.90
BSU01;ELECTRONICA;EQUIPO COMPUTO;TRANSFERENCIA;SEL001736;TRANSFORMADOR SFIRE 120VAC/16 5VAC 40  P/ VECTOR ;GYS DISTRIBUIDORA S.A. DE .C.V.;6;L1,248.08
BSU01;ELECTRONICA;INSTRUMENTOS MUSICALES;ACCESORIOS DE MUSICA;ELE000329;DVD SANKEY USB/SD;ALMACEN EL JORDAN S DE R.L;1;L955.65
BSU01;ELECTRONICA;INSTRUMENTOS MUSICALES;ACCESORIOS DE MUSICA;ELE000361;DELL DMS-59 A DUAL DVI 2415 SPLITTER ;ASESORIA Y DESARROLLO DE SISTEMAS, S.A. DE C.V.;6;L4,500.00
BSU01;ELECTRONICA;INSTRUMENTOS MUSICALES;ACCESORIOS DE MUSICA;ELE000554;DVD TEKNO USB;DISTRIBUCIONES UNIVERSALES S.A. DE C.V.;2;L1,180.88
BSU01;ELECTRONICA;INSTRUMENTOS MUSICALES;ACCESORIOS DE MUSICA;ELE000890;PARLANTE DE TECHO PLANO 110V CHINO;SIN ESPESIFICAR;3;L937.11
BSU01;ELECTRONICA;INSTRUMENTOS MUSICALES;ACCESORIOS DE MUSICA;ELE000934;CONECTOR 1/4 MONO;ALMACEN EL PAJARO AZUL S.A DE C.V;2;L323.00
BSU01;ELECTRONICA;INSTRUMENTOS MUSICALES;ACCESORIOS DE MUSICA;ELE002207;COLUMNA AMPLIFICADA 800W D.A.S.;ALMACEN EL PAJARO AZUL S.A DE C.V;2;L23,750.00
BSU01;ELECTRONICA;INSTRUMENTOS MUSICALES;ACCESORIOS DE MUSICA;ELE002247;CONECTOR CANON HEMBRA;ALMACEN EL PAJARO AZUL S.A DE C.V;12;L1,824.00
BSU01;ELECTRONICA;INSTRUMENTOS MUSICALES;ACCESORIOS DE MUSICA;ELE002248;CONECTOR RCA MACHO;ALMACEN EL PAJARO AZUL S.A DE C.V;5;L75.00
BSU01;ELECTRONICA;MONITOREO;CAMARAS;ELE002203;CAMARA PTZ DE 4 PULGADAS 4 MP 25X SPEED DOME;FELIPE ANTONIO GONZALEZ MADRID;1;L13,455.00
BSU01;ELECTRONICA;MONITOREO;CAMARAS;ELE002310;CAMARA TURBO DOMO (DS-2CE76D0T-EXIPF) HIKVISION HI;OFFICE COMPUTERS S. DE R.L.;3;L995.31
BSU01;ELECTRONICA;MONITOREO;CAMARAS;ELE002414;CAMARA BALA TURBO HIKVISION DS-2CE16D0T-EXIPF;FELIPE ANTONIO GONZALEZ MADRID;1;L355.00
BSU01;ELECTRONICA;MONITOREO;FUENTES DE PODER;ELE002252;TRANSFORMADOR DE VOLTAJE SKYLINK 5AMP 4S 12V;GYS DISTRIBUIDORA S.A. DE .C.V.;3;L720.00
BSU01;ELECTRONICA;MONITOREO;FUENTES DE PODER;ELE002253;TRANSFORMADOR DE VOLTAJE SKYLINK 2AMP 12V;GYS DISTRIBUIDORA S.A. DE .C.V.;9;L855.00
BSU01;ELECTRONICA;MUSICA;INSTRUMENTO MUSICAL;ELE001049;AMPLIFICADOR DE AUDIO 100W 4 CANALES;ALMACEN EL PAJARO AZUL S.A DE C.V;1;L5,625.00
BSU01;ELECTRONICA;MUSICA;INSTRUMENTO MUSICAL;ELE002113;CABLE PARA MICROFONO XLR CANON A CANON 30FT;ALMACEN EL PAJARO AZUL S.A DE C.V;13;L5,928.25
BSU01;ELECTRONICA;MUSICA;INSTRUMENTO MUSICAL;ELE002164;AMPLIFICADOR DE AUDIO 120W C/MP3,SD,USB  SKY E.C ;ALMACEN EL PAJARO AZUL S.A DE C.V;3;L29,925.00
BSU01;ELECTRONICA;MUSICA;INSTRUMENTO MUSICAL;ELE002161;CABLE PARA MICROFONO CANON HEBRA A 1/4 MACHO 30FT;ALMACEN EL PAJARO AZUL S.A DE C.V;5;L1,805.00
BSU01;EMPAQUES;BOLSAS;BOLSA BASURA;EMP000029;BOLSAS P/BASURA 24X32 USAR;ALFAPACK, S.A DE C.V.;95;L5,230.92
BSU01;EMPAQUES;BOLSAS;BOLSA BASURA;EMP000036;BOLSA NEGRA BARRIL ROLLO 36X54 USAR;ALFAPACK, S.A DE C.V.;782;L20,569.88
BSU01;EMPAQUES;BOLSAS;BOLSA BASURA;EMP000039;BOLSAS P/BASURA 18X24 PAPELERA USAR;ALFAPACK, S.A DE C.V.;239;L3,824.00
BSU01;EMPAQUES;BOLSAS;BOLSA LISA;EMP000011;BOLSA LISA TRANS. 6X10  LBS;INVERSIONES ESTRATEGICAS SA DE CV;227.6;L6,033.66
BSU01;EMPAQUES;BOLSAS;BOLSA LISA;EMP000013;BOLSA LISA TRANS 22X33 LBS;INVERSIONES ESTRATEGICAS SA DE CV;997;L28,674.52
BSU01;EMPAQUES;BOLSAS;BOLSA LISA;EMP000016;BOLSA TRANS 22X36 LBS;INVERSIONES ESTRATEGICAS SA DE CV;1,434.60;L35,335.60
BSU01;EMPAQUES;BOLSAS;BOLSA LISA;EMP000018;CAMISETA JUMBO 18X30 GRANEL NEGRO USAR;ALFAPACK, S.A DE C.V.;150;L3,260.88
BSU01;EMPAQUES;BOLSAS;BOLSA LISA;EMP000019;BOLSA TRANS. 7X14;INVERSIONES ESTRATEGICAS SA DE CV;2,060.60;L49,974.62
BSU01;EMPAQUES;BOLSAS;BOLSA LISA;EMP000020;BOLSA LISA TRANS 4X8;INVERSIONES ESTRATEGICAS SA DE CV;264.05;L6,588.57
BSU01;EMPAQUES;BOLSAS;BOLSA LISA;EMP000037;BOLSA TRANS RUIDOSA 12X18 ROLLO;PLASTICOS EUROPEOS S. DE R.L.;350.15;L31,732.35
BSU01;EMPAQUES;BOLSAS;BOLSA LISA;EMP000047;BOLSA FLEXI 22X33                       ;SIN ESPESIFICAR;27.55;L661.20
BSU01;EMPAQUES;BOLSAS;BOLSA LISA;EMP000076;CAMISETA JUMBITO 13.5X25 GRANEL NEGRO USAR;ALFAPACK, S.A DE C.V.;450;L9,782.64
BSU01;EMPAQUES;BOLSAS;BOLSA LISA;EMP000162;BOLSA LISA NATURAL 28X42 USAR;ALFAPACK, S.A DE C.V.;755.3;L17,938.38
BSU01;EMPAQUES;BOLSAS;BOLSA LISA;EMP000210;BOLSA TRANSPARENTE 4*8 CHINA 2024;SIN ESPESIFICAR;368.9;L8,468.69
BSU01;EMPAQUES;BOLSAS;BOLSA LISA;EMP000222;BOLSA LISA TALLA 63X54 PARA ALMOHADAS ;SIN ESPESIFICAR;13;L13.00
BSU01;EMPAQUES;BOLSAS;BOLSA LISA;EMP000014;BOLSA TRANS 12X18 LBS;INVERSIONES ESTRATEGICAS SA DE CV;1,419.60;L38,045.28
BSU01;EMPAQUES;BOLSAS;BOLSA LISA;EMP000015;CAMISETA SUPER JUMBO 19X38 GRANEL NEGRO USAR;ALFAPACK, S.A DE C.V.;950;L20,652.24
BSU01;EMPAQUES;BOLSAS;BOLSA LISA;EMP000010;BOLSA TRANS. 9X16 USAR ;INVERSIONES ESTRATEGICAS SA DE CV;1,049.05;L30,254.54
BSU01;EMPAQUES;BOLSAS;BOLSA LISA;EMP000022;BOLSA TRANS 15X25 LBS NUEVO USAR;INVERSIONES ESTRATEGICAS SA DE CV;561.11;L15,037.75
BSU01;EMPAQUES;BOLSAS;BOLSA LISA;EMP000154;BOLSA  NATURAL 17X32X1.2;INVERSIONES ESTRATEGICAS SA DE CV;496.3;L13,300.84
BSU01;EMPAQUES;BOLSAS;BOLSA MEMBRETADA;EMP000001;BOLSA MEMBRETADA AEC ´´S´´ 9 X 12;ALFAPACK, S.A DE C.V.;93;L2,557.17
BSU01;EMPAQUES;BOLSAS;BOLSA MEMBRETADA;EMP000003;BOLSA MEMBRETADA AEC ´´XL´´ 24 X 30;ALFAPACK, S.A DE C.V.;81.15;L2,256.36
BSU01;EMPAQUES;BOLSAS;BOLSA MEMBRETADA;EMP000004;BOLSA MEMBRETADA AEC´´L´´18 X 24 LB;ALFAPACK, S.A DE C.V.;28.85;L802.80
BSU01;EMPAQUES;BOLSAS;BOLSA MEMBRETADA;EMP000007;"BOLSA MEMBRETADA AEC ""XS"" 7*32";SIN ESPESIFICAR;885.15;L53,675.51
BSU01;EMPAQUES;BOLSAS;BOLSA MEMBRETADA;EMP000203;BOLSA MEMBRETADA ANIVERSARIO 30AÑOS TALLA XL 24X30;ALFAPACK, S.A DE C.V.;1.95;L56.55
BSU01;EMPAQUES;BOLSAS;BOLSA MEMBRETADA;EMP000267;BOLSA COMPADRE NUEVA IMAGEN TALLA S 9X12;INVERSIONES ESTRATEGICAS SA DE CV;80.85;L2,263.87
BSU01;EMPAQUES;BOLSAS;BOLSA MEMBRETADA;EMP000268;BOLSA COMPADRE NUEVA IMAGEN TALLA M 14X17;INVERSIONES ESTRATEGICAS SA DE CV;12,597.65;L353,714.05
BSU01;EMPAQUES;BOLSAS;BOLSA MEMBRETADA;EMP000269;BOLSA COMPADRE NUEVA IMAGEN TALLA L 18X24;INVERSIONES ESTRATEGICAS SA DE CV;100.95;L2,828.02
BSU01;EMPAQUES;BOLSAS;BOLSA MEMBRETADA;EMP000270;BOLSA COMPADRE NUEVA IMAGEN TALLA XL 24X30;INVERSIONES ESTRATEGICAS SA DE CV;1,733.15;L48,541.96
BSU01;EMPAQUES;BOLSAS;BOLSA MEMBRETADA;EMP000002;BOLSA MEMBRETADA AEC ´M´14 X 17 (LB);ALFAPACK, S.A DE C.V.;4.4;L122.44
BSU01;EMPAQUES;BOLSAS;BOLSA MEMBRETADA;EMP000197;BOLSA MEMBRETADA ANIVERSARIO 30AÑOS TALLA M 14X17;ALFAPACK, S.A DE C.V.;5.8;L168.20
BSU01;EMPAQUES;BOLSAS;BOLSA MEMBRETADA;EMP000278;BOLSA COMPADRE PROMO 799 TALLA L 18X24;INVERSIONES ESTRATEGICAS SA DE CV;5,050.00;L155,540.00
BSU01;EMPAQUES;BOLSAS;BOLSA MEMBRETADA;EMP000277;BOLSA COMPADRE PROMO 799 TALLA M 14X17;INVERSIONES ESTRATEGICAS SA DE CV;3,750.00;L115,500.00
BSU01;EMPAQUES;BOLSAS;BOLSA MEMBRETADA;EMP000279;BOLSA COMPADRE PROMO 799 TALLA XL 24X30;INVERSIONES ESTRATEGICAS SA DE CV;6,650.00;L204,820.00
BSU01;EMPAQUES;BOLSAS;BOLSA TOSTATA;EMP000217;BOLSA TOSTADA TALLA 23X19PARA ACCESORIO/JUGUETE ;SIN ESPESIFICAR;263;L17,539.92
BSU01;EMPAQUES;BOLSAS;BOLSA TOSTATA;EMP000219;BOLSA TOSTADA TALLA 40X8  PARA ACCESORIO/HOGAR ;SIN ESPESIFICAR;87.8;L2,299.03
BSU01;EMPAQUES;BOLSAS;BOLSA TOSTATA;EMP000223;BOLSA TOSTADA TALLA 14X4 PARA ACCESORIO;SIN ESPESIFICAR;54.95;L1,931.31
BSU01;EMPAQUES;BOLSAS;BOLSA TOSTATA;EMP000224;BOLSA TOSTADA TALLA 19X18  ACCESORIO/INTERIOR  ;SIN ESPESIFICAR;64.01;L2,056.45
BSU01;EMPAQUES;BOLSAS;BOLSA TOSTATA;EMP000225;BOLSA TOSTADA TALLA 21X5 PARA ACCESORIO/JOYERIA ;SIN ESPESIFICAR;34.9;L34.90
BSU01;EMPAQUES;BOLSAS;BOLSA TOSTATA;EMP000226;BOLSA TOSTADA TALLA 21X7 PARA ACCESORIO/JOYERIA ;SIN ESPESIFICAR;142.15;L3,244.96
BSU01;EMPAQUES;BOLSAS;BOLSA TOSTATA;EMP000227;BOLSA TOSTADA TALLA16X18 P/ACCESORIO/TECNOLOGIA;SIN ESPESIFICAR;127.8;L2,217.85
BSU01;EMPAQUES;BOLSAS;BOLSA TOSTATA;EMP000228;BOLSA TOSTADA TALLA 25X10 ACCESORIO/TECNOLOGIA ;SIN ESPESIFICAR;0.8;L0.80
BSU01;EMPAQUES;BOLSAS;BOLSA TOSTATA;EMP000229;BOLSA TOSTADA TALLA 10X21 MULTIUSOS ;SIN ESPESIFICAR;242.8;L5,688.13
BSU01;EMPAQUES;BOLSAS;BOLSA TOSTATA;EMP000230;BOLSA TOSTADA TALLA 27X26 BRASSIER COPA A ALTA;SIN ESPESIFICAR;1,166.35;L29,464.53
BSU01;EMPAQUES;BOLSAS;BOLSA TOSTATA;EMP000231;BOLSA TOSTADA TALLA 21X10 PARA INTERIOR/HOGAR;SIN ESPESIFICAR;447.15;L11,597.39
BSU01;EMPAQUES;BOLSAS;BOLSA TOSTATA;EMP000232;BOLSA TOSTADA TALLA 40X25 PARA JUGUETERIA/HOGAR ;SIN ESPESIFICAR;243.35;L7,325.76
BSU01;EMPAQUES;BOLSAS;BOLSA TOSTATA;EMP000233;BOLSA TOSTADA TALLA 35X25 PARA JUGUETERIA/HOGAR ;SIN ESPESIFICAR;367.35;L7,700.31
BSU01;EMPAQUES;BOLSAS;BOLSA TOSTATA;EMP000234;BOLSA TOSTADA TALLA 34X23  PARA JUGUETERIA HOGAR ;SIN ESPESIFICAR;262.45;L7,015.65
BSU01;EMPAQUES;BOLSAS;BOLSA TOSTATA;EMP000236;BOLSA TOSTADA TALLA 56X39 P/ BRASSIER COPA C/D ;SIN ESPESIFICAR;3,533.95;L73,757.53
BSU01;EMPAQUES;BOLSAS;BOLSA TOSTATA;EMP000237;"BOLSA TOSTADA TALLA 40X42 P/ BRASSIER COPA B""";SIN ESPESIFICAR;3,574.65;L91,387.21
BSU01;EMPAQUES;BOLSAS;BOLSA TOSTATA;EMP000238;BOLSA TOSTADA TALLA 55X45 P/ EDREDON/ALMOHADA ;SIN ESPESIFICAR;3.5;L3.50
BSU01;EMPAQUES;BOLSAS;BOLSA TOSTATA;EMP000239;"BOLSA TOSTADA TALLA 55X56 P/ BRASSIER COPA ""D""";SIN ESPESIFICAR;2,801.05;L66,804.29
BSU01;EMPAQUES;BOLSAS;BOLSA TOSTATA;EMP000240;BOLSA TOSTADA TALLA 22X14 NAVIDAD/JUGUETERIA/BB ;SIN ESPESIFICAR;87.8;L2,253.93
BSU01;EMPAQUES;BOLSAS;BOLSA TOSTATA;EMP000241;BOLSA TOSTADA TALLA 20X9 ACC. DE BEBE/DIADEMAS ;SIN ESPESIFICAR;55.4;L1,778.71
BSU01;EMPAQUES;BOLSAS;BOLSA TOSTATA;EMP000242;BOLSA TOSTADA TALLA 17X9 JUGUETERIA/PULSERAS ;SIN ESPESIFICAR;47.75;L1,566.94
BSU01;EMPAQUES;BOLSAS;BOLSA TOSTATA;EMP000243;BOLSA TOSTADA TALLA 7X9 ARITOS/PULSERAS/GANCHOS;SIN ESPESIFICAR;54.75;L2,173.44
BSU01;EMPAQUES;BOLSAS;BOLSA TOSTATA;EMP000253;BOLSA TOSTADA TALLA 24X4 LIMAS P/UÑAS;SIN ESPESIFICAR;30.1;L704.09
BSU01;EMPAQUES;BOLSAS;BOLSA TOSTATA;EMP000095;BOLSA TOSTADA 30X32 USAR;SIN ESPESIFICAR;61.35;L109.20
BSU01;EMPAQUES;BOLSAS;BOLSA TOSTATA;EMP000133;BOLSA TOSTADA 28X25 USAR;SIN ESPESIFICAR;52.65;L11.70
BSU01;EMPAQUES;FLEJE;FLEJE;EMP000251;FLEJE STRECH 45X300  CHINA 2025;SIN ESPESIFICAR;16;L2,045.25
BSU01;EMPAQUES;FLEJE;FLEJE;EMP000035;FLEJE STRETCH 15 MICRAS 18  USAR ;IMPORTADORA Y COMERCIALIZADORA MASAC S. DE R.L.;121;L15,360.95
BSU01;EMPAQUES;FLEJE;NAILON;EMP000254;COVERSTICK 50MMX25;DISTRIBUIDORA DE MATERIALES S. DE R.L. DE C.V.;3;L0.00
BSU01;EMPAQUES;TEXTILES ;ETIQUETA BESO;AOF000742;BESO FASHION TEXTILE S (2023);FINOS TEXTILES DE CENTROAMERICA S.A.;3,200.00;L3,840.00
BSU01;EMPAQUES;TEXTILES ;ETIQUETA BESO;AOF000744;BESO FASHION TEXTILE XL (2023);FINOS TEXTILES DE CENTROAMERICA S.A.;4,200.00;L5,040.00
BSU01;EMPAQUES;TEXTILES ;ETIQUETA BESO;AOF000745;BESO FASHION 1XL (2023);FINOS TEXTILES DE CENTROAMERICA S.A.;3,500.00;L4,200.00
BSU01;EMPAQUES;TEXTILES ;ETIQUETA BESO;AOF000746;BESO FASHION 4 (2023);FINOS TEXTILES DE CENTROAMERICA S.A.;4,000.00;L4,800.00
BSU01;EMPAQUES;TEXTILES ;ETIQUETA BESO;AOF000747;BESO FASHION TEXTILE 6 (2023);FINOS TEXTILES DE CENTROAMERICA S.A.;4,800.00;L5,760.00
BSU01;EMPAQUES;TEXTILES ;ETIQUETA BESO;AOF000748;BESO FASHION TEXTILE 8 (2023);FINOS TEXTILES DE CENTROAMERICA S.A.;3,600.00;L4,320.00
BSU01;EMPAQUES;TEXTILES ;ETIQUETA BESO;AOF000749;BESO FASHION TEXTILE 10 (2023);FINOS TEXTILES DE CENTROAMERICA S.A.;2,500.00;L3,000.00
BSU01;EMPAQUES;TEXTILES ;ETIQUETA BESO;AOF000750;BESO FASHION TEXTILE 12 (2023);FINOS TEXTILES DE CENTROAMERICA S.A.;100;L120.00
BSU01;EMPAQUES;TEXTILES ;ETIQUETA BESO;EMP000111;ETIQUETA BESSO FASHION;FINOS TEXTILES DE CENTROAMERICA S.A.;48,100.00;L39,046.14
BSU01;EMPAQUES;TEXTILES ;ETIQUETA CAMILLA;AOF000577;ETIQUETA CAMILLE CARTON USAR;DARLYNG ARACELY PEÑA RAMIREZ;24,153.00;L19,322.40
BSU01;EMPAQUES;TEXTILES ;ETIQUETA CAMILLA;AOF000580;ETIQUETA CAMILLE TEXTIL MESES;FINOS TEXTILES DE CENTROAMERICA S.A.;235;L231.35
BSU01;EMPAQUES;TEXTILES ;ETIQUETA CAMILLA;AOF000581;CAMILLE 2;FINOS TEXTILES DE CENTROAMERICA S.A.;2,000.00;L1,717.24
BSU01;EMPAQUES;TEXTILES ;ETIQUETA CAMILLA;AOF000582;CAMILLE 4;FINOS TEXTILES DE CENTROAMERICA S.A.;3,500.00;L3,005.17
BSU01;EMPAQUES;TEXTILES ;ETIQUETA CAMILLA;AOF000583;CAMILLE 6;FINOS TEXTILES DE CENTROAMERICA S.A.;1,500.00;L1,287.93
BSU01;EMPAQUES;TEXTILES ;ETIQUETA CAMILLA;AOF000584;CAMILLE 8;FINOS TEXTILES DE CENTROAMERICA S.A.;2,000.00;L1,717.24
BSU01;EMPAQUES;TEXTILES ;ETIQUETA CAMILLA;AOF000585;CAMILLE 10;FINOS TEXTILES DE CENTROAMERICA S.A.;500;L429.31
BSU01;EMPAQUES;TEXTILES ;ETIQUETA CAMILLA;AOF000587;CAMILLE 14;FINOS TEXTILES DE CENTROAMERICA S.A.;1,500.00;L1,287.93
BSU01;EMPAQUES;TEXTILES ;ETIQUETA CAMILLA;AOF000588;CAMILLE 16;FINOS TEXTILES DE CENTROAMERICA S.A.;1,500.00;L1,287.93
BSU01;EMPAQUES;TEXTILES ;ETIQUETA CAMILLA;AOF000706;CAMILLE TEXTILE 3-6 (2023);FINOS TEXTILES DE CENTROAMERICA S.A.;9,400.00;L9,400.00
BSU01;EMPAQUES;TEXTILES ;ETIQUETA CAMILLA;AOF000707;CAMILLE TEXTILE 6-9 (2023);FINOS TEXTILES DE CENTROAMERICA S.A.;9,998.00;L9,998.00
BSU01;EMPAQUES;TEXTILES ;ETIQUETA CAMILLA;AOF000708;CAMILLE TEXTILE 9-12 (2023);FINOS TEXTILES DE CENTROAMERICA S.A.;8,300.00;L8,300.00
BSU01;EMPAQUES;TEXTILES ;ETIQUETA CAMILLA;AOF000709;CAMILLE 12-18 (2023);FINOS TEXTILES DE CENTROAMERICA S.A.;9,715.00;L9,715.00
BSU01;EMPAQUES;TEXTILES ;ETIQUETA CAMILLA;AOF000846;CORDON CAMILE CHINO 2023;SIN ESPESIFICAR;33,000.00;L5,050.65
BSU01;EMPAQUES;TEXTILES ;ETIQUETA CAMILLA;AOF000847;CINTA CAMILLE CHINO 2023;SIN ESPESIFICAR;17,290.00;L4,704.44
BSU01;EMPAQUES;TEXTILES ;ETIQUETA CHOCOLE;AOF000710;CHOCOLE TEXTILE M (2023);FINOS TEXTILES DE CENTROAMERICA S.A.;3,000.00;L3,000.00
BSU01;EMPAQUES;TEXTILES ;ETIQUETA CHOCOLE;AOF000711;CHOCOLE TEXTILE L (2023);FINOS TEXTILES DE CENTROAMERICA S.A.;3,000.00;L3,000.00
BSU01;EMPAQUES;TEXTILES ;ETIQUETA CHOCOLE;AOF000713;CHOCOLE TEXTILE ¨6¨(2023);FINOS TEXTILES DE CENTROAMERICA S.A.;3,000.00;L3,000.00
BSU01;EMPAQUES;TEXTILES ;ETIQUETA CHOCOLE;AOF000714;CHOCOLE TEXTILE ¨8¨(2023);FINOS TEXTILES DE CENTROAMERICA S.A.;2,500.00;L2,500.00
BSU01;EMPAQUES;TEXTILES ;ETIQUETA CHOCOLE;AOF000715;CHOCOLE TEXTILE ¨10¨(2023);FINOS TEXTILES DE CENTROAMERICA S.A.;4,500.00;L4,500.00
BSU01;EMPAQUES;TEXTILES ;ETIQUETA CHOCOLE;AOF000716;CHOCOLE TEXTILE ¨12¨(2023);FINOS TEXTILES DE CENTROAMERICA S.A.;4,000.00;L4,000.00
BSU01;EMPAQUES;TEXTILES ;ETIQUETA CHOCOLE;AOF000717;CHOCOLE TEXTILE ¨16¨(2023);FINOS TEXTILES DE CENTROAMERICA S.A.;500;L500.00
BSU01;EMPAQUES;TEXTILES ;ETIQUETA CHOCOLE;EMP000058;ETIQUETA CHOCOLE GOLD SATIN LABEL T-S ;FINOS TEXTILES DE CENTROAMERICA S.A.;4,500.00;L4,350.02
BSU01;EMPAQUES;TEXTILES ;ETIQUETA CHOCOLE;EMP000115;ETIQUETA CHOCOLE;FINOS TEXTILES DE CENTROAMERICA S.A.;18,500.00;L13,135.00
BSU01;EMPAQUES;TEXTILES ;ETIQUETA CHOCOLE;EMP000127;ETIQUETA TEXTIL CHOCOLE T-14;FINOS TEXTILES DE CENTROAMERICA S.A.;5,000.00;L5,000.00
BSU01;EMPAQUES;TEXTILES ;ETIQUETA CHOCOLE;EMP000273;ETIQUETA CARTON CHOCOLE;DARLYNG ARACELY PEÑA RAMIREZ;35,000.00;L29,750.00
BSU01;EMPAQUES;TEXTILES ;ETIQUETA ESCANDALO;AOF000848;CARTON SKANDALO NEGRO GRANDE CHINO 2023;SIN ESPESIFICAR;26,724.00;L5,933.53
BSU01;EMPAQUES;TEXTILES ;ETIQUETA ESCANDALO;AOF000854;CORDON SKANDALO CHINO 2023;SIN ESPESIFICAR;60,000.00;L9,220.20
BSU01;EMPAQUES;TEXTILES ;ETIQUETA ESCANDALO;AOF000855;CINTA SKANDALO CHINO 2023;SIN ESPESIFICAR;42,246.00;L11,552.59
BSU01;EMPAQUES;TEXTILES ;ETIQUETA ESCANDALO;AOF001046;CARTON SKANDALO MEDIANO BLANCO Y ROJO 65*35 CHINO;SIN ESPESIFICAR;20,898.00;L3,700.62
BSU01;EMPAQUES;TEXTILES ;ETIQUETA ESCANDALO;AOF001045;CARTON SKANDALO MEDIANO BLA/NEGRO 65*35 CHINO 2025;SIN ESPESIFICAR;200;L35.48
BSU01;EMPAQUES;TEXTILES ;ETIQUETA FUROR;AOF000838;CARTON FUROR AZUL MEDIANO 65*35 CHINO 2024;SIN ESPESIFICAR;6;L1.06
BSU01;EMPAQUES;TEXTILES ;ETIQUETA FUROR;EMP000092;ETIQUETA FUROR SCHOOL T-6;FINOS TEXTILES DE CENTROAMERICA S.A.;1,380.00;L1,380.00
BSU01;EMPAQUES;TEXTILES ;ETIQUETA FUROR;EMP000116;ETIQUETA FUROR TEXTIL TALLA 28-38;FINOS TEXTILES DE CENTROAMERICA S.A.;19,000.00;L13,490.00
BSU01;EMPAQUES;TEXTILES ;ETIQUETA FUROR;EMP000126;ETIQUETA FUROR SCHOOL T-32;FINOS TEXTILES DE CENTROAMERICA S.A.;4,000.00;L4,000.00
BSU01;EMPAQUES;TEXTILES ;ETIQUETA FUROR;AOF001043;CARTON FUROR MEDIANA BLANCA 65*35 CHINO 2024;SIN ESPESIFICAR;3,518.00;L747.33
BSU01;EMPAQUES;TEXTILES ;ETIQUETA MIA COLLENTION;AOF000557;ETIQUETA DE MIA TRIANGULAR;DARLYNG ARACELY PEÑA RAMIREZ;21,421.00;L12,852.60
BSU01;EMPAQUES;TEXTILES ;ETIQUETA MIA COLLENTION;AOF000720;MIA TEXTILE L (2023);FINOS TEXTILES DE CENTROAMERICA S.A.;800;L1,080.00
BSU01;EMPAQUES;TEXTILES ;ETIQUETA MIA COLLENTION;AOF000841;CINTA MIA 2-16 CHINO 2023;SIN ESPESIFICAR;14,462.00;L393.51
BSU01;EMPAQUES;TEXTILES ;ETIQUETA MIA COLLENTION;AOF000842;CINTA MIA S-XL CHINO 2023;SIN ESPESIFICAR;2,296.00;L624.70
BSU01;EMPAQUES;TEXTILES ;ETIQUETA MIA COLLENTION;AOF000843;CARTON NEX SCHOOL CHINO 2025;SIN ESPESIFICAR;35,352.00;L10,032.19
BSU01;EMPAQUES;TEXTILES ;ETIQUETA MIA COLLENTION;AOF000845;CARTON CAMILLE CHINO 2023 116-5;SIN ESPESIFICAR;29,269.00;L7,465.94
BSU01;EMPAQUES;TEXTILES ;ETIQUETA MIA COLLENTION;AOF000856;CARTON MIA SECRET CHINO 2024;SIN ESPESIFICAR;94,744.00;L15,468.85
BSU01;EMPAQUES;TEXTILES ;ETIQUETA MIA COLLENTION;AOF000857;CORDON MIA SECRET CHINO 2023;SIN ESPESIFICAR;44,340.00;L6,786.24
BSU01;EMPAQUES;TEXTILES ;ETIQUETA MIA COLLENTION;AOF000858;CINTA MIA SECRET CHINO 2023;SIN ESPESIFICAR;36,218.00;L9,854.56
BSU01;EMPAQUES;TEXTILES ;ETIQUETA MIA COLLENTION;AOF001078;CARTON NEXSCHOOL HN 2025 ;DARLYNG ARACELY PEÑA RAMIREZ;880;L660.00
BSU01;EMPAQUES;TEXTILES ;ETIQUETA MIA COLLENTION;EMP000073;ETIQUETA SATIN MIA SIZE T-XL;FINOS TEXTILES DE CENTROAMERICA S.A.;500;L550.00
BSU01;EMPAQUES;TEXTILES ;ETIQUETA MIA COLLENTION;EMP000074;ETIQUETA SATIN MIA SIZE  T-1XL;FINOS TEXTILES DE CENTROAMERICA S.A.;500;L550.00
BSU01;EMPAQUES;TEXTILES ;ETIQUETA MIA COLLENTION;EMP000078;ETIQUETA MIA COLLECTION;DARLYNG ARACELY PEÑA RAMIREZ;4,843.00;L1,151.28
BSU01;EMPAQUES;TEXTILES ;ETIQUETA MIA COLLENTION;EMP000113;ETIQUETA MIA COLLECTION ;DARLYNG ARACELY PEÑA RAMIREZ;4,878.00;L3,394.01
BSU01;EMPAQUES;TEXTILES ;ETIQUETA VALE VALE;AOF000562;ETIQUETA SATIN VALE VALE ;SIN ESPESIFICAR;500;L130.00
BSU01;EMPAQUES;TEXTILES ;ETIQUETA VALE VALE;AOF000730;VALE VALE TEXTILE 4 (2023);FINOS TEXTILES DE CENTROAMERICA S.A.;4,500.00;L5,400.00
BSU01;EMPAQUES;TEXTILES ;ETIQUETA VALE VALE;AOF000731;VALE VALE TEXTILE 6 (2023);FINOS TEXTILES DE CENTROAMERICA S.A.;2,700.00;L3,240.00
BSU01;EMPAQUES;TEXTILES ;ETIQUETA VALE VALE;AOF000734;VALE VALE TEXTILE 16 (2023);FINOS TEXTILES DE CENTROAMERICA S.A.;1,700.00;L2,040.00
BSU01;EMPAQUES;TEXTILES ;ETIQUETA VALE VALE;EMP000066;ETIQUETA SATIN VALE VALE;FINOS TEXTILES DE CENTROAMERICA S.A.;3,000.00;L3,000.00
BSU01;EMPAQUES;TEXTILES ;ETIQUETA VALE VALE;EMP000080;ETIQUETA TRI TROQUELADA VALE VALE (accesorio);DARLYNG ARACELY PEÑA RAMIREZ;39,340.00;L21,637.00
BSU01;EMPAQUES;TEXTILES ;ETIQUETA VALE VALE;EMP000117;ETIQUETA VALE VALE (textil);FINOS TEXTILES DE CENTROAMERICA S.A.;21,500.00;L17,200.00
BSU01;EMPAQUES;TEXTILES ;ETIQUETA VALERIA;AOF000737;VALERIA TEXTILE XL (2023);FINOS TEXTILES DE CENTROAMERICA S.A.;3,700.00;L4,440.00
BSU01;EMPAQUES;TEXTILES ;ETIQUETA VALERIA;AOF000738;VALERIA TEXTILE 1XL (2023);FINOS TEXTILES DE CENTROAMERICA S.A.;100;L120.00
BSU01;EMPAQUES;TEXTILES ;ETIQUETA VALERIA;AOF000739;VALERIA TEXTILE 4 (2023);FINOS TEXTILES DE CENTROAMERICA S.A.;2,500.00;L3,000.00
BSU01;EMPAQUES;TEXTILES ;ETIQUETA VALERIA;AOF000740;VALERIA TEXTILE 10 (2023);FINOS TEXTILES DE CENTROAMERICA S.A.;2,500.00;L3,000.00
BSU01;EMPAQUES;TEXTILES ;ETIQUETA VALERIA;AOF000741;VALERIA TEXTILE 14 (2023);FINOS TEXTILES DE CENTROAMERICA S.A.;1,900.00;L2,280.00
BSU01;EMPAQUES;TEXTILES ;ETIQUETA VALERIA;EMP000112;ETIQUETA VALERIA TEXTIL TALLAS;FINOS TEXTILES DE CENTROAMERICA S.A.;12,700.00;L16,052.93
BSU01;EMPAQUES;TEXTILES ;TRACTOR;AOF001134;ETIQUETA TRACTOR CARTONCILLO;DARLYNG ARACELY PEÑA RAMIREZ;40,000.00;L21,019.60
BSU01;EMPAQUES;TEXTILES ;(en blanco);AOF000733;VALE VALE TEXTILE 14 (2023);FINOS TEXTILES DE CENTROAMERICA S.A.;3,500.00;L4,200.00
BSU01;FARMACEUTICOS;MEDICAMENTOS;JERINGAS;MED000108;JERINGA 5CC 1-1/2;DROGUERIA Y TIENDA SAN MIGUEL S DE R.L;90;L103.50
BSU01;FARMACEUTICOS;MEDICAMENTOS;MATERIAL QUIRURGICO;MED000192;MASCARILLA USAR;DROGUERIA Y TIENDA SAN MIGUEL S DE R.L;5;L184.52
BSU01;FARMACEUTICOS;MEDICAMENTOS;MEDICAMENTOS;MED000001;ACETAMINOFEN  ADULTO (UNIDAD);DROGUERIA Y TIENDA SAN MIGUEL S DE R.L;598;L273.86
BSU01;FARMACEUTICOS;MEDICAMENTOS;MEDICAMENTOS;MED000003;AGUA OXIGENADA UNID. 118ML;DROGUERIA Y TIENDA SAN MIGUEL S DE R.L;1;L13.33
BSU01;FARMACEUTICOS;MEDICAMENTOS;MEDICAMENTOS;MED000015;ALKASELTZER;DROGUERIA FONSECA S DE R L DE CV ;10;L36.83
BSU01;FARMACEUTICOS;MEDICAMENTOS;MEDICAMENTOS;MED000017;AMOXICILINA CAPSULA (UNIDAD) PHA;DROGUERIA Y TIENDA SAN MIGUEL S DE R.L;550;L451.26
BSU01;FARMACEUTICOS;MEDICAMENTOS;MEDICAMENTOS;MED000024;ESPARADRAPO ROLLO SURGICAL TAPE UND;DROGUERIA Y TIENDA SAN MIGUEL S DE R.L;21;L238.66
BSU01;FARMACEUTICOS;MEDICAMENTOS;MEDICAMENTOS;MED000026;GASA ALL CURE 4X4 (UNIDAD);DROGUERIA Y TIENDA SAN MIGUEL S DE R.L;137;L137.21
BSU01;FARMACEUTICOS;MEDICAMENTOS;MEDICAMENTOS;MED000031;IBUPROFENO (PHA) 600MG/UNID;DROGUERIA FONSECA S DE R L DE CV ;350;L264.32
BSU01;FARMACEUTICOS;MEDICAMENTOS;MEDICAMENTOS;MED000032;LORATADINA PHA #870055;DROGUERIA Y TIENDA SAN MIGUEL S DE R.L;500;L176.70
BSU01;FARMACEUTICOS;MEDICAMENTOS;MEDICAMENTOS;MED000046;SERTAL COMPUESTO 125MG TABLETA(UNIDAD);DROGUERIA Y TIENDA SAN MIGUEL S DE R.L;191;L1,396.11
BSU01;FARMACEUTICOS;MEDICAMENTOS;MEDICAMENTOS;MED000047;SUDAGRIP UNIDAD;DROGUERIA Y TIENDA SAN MIGUEL S DE R.L;24;L78.77
BSU01;FARMACEUTICOS;MEDICAMENTOS;MEDICAMENTOS;MED000052;TAPON ANTIDIARREICO UNIDAD;DROGUERIA Y TIENDA SAN MIGUEL S DE R.L;45;L214.00
BSU01;FARMACEUTICOS;MEDICAMENTOS;MEDICAMENTOS;MED000054;VENDITA UNIDAD;DROGUERIA Y TIENDA SAN MIGUEL S DE R.L;158;L50.55
BSU01;FARMACEUTICOS;MEDICAMENTOS;MEDICAMENTOS;MED000056;VITAFLENACO UNIDAD USAR;DROGUERIA Y TIENDA SAN MIGUEL S DE R.L;63;L204.73
BSU01;FARMACEUTICOS;MEDICAMENTOS;MEDICAMENTOS;MED000059;TERMOMETRO DIGITAL;DROGUERIA Y TIENDA SAN MIGUEL S DE R.L;1;L35.65
BSU01;FARMACEUTICOS;MEDICAMENTOS;MEDICAMENTOS;MED000081;TEVIRIN 12 PZ;DROGUERIA Y TIENDA SAN MIGUEL S DE R.L;11;L335.50
BSU01;FARMACEUTICOS;MEDICAMENTOS;MEDICAMENTOS;MED000088;PANADOL EXTRA FUERTE SOBRE;DROGUERIA Y TIENDA SAN MIGUEL S DE R.L;108;L502.60
BSU01;FARMACEUTICOS;MEDICAMENTOS;MEDICAMENTOS;MED000106;CATETER 18G;DROGUERIA Y TIENDA SAN MIGUEL S DE R.L;35;L329.00
BSU01;FARMACEUTICOS;MEDICAMENTOS;MEDICAMENTOS;MED000113;ESPARADRAPO 12 TELA ;DROGUERIA Y TIENDA SAN MIGUEL S DE R.L;9;L127.68
BSU01;FARMACEUTICOS;MEDICAMENTOS;MEDICAMENTOS;MED000117;SULFADIAZINA DE PLATA 1% 30G;COMERCIAL Y DROGUERIA SYR DE RL DE CV;2;L54.00
BSU01;FARMACEUTICOS;MEDICAMENTOS;MEDICAMENTOS;MED000181;PD NOVULAR ;DROGUERIA Y TIENDA SAN MIGUEL S DE R.L;2;L0.00
BSU01;FARMACEUTICOS;MEDICAMENTOS;MEDICAMENTOS;MED000193;BOLSA PRIMEROS AUXILIOS ;DROGUERIA Y TIENDA SAN MIGUEL S DE R.L;5;L1,380.00
BSU01;FARMACEUTICOS;MEDICAMENTOS;MEDICAMENTOS;MED000202;PRUEBAS DE DROGA COC/THC/AMP;INVERSIONES MEDICAS MONJA SA;95;L10,918.64
BSU01;FARMACEUTICOS;MEDICAMENTOS;MEDICAMENTOS;MED000253;PRUEBA RAPIDA ALCOHOL ;PRODUCTOS DE DIAGNOSTICO Y LABORATORIOS S. DE R.L.;112;L7,288.68
BSU01;FARMACEUTICOS;MEDICAMENTOS;MEDICAMENTOS;MED000066;PANADOL MULTISINTOMAS UND #0003226       ;DROGUERIA Y TIENDA SAN MIGUEL S DE R.L;6;L55.50
BSU01;FARMACEUTICOS;MEDICAMENTOS;MEDICAMENTOS;MED000082;PANADOL ULTRA SOBRE;DROGUERIA Y TIENDA SAN MIGUEL S DE R.L;65;L918.59
BSU01;FARMACEUTICOS;MEDICAMENTOS;MEDICAMENTOS;MED000083;PANADOL MUJER SOBRE;DROGUERIA Y TIENDA SAN MIGUEL S DE R.L;81;L1,140.48
BSU01;FARMACEUTICOS;MEDICAMENTOS;MEDICAMENTOS;MED000314;DRAMANYL CAJA X 100 CAP-PAILL;DROGUERIA FONSECA S DE R L DE CV ;-5;-L1,225.00
BSU01;HOGAR;MOBILIARIO;CAMA;HOG000101;ALMOHADAS;SIN ESPESIFICAR;1;L1.00
BSU01;HOGAR;MOBILIARIO;CAMA;HOG000102;ALMOHADAS DECORATIVAS ESTRELLAS;SIN ESPESIFICAR;2;L2.00
BSU01;HOGAR;MOBILIARIO;CAMA;HOG000104;CUBRECOLCHON FULL;SIN ESPESIFICAR;63;L63.00
BSU01;HOGAR;MOBILIARIO;CAMA;HOG000105;CUBRECOLCHON KING;SIN ESPESIFICAR;2;L2.00
BSU01;HOGAR;MOBILIARIO;CAMA;HOG000106;CUBRECOLCHON QUEEN;SIN ESPESIFICAR;37;L37.00
BSU01;HOGAR;MOBILIARIO;CAMA;HOG000107;CUBRECOLCHON TWIN;SIN ESPESIFICAR;20;L20.00
BSU01;HOGAR;MOBILIARIO;CAMA;HOG000108;DUVET FULL;SIN ESPESIFICAR;33;L33.00
BSU01;HOGAR;MOBILIARIO;CAMA;HOG000111;DUVET TWIN;SIN ESPESIFICAR;16;L16.00
BSU01;HOGAR;MOBILIARIO;CAMA;HOG000112;EDREDONES FULL;SIN ESPESIFICAR;69;L69.00
BSU01;HOGAR;MOBILIARIO;CAMA;HOG000113;EDREDONES KING;SIN ESPESIFICAR;16;L16.00
BSU01;HOGAR;MOBILIARIO;CAMA;HOG000114;EDREDONES QUEEN;SIN ESPESIFICAR;106;L106.00
BSU01;HOGAR;MOBILIARIO;CAMA;HOG000115;EDREDONES TWIN;SIN ESPESIFICAR;18;L18.00
BSU01;HOGAR;MOBILIARIO;CAMA;HOG000116;FORRO KING;SIN ESPESIFICAR;10;L10.00
BSU01;HOGAR;MOBILIARIO;CAMA;HOG000117;FORROS FULL;SIN ESPESIFICAR;46;L46.00
BSU01;HOGAR;MOBILIARIO;CAMA;HOG000118;FORROS QUEEN;SIN ESPESIFICAR;10;L10.00
BSU01;HOGAR;MOBILIARIO;CAMA;HOG000119;FORROS TWIN;SIN ESPESIFICAR;22;L22.00
BSU01;HOGAR;MOBILIARIO;CAMA;HOG000120;FUNDAS PARA ALMOHADA;SIN ESPESIFICAR;16;L16.00
BSU01;HOGAR;MOBILIARIO;CAMA;HOG000121;SABANAS FULL;SIN ESPESIFICAR;49;L49.00
BSU01;HOGAR;MOBILIARIO;CAMA;HOG000122;SABANAS KING;SIN ESPESIFICAR;10;L10.00
BSU01;HOGAR;MOBILIARIO;CAMA;HOG000123;SABANAS QUEEN ;SIN ESPESIFICAR;11;L11.00
BSU01;HOGAR;MOBILIARIO;CAMA;HOG000124;SABANAS TWIN;SIN ESPESIFICAR;6;L6.00
BSU01;HOGAR;MOBILIARIO;CAMA;HOG000127;SOPORTE PARA TOALLA;SIN ESPESIFICAR;2;L2.00
BSU01;HOGAR;MOBILIARIO;CAMA;HOG000128;PELOTAS DE GOLF;SIN ESPESIFICAR;8;L8.00
BSU01;HOGAR;MOBILIARIO;CAMA;HOG000146;SET CAMERA KING 4 PZS ;SIN ESPESIFICAR;6;L2,316.13
BSU01;HOGAR;MOBILIARIO;CAMA;HOG000147;SET CAMERA QUEEN 4PZS CHINA 2025;SIN ESPESIFICAR;42;L11,619.34
BSU01;HOGAR;MOBILIARIO;CAMA;HOG000148;SET CAMERA FULL 4PZS USO CHINA 2025;SIN ESPESIFICAR;118;L29,608.18
BSU01;HOGAR;MOBILIARIO;CAMA;HOG000156;FORRO DE ALMOHADA IMPERMEABLE 2PS CHINA KING HOTEL;SIN ESPESIFICAR;6;L1,379.75
BSU01;HOGAR;MOBILIARIO;CAMA;HOG000157;FORRO D/ALMOHADA IMPERMEABLE 2PSZ CHINA FULL HOTEL;SIN ESPESIFICAR;7;L1,393.59
BSU01;HOGAR;MOBILIARIO;CAMA;HOG000160;FORRO DE ALMOHADA IMPERMEABLE 2PS CHINA QUEEN HOTE;SIN ESPESIFICAR;24;L5,142.58
BSU01;HOGAR;MOBILIARIO;CAMA;HOG000161;COLCHON GRANDE P/KING HOTELES;SIN ESPESIFICAR;4;L23,101.94
BSU01;HOGAR;MOBILIARIO;CAMA;HOG000170;ALMOHADA DE COLORES HOTEL;SIN ESPESIFICAR;6;L6.00
BSU01;HOGAR;MOBILIARIO;CAMA;HOG000171;COJINES USADO HOTEL;SIN ESPESIFICAR;2;L2.00
BSU01;HOGAR;MOBILIARIO;CAMA;HOG000172;SET DE CORTINA DE 4 PCS  HOTEL ;SIN ESPESIFICAR;1;L1.00
BSU01;HOGAR;MOBILIARIO;CAMA;HOG000182;PIE DE CAMA HOTEL;SIN ESPESIFICAR;1;L1.00
BSU01;HOGAR;MOBILIARIO;CAMA;HOG000203;COJINES DECORATIVOS 50X50 PANAMEÑOS HOTEL ;SIN ESPESIFICAR;9;L5,493.97
BSU01;HOGAR;MOBILIARIO;CAMA;HOG000208;DUVET KING CHINA 2025 HOTEL H4 ;SIN ESPESIFICAR;104;L50,797.58
BSU01;HOGAR;MOBILIARIO;CAMA;HOG000209;CUBRE COLCHON KING CHINA 2025 HOTEL H4;SIN ESPESIFICAR;83;L22,611.65
BSU01;HOGAR;MOBILIARIO;CAMA;HOG000210;SABANA  KING CHINA 2025 HOTEL H4;SIN ESPESIFICAR;121;L35,611.44
BSU01;LIMPIEZA;UTENSILIOS LIMPIEZA ;AMBIENTALES;LIM000007;LYSOL DESODORANTE AMBIENTAL 19 ONZ H4;ARNEL JOSUE NEPTALI ALVARADO SANTOS;33;L8,035.99
BSU01;LIMPIEZA;UTENSILIOS LIMPIEZA ;AMBIENTALES;LIM000262;BASURERO PLAST 15L TIENDAS AEC BODEGA 2026 ;AGENCIA LA MUNDIAL S.A DE C.V;39;L1,778.14
BSU01;LIMPIEZA;UTENSILIOS LIMPIEZA ;AMBIENTALES;LIM000316;PASTILLAS PARA TANQUE BAÑO H4;INVERSIONES DONCELLA S. DE R.L DE C.V;6;L183.75
BSU01;LIMPIEZA;UTENSILIOS LIMPIEZA ;AMBIENTALES;LIM000343;DIFUSOR D/AROMAS PANTALLA TACTIL CHINA 2024;SIN ESPESIFICAR;1;L633.18
BSU01;LIMPIEZA;UTENSILIOS LIMPIEZA ;AMBIENTALES;LIM000350;GLADE AMBIENTADOR;JOCSAN RUEDA/PROYECTO;4;L250.06
BSU01;LIMPIEZA;UTENSILIOS LIMPIEZA ;AMBIENTALES;LIM000393;CAJAS CON INCIENSO;SIN ESPESIFICAR;23;L23.00
BSU01;LIMPIEZA;UTENSILIOS LIMPIEZA ;AMBIENTALES;LIM000419;AROMATIZANTE EN LIQUIDO 240 ML HOTEL ;INVERSIONES DONCELLA S. DE R.L DE C.V;50;L2,379.31
BSU01;LIMPIEZA;UTENSILIOS LIMPIEZA ;AMBIENTALES;LIM000424;VELA AROMATIZANTES 56G HOTEL ;SIN ESPESIFICAR;2;L2.00
BSU01;LIMPIEZA;UTENSILIOS LIMPIEZA ;AMBIENTALES;LIM000475;AROMATIZANTE D/BAÑO GODREJ 10G POWER POCKET;SIN ESPESIFICAR;420;L7,123.27
BSU01;LIMPIEZA;UTENSILIOS LIMPIEZA ;ANTIBACTERIAL;LIM000066;PIE DE ALFOMBRA DE 48´´ DE ANCHO USAR;PAPER DEPOT S.A DE C.V;19;L6,619.74
BSU01;LIMPIEZA;UTENSILIOS LIMPIEZA ;ANTIBACTERIAL;LIM000288;ALFOMBRA ROJA  PIE CHINA 2024;SIN ESPESIFICAR;9;L575.32
BSU01;LIMPIEZA;UTENSILIOS LIMPIEZA ;ANTIBACTERIAL;LIM000445;ALFOMBRA NEGRA ERGONOMICA HULE CHINA ;SIN ESPESIFICAR;27;L6,748.36
BSU01;LIMPIEZA;UTENSILIOS LIMPIEZA ;ANTIBACTERIAL;LIM000451;ALFOMBRA ERGONOMICA ANTIFATIGA ROLLO 3641-228;SIN ESPESIFICAR;7;L13,303.60
BSU01;LIMPIEZA;UTENSILIOS LIMPIEZA ;BASUREROS;LIM000040;SACUDIDOR DE POLVO;SIN ESPESIFICAR;39;L641.29
BSU01;LIMPIEZA;UTENSILIOS LIMPIEZA ;BASUREROS;LIM000080;BASURERO PLAST 10L 20X27CM ;AGENCIA LA MUNDIAL S.A DE C.V;94;L3,113.44
BSU01;LIMPIEZA;UTENSILIOS LIMPIEZA ;BASUREROS;LIM000349;BASURERO 70L C/TAPA+RUEDA CHINO 2024;SIN ESPESIFICAR;58;L29,525.77
BSU01;LIMPIEZA;UTENSILIOS LIMPIEZA ;BASUREROS;LIM000425;CARRITO LIMPIEZA PEQUEÑO  BRALIMPIA HOTEL;SIN ESPESIFICAR;1;L1.00
BSU01;LIMPIEZA;UTENSILIOS LIMPIEZA ;BASUREROS;LIM000427;BASURERO MEDIANO TRUST HOTEL;SIN ESPESIFICAR;1;L1.00
BSU01;LIMPIEZA;UTENSILIOS LIMPIEZA ;BOMBAS;LIM000044;GASAS REPUESTO TRAPEADOR;SIN ESPESIFICAR;1;L38.45
BSU01;LIMPIEZA;UTENSILIOS LIMPIEZA ;BOMBAS;LIM000045;PALO PARA TRAPEADOR USAR ;INVERSIONES DONCELLA S. DE R.L DE C.V;41;L1,119.61
BSU01;LIMPIEZA;UTENSILIOS LIMPIEZA ;BOMBAS;LIM000224;BOMBA ESPOLVOREADORA;AGROQUIMICOS Y VETERINARIOS SRL DE C.V.;1;L365.22
BSU01;LIMPIEZA;UTENSILIOS LIMPIEZA ;CANASTAS;LIM000232;CANASTA RECTANGULAR BLANCA -AMZ;AGENCIA LA MUNDIAL S.A DE C.V;1;L424.84
BSU01;LIMPIEZA;UTENSILIOS LIMPIEZA ;CANASTAS;LIM000407;CANASTA P/GANCHOS MUESTRA WALMART;OPERADORA DEL ORIENTE  S.A DE C.V;1;L117.39
BSU01;LIMPIEZA;UTENSILIOS LIMPIEZA ;CANASTAS;LIM000420;CANASTA RECTANGULAR FLEXIBLE MULTIUSO BLANCA PERFO;PAPER DEPOT S.A DE C.V;8;L2,376.00
BSU01;LIMPIEZA;UTENSILIOS LIMPIEZA ;CEPILLOS;LIM000034;CEPILLO P/LUSTRAR;SIN ESPESIFICAR;2;L15.64
BSU01;LIMPIEZA;UTENSILIOS LIMPIEZA ;CEPILLOS;LIM000319;P/D CEPILLOS SAKURA REGA;DROGUERIA Y TIENDA SAN MIGUEL S DE R.L;1;L0.00
BSU01;LIMPIEZA;UTENSILIOS LIMPIEZA ;CEPILLOS;LIM000389;CEPILLO BARREDOR;SIN ESPESIFICAR;1;L1.00
BSU01;LIMPIEZA;UTENSILIOS LIMPIEZA ;CEPILLOS;LIM000411;CEPILLO P/INODORO CHINA 2025;SIN ESPESIFICAR;1;L55.25
BSU01;LIMPIEZA;UTENSILIOS LIMPIEZA ;CEPILLOS;LIM000435;CEPILLO DE 18 CERDAS METALICAS;PISCINAS CLARA S DE RL DE CV;2;L1,440.00
BSU01;LIMPIEZA;UTENSILIOS LIMPIEZA ;CESPED;DEC000047;CESPED 2X25M PARA GOLF;SIN ESPESIFICAR;1;L85.06
BSU01;LIMPIEZA;UTENSILIOS LIMPIEZA ;CESPED;DEC000059;CESPED ART. 40X60CM CHINO FRANJAS ROSA (AB1345);SIN ESPESIFICAR;140;L7,356.91
BSU01;LIMPIEZA;UTENSILIOS LIMPIEZA ;CESPED;DEC000104;PLANTA ARTIFICIAL 1.2M CHINA 2024;SIN ESPESIFICAR;5;L278.46
BSU01;LIMPIEZA;UTENSILIOS LIMPIEZA ;CESPED;DEC000136;HELECHOS ARTIFICIALES CHINA 2025 36323-526-1;SUPERTIENDAS XTRA S.A.;1,940.00;L43,400.88
BSU01;LIMPIEZA;UTENSILIOS LIMPIEZA ;CESPED;DEC000146;PLANTA DECORATIVA DE PISO 2.0M CHINA 2024 ;SIN ESPESIFICAR;8;L7,543.16
BSU01;LIMPIEZA;UTENSILIOS LIMPIEZA ;CESPED;DEC000154;CESPED D/FLORES 60*40 CM CHINO 2024;SIN ESPESIFICAR;552;L32,401.71
BSU01;LIMPIEZA;UTENSILIOS LIMPIEZA ;CESPED;DEC000157;HELECHO CASA BELLA RAMA;SUPERTIENDAS XTRA S.A.;268;L13,749.48
BSU01;LIMPIEZA;UTENSILIOS LIMPIEZA ;CESPED;DEC000171;HELECHO CASA BELLA RAMA ;SUPERTIENDAS XTRA S.A.;99;L3,013.07
BSU01;LIMPIEZA;UTENSILIOS LIMPIEZA ;CESPED;DEC000189;ARBOL CHINO 2025 478-318-1;SIN ESPESIFICAR;1;L13,978.70
BSU01;LIMPIEZA;UTENSILIOS LIMPIEZA ;CESPED;DEC000191;FLORES ARTIFICIALES RAMOS 478-318-3;SIN ESPESIFICAR;2;L28,888.30
BSU01;LIMPIEZA;UTENSILIOS LIMPIEZA ;CESPED;DEC000192;PLANTA ARTIFICIAL ROSA BLANCA 0299-318-1 CHIN 2025;SIN ESPESIFICAR;8;L4,351.16
BSU01;LIMPIEZA;UTENSILIOS LIMPIEZA ;CESPED;DEC000204;ARBOL DECORATIVO -510CEREZO CHINA2026;SIN ESPESIFICAR;5;L13,984.36
BSU01;LIMPIEZA;UTENSILIOS LIMPIEZA ;CESPED;DEC000110;MUSGO CHINA 2024;SIN ESPESIFICAR;10;L1,279.52
BSU01;LIMPIEZA;UTENSILIOS LIMPIEZA ;CHEMICOL;LIM000048;PASTE P/LAVAR TRASTES;INVERSIONES DONCELLA S. DE R.L DE C.V;182;L310.31
BSU01;LIMPIEZA;UTENSILIOS LIMPIEZA ;CHEMICOL;LIM000250;BETUN CAFE (CHINOLA);SIN ESPESIFICAR;1;L12.50
BSU01;LIMPIEZA;UTENSILIOS LIMPIEZA ;DESENGRASANTE ;LIM000010;QUITA SARRO GALON;DORIS AZUCENA JIMENEZ IRAHETA;33;L2,640.00
BSU01;LIMPIEZA;UTENSILIOS LIMPIEZA ;DESENGRASANTE ;LIM000145;QUITA GRASA H4;ARNEL JOSUE NEPTALI ALVARADO SANTOS;10;L1,000.00
BSU01;LIMPIEZA;UTENSILIOS LIMPIEZA ;DESENGRASANTE ;LIM000338;GALONES DE ABRILLANTADOR VEHICULO;DORIS AZUCENA JIMENEZ IRAHETA;3;L360.00
BSU01;LIMPIEZA;UTENSILIOS LIMPIEZA ;DESINFECTANTES;LIM000006;DESINFECTANTE GALON USAR ;DESARROLLOS INDUSTRIALES MULTIPLES S DE RL DE CV;36;L4,320.00
BSU01;LIMPIEZA;UTENSILIOS LIMPIEZA ;DESINFECTANTES;LIM000011;GALON DE CLORO (QUIMICOS DYD) USAR ;DORIS AZUCENA JIMENEZ IRAHETA;56;L1,680.00
BSU01;LIMPIEZA;UTENSILIOS LIMPIEZA ;DESINFECTANTES;LIM000072;CERA LIQUIDA PARA BRILLO D PISOS;ARNEL JOSUE NEPTALI ALVARADO SANTOS;10;L800.00
BSU01;LIMPIEZA;UTENSILIOS LIMPIEZA ;DESINFECTANTES;LIM000088;AMBIENTAL MACDEL;DORIS AZUCENA JIMENEZ IRAHETA;9;L1,620.58
BSU01;LIMPIEZA;UTENSILIOS LIMPIEZA ;DESINFECTANTES;LIM000099;GALON DE JABON LIQUIDO P/MANO HOTEL ;ARNEL JOSUE NEPTALI ALVARADO SANTOS;10;L697.41
BSU01;LIMPIEZA;UTENSILIOS LIMPIEZA ;DESINFECTANTES;LIM000252;MASCARILLA DESECH KN95;AGENCIA LA MUNDIAL S.A DE C.V;1;L60.19
BSU01;LIMPIEZA;UTENSILIOS LIMPIEZA ;DESINFECTANTES;LIM000362;GALON CLORO 12% HIPOCLORITO H4;DORIS AZUCENA JIMENEZ IRAHETA;45;L1,350.00
BSU01;LIMPIEZA;UTENSILIOS LIMPIEZA ;DESINFECTANTES;LIM000406;CLARIT-PLUS EMP. 1 LITRO ;PISCINAS CLARA S DE RL DE CV;12;L2,640.00
BSU01;LIMPIEZA;UTENSILIOS LIMPIEZA ;DESINFECTANTES;LIM000426;PASTILLA PARA SANITARIO CAJA H4;ARNEL JOSUE NEPTALI ALVARADO SANTOS;11;L120.47
BSU01;LIMPIEZA;UTENSILIOS LIMPIEZA ;DESINFECTANTES;LIM000468;MEDIDOR DE PH Y CLORO EN GOTAS H4;INVERSIONES INDUMAQ S DE RL;5;L1,150.00
BSU01;LIMPIEZA;UTENSILIOS LIMPIEZA ;DETERGENTE ;LIM000063;DETERGENTE LB USAR;INVERSIONES DONCELLA S. DE R.L DE C.V;48;L3,069.74
BSU01;LIMPIEZA;UTENSILIOS LIMPIEZA ;DETERGENTE ;LIM000386;SUAVISANTE H4;DORIS AZUCENA JIMENEZ IRAHETA;45;L3,109.72
BSU01;LIMPIEZA;UTENSILIOS LIMPIEZA ;DETERGENTE ;LIM000430;DETERGENTE EN POLVO SACO H4;ARNEL JOSUE NEPTALI ALVARADO SANTOS;4;L2,240.00
BSU01;LIMPIEZA;UTENSILIOS LIMPIEZA ;DISPENSADORES ;LIM000204;TOALLERO T/ ARG STD ;AGENCIA LA MUNDIAL S.A DE C.V;1;L67.67
BSU01;LIMPIEZA;UTENSILIOS LIMPIEZA ;DISPENSADORES ;LIM000379;RECIPIENTES PARA HISÓPOS;SIN ESPESIFICAR;2;L2.00
BSU01;LIMPIEZA;UTENSILIOS LIMPIEZA ;DISPENSADORES ;LIM000391;SET DE DOS PIEZAS DE DISPENSADOR ;SIN ESPESIFICAR;14;L14.00
BSU01;LIMPIEZA;UTENSILIOS LIMPIEZA ;HIGIENE;HOG000211;TOALLA DE BAÑO SIN LOGO CHINA 2025 HOTEL H4;SIN ESPESIFICAR;15;L1,958.49
BSU01;LIMPIEZA;UTENSILIOS LIMPIEZA ;HIGIENE;HOG000212;TOALLA DE BAÑO CON LOGO CHINA 2025 HOTEL H4;SIN ESPESIFICAR;31;L4,418.90
BSU01;LIMPIEZA;UTENSILIOS LIMPIEZA ;HIGIENE;LIM000014;PORTA TOALLA DE BARRA;CARLOS ALBERTO URBINA VELASQUEZ/PROYECTO;22;L8,550.74
BSU01;LIMPIEZA;UTENSILIOS LIMPIEZA ;HIGIENE;LIM000020;CARRITO EXPRIMIDOR;SIN ESPESIFICAR;7;L8,874.74
BSU01;LIMPIEZA;UTENSILIOS LIMPIEZA ;HIGIENE;LIM000129;TOALLA INTERDOBLADA ADVANCED TORK PAQ ;REPRESENTACIONES E INVERSIONES DEL ATLANTICO ;19;L3,253.63
BSU01;LIMPIEZA;UTENSILIOS LIMPIEZA ;HIGIENE;LIM000298;DRON DE TRICLORO EN POLVO (50KG 110LBS);PISCINAS CLARA S DE RL DE CV;1;L3,400.00
BSU01;LIMPIEZA;UTENSILIOS LIMPIEZA ;HIGIENE;LIM000300;ASPIRADORA DE 8 RUEDAS NEGRA;PISCINAS CLARA S DE RL DE CV;2;L1,200.00
BSU01;LIMPIEZA;UTENSILIOS LIMPIEZA ;HIGIENE;LIM000340;ALFOMBRA P/GIMNASIO RUBBER MAT 2.0CM CHINA 2024;SIN ESPESIFICAR;340;L32,200.60
BSU01;LIMPIEZA;UTENSILIOS LIMPIEZA ;HIGIENE;LIM000378;BOLSAS DE HISOPOS;SIN ESPESIFICAR;59;L59.00
BSU01;LIMPIEZA;UTENSILIOS LIMPIEZA ;HIGIENE;LIM000383;TOALLA DE MANO;SIN ESPESIFICAR;25;L25.00
BSU01;LIMPIEZA;UTENSILIOS LIMPIEZA ;HIGIENE;LIM000400;P/D CAPRICE 750 ML;DROGUERIA Y TIENDA SAN MIGUEL S DE R.L;1;L0.00
BSU01;LIMPIEZA;UTENSILIOS LIMPIEZA ;HIGIENE;LIM000401;SHAMPOO CAJA H4;HUSH COSMETIC PRODUCTS S. DE R.L. DE C.V.;1;L198.25
BSU01;LIMPIEZA;UTENSILIOS LIMPIEZA ;HIGIENE;LIM000402;JABON DE TOCADOR ;HUSH COSMETIC PRODUCTS S. DE R.L. DE C.V.;4;L2,347.52
BSU01;LIMPIEZA;UTENSILIOS LIMPIEZA ;HIGIENE;LIM000448;PASCONES GRANDES DE FONDO AZUL HOTEL;PISCINAS CLARA S DE RL DE CV;3;L960.00
BSU01;LIMPIEZA;UTENSILIOS LIMPIEZA ;HIGIENE;LIM000462;CAPRICE 750 ML;DROGUERIA Y TIENDA SAN MIGUEL S DE R.L;2;L0.00
BSU01;LIMPIEZA;UTENSILIOS LIMPIEZA ;HIGIENE;LIM000471;P/D NIVEA ROL;DROGUERIA Y TIENDA SAN MIGUEL S DE R.L;2;L0.00
BSU01;LIMPIEZA;UTENSILIOS LIMPIEZA ;HIGIENE;LIM000476;P/D SHOULDER 250ML;DROGUERIA Y TIENDA SAN MIGUEL S DE R.L;1;L0.00
BSU01;LIMPIEZA;UTENSILIOS LIMPIEZA ;HIGIENE;LIM000493;P/D STICK XTREME UND;DROGUERIA Y TIENDA SAN MIGUEL S DE R.L;6;L0.00
BSU01;LIMPIEZA;UTENSILIOS LIMPIEZA ;HIGIENE;LIM000500;TAPETE ANTISALPICADURA P/URINARIO;DESARROLLOS INDUSTRIALES MULTIPLES S DE RL DE CV;1;L77.00
BSU01;LIMPIEZA;UTENSILIOS LIMPIEZA ;HIGIENE;LIM000496;GUANTE AMARILLO P/LIMPIEZA ;INVERSIONES DONCELLA S. DE R.L DE C.V;20;L400.00
BSU01;LIMPIEZA;UTENSILIOS LIMPIEZA ;HIGIENE;LIM000046;MECHA DE TRAPEADOR  USAR ;ARNEL JOSUE NEPTALI ALVARADO SANTOS;42;L1,429.17
BSU01;LIMPIEZA;UTENSILIOS LIMPIEZA ;JABON LIQUIDO;LIM000210;CERA LIQUIDA PREMIUM 16-OZ ABRO;AGENCIA LA MUNDIAL S.A DE C.V;1;L89.79
BSU01;LIMPIEZA;UTENSILIOS LIMPIEZA ;JABON LIQUIDO;LIM000269;JABON LIQUIDO PARA ROPA GALON H4;DORIS AZUCENA JIMENEZ IRAHETA;39;L3,120.00
BSU01;LIMPIEZA;UTENSILIOS LIMPIEZA ;JABON LIQUIDO;MEC002147;CREMA LIMPIADORA MANO-1GLN ABRO;AGENCIA LA MUNDIAL S.A DE C.V;1;L295.62
BSU01;LIMPIEZA;UTENSILIOS LIMPIEZA ;JABON P/TRASTE;LIM000499;JABON P/TRASTES AXION DISCO;ARNEL JOSUE NEPTALI ALVARADO SANTOS;2;L12.00
BSU01;LIMPIEZA;UTENSILIOS LIMPIEZA ;LIMPIADOR MADERA;LIM000097;VANISH GALON X 9 LITROS H4;ARNEL JOSUE NEPTALI ALVARADO SANTOS;10;L11,723.36
BSU01;LIMPIEZA;UTENSILIOS LIMPIEZA ;LIMPIADOR MADERA;LIM000392;ACEITE ROJO;SIN ESPESIFICAR;12;L12.00
BSU01;LIMPIEZA;UTENSILIOS LIMPIEZA ;LIMPIADOR MADERA;LIM000001;BOTE DE LIMPIADOR PARA MADERA SPRAY;ARNEL JOSUE NEPTALI ALVARADO SANTOS;47;L1,645.00
BSU01;LIMPIEZA;UTENSILIOS LIMPIEZA ;LIMPIADORES DE VIDRIO;CON003626;SQUEEGE BASE PLASRICA AMARILLA 45CM;REPRESENTACIONES E INVERSIONES DEL ATLANTICO ;2;L730.43
BSU01;LIMPIEZA;UTENSILIOS LIMPIEZA ;LIMPIADORES DE VIDRIO;LIM000181;LIMPIA VIDRIOS BOTE SPRY;INVERSIONES DONCELLA S. DE R.L DE C.V;4;L107.98
BSU01;LIMPIEZA;UTENSILIOS LIMPIEZA ;LIMPIADORES DE VIDRIO;LIM000196;TOALLA MULTIUSO;AGENCIA LA MUNDIAL S.A DE C.V;1;L14.48
BSU01;LIMPIEZA;UTENSILIOS LIMPIEZA ;LIMPIADORES DE VIDRIO;LIM000198;ESPONJA P/ LIMPIAR CARRO;AGENCIA LA MUNDIAL S.A DE C.V;1;L37.44
BSU01;LIMPIEZA;UTENSILIOS LIMPIEZA ;LIMPIADORES DE VIDRIO;LIM000494;JABON P/ LAVAR CRISTALES ;ARNEL JOSUE NEPTALI ALVARADO SANTOS;6;L480.00
BSU01;LIMPIEZA;UTENSILIOS LIMPIEZA ;LIMPIADORES DE VIDRIO;LIM000495;LIQUIDO P/ QUITAR GOTA ACIDA ;ARNEL JOSUE NEPTALI ALVARADO SANTOS;11;L1,760.00
BSU01;LIMPIEZA;UTENSILIOS LIMPIEZA ;MECHAS TRAPEADOR;LIM000348;"MOPA C/PALO 5""X24""";ARNEL JOSUE NEPTALI ALVARADO SANTOS;4;L1,400.00
BSU01;LIMPIEZA;UTENSILIOS LIMPIEZA ;MECHAS TRAPEADOR;LIM000473;REP P/MOPA MECHAS 5X24 DM;AGENCIA LA MUNDIAL S.A DE C.V;2;L325.32
BSU01;LIMPIEZA;UTENSILIOS LIMPIEZA ;PAPEL HIGIENICO;LIM000042;RECOGEDORES PLASTICOS USAR ;INVERSIONES DONCELLA S. DE R.L DE C.V;94;L2,235.06
BSU01;LIMPIEZA;UTENSILIOS LIMPIEZA ;PAPEL HIGIENICO;LIM000321;PAPEL SANITARIO 400MTS  CHINA 2025 ;SIN ESPESIFICAR;3;L97.00
BSU01;LIMPIEZA;UTENSILIOS LIMPIEZA ;PAPEL HIGIENICO;LIM000323;PAPEL SANITARIO CHINA 2025 PEQUEÑO 35395-604-2;SIN ESPESIFICAR;3,891.00;L374,915.87
BSU01;LIMPIEZA;UTENSILIOS LIMPIEZA ;PAPEL HIGIENICO;LIM000439;PAPEL TOALLA ULTRA MAX ROLLO 240 MTS;INVERSIONES DONCELLA S. DE R.L DE C.V;1;L360.00
BSU01;LIMPIEZA;UTENSILIOS LIMPIEZA ;PULIDORA PISOS Y ACCESORIOS;CON004175;GLASS GLN PARA PULIR VIDRIO TIENDAS USAR;REPRESENTACIONES E INVERSIONES DEL ATLANTICO ;8;L1,739.13
BSU01;LIMPIEZA;UTENSILIOS LIMPIEZA ;PULIDORA PISOS Y ACCESORIOS;LIM000171;LIMPIADOR H7 MULTIPROPOSITO Y DESENGRASANTE MANTTO;PAPER DEPOT S.A DE C.V;3;L582.00
BSU01;LIMPIEZA;UTENSILIOS LIMPIEZA ;PULIDORA PISOS Y ACCESORIOS;LIM000233;FELPA REDONDA BLANCA CHINA;SIN ESPESIFICAR;76;L8,501.27
BSU01;LIMPIEZA;UTENSILIOS LIMPIEZA ;PULIDORA PISOS Y ACCESORIOS;LIM000234;FELPA REDONDA ROJA CHINA;SIN ESPESIFICAR;69;L7,711.90
BSU01;LIMPIEZA;UTENSILIOS LIMPIEZA ;PULIDORA PISOS Y ACCESORIOS;LIM000235;FELPA REDONDA NEGRA CHINA;SIN ESPESIFICAR;21;L2,489.41
BSU01;LIMPIEZA;UTENSILIOS LIMPIEZA ;PULIDORA PISOS Y ACCESORIOS;LIM000236;FELPA CUADRADA ROJA CHINA;SIN ESPESIFICAR;30;L4,857.34
BSU01;LIMPIEZA;UTENSILIOS LIMPIEZA ;PULIDORA PISOS Y ACCESORIOS;LIM000237;FELPA CUADRADA BLANCA CHINA;SIN ESPESIFICAR;14;L2,266.76
BSU01;LIMPIEZA;UTENSILIOS LIMPIEZA ;PULIDORA PISOS Y ACCESORIOS;LIM000238;FELPA CUADRADA VERDE CHINA;SIN ESPESIFICAR;12;L2,072.46
BSU01;LIMPIEZA;UTENSILIOS LIMPIEZA ;PULIDORA PISOS Y ACCESORIOS;LIM000239;FELPA CUADRADA NEGRA CHINA;SIN ESPESIFICAR;14;L2,417.87
BSU01;LIMPIEZA;UTENSILIOS LIMPIEZA ;PULIDORA PISOS Y ACCESORIOS;LIM000281;SQUEEGE PLASTICO PULIR VIDRIOS 45CM TIENDA USAR;REPRESENTACIONES E INVERSIONES DEL ATLANTICO ;6;L1,001.19
BSU01;LIMPIEZA;UTENSILIOS LIMPIEZA ;PULIDORA PISOS Y ACCESORIOS;LIM000282;BASTON FIBRA VIDRIO 1.5M  P/VIDRIOS TIENDAS USAR ;REPRESENTACIONES E INVERSIONES DEL ATLANTICO ;6;L1,318.41
BSU01;LIMPIEZA;UTENSILIOS LIMPIEZA ;PULIDORA PISOS Y ACCESORIOS;LIM000293;DESENGRASANTE RS-77;DESARROLLOS INDUSTRIALES MULTIPLES S DE RL DE CV;2;L490.00
BSU01;LIMPIEZA;UTENSILIOS LIMPIEZA ;PULIDORA PISOS Y ACCESORIOS;LIM000453;MANERAL LIMPIA VIDRIO ;INVERSIONES DONCELLA S. DE R.L DE C.V;6;L480.00
BSU01;LIMPIEZA;UTENSILIOS LIMPIEZA ;TRAMPAS ROEDORES ;LIM000311;TRAMPA PARA RATON, PLASTICA 14X7.5X7CM;PAPER DEPOT S.A DE C.V;8;L536.00
BSU01;LIMPIEZA;UTENSILIOS LIMPIEZA ;USO EXTERIORES LIMPIEZAS;HOG000204;ALFOMBRA DE SALA RECTANGUGAL 1.6X2;SIN ESPESIFICAR;6;L7,857.02
BSU01;LIMPIEZA;UTENSILIOS LIMPIEZA ;USO EXTERIORES LIMPIEZAS;LIM000051;ESCOBILLA;SIN ESPESIFICAR;13;L325.00
BSU01;LIMPIEZA;UTENSILIOS LIMPIEZA ;USO EXTERIORES LIMPIEZAS;LIM000054;ESCOBA USAR ;ARNEL JOSUE NEPTALI ALVARADO SANTOS;64;L2,472.84
BSU01;LIMPIEZA;UTENSILIOS LIMPIEZA ;USO EXTERIORES LIMPIEZAS;LIM000147;ATOMIZADOR;ARNEL JOSUE NEPTALI ALVARADO SANTOS;3;L39.00
BSU01;LIMPIEZA;UTENSILIOS LIMPIEZA ;USO EXTERIORES LIMPIEZAS;LIM000227;JABONERA PLAS OVAL INTERDE TRANSP;AGENCIA LA MUNDIAL S.A DE C.V;7;L259.07
BSU01;LIMPIEZA;UTENSILIOS LIMPIEZA ;USO EXTERIORES LIMPIEZAS;LIM000313;CEPILLO D/ASEO CHINA 2024 35933-415-4;SIN ESPESIFICAR;5;L189.72
BSU01;LIMPIEZA;UTENSILIOS LIMPIEZA ;USO EXTERIORES LIMPIEZAS;LIM000370;FRANELA TOALLA H4;INVERSIONES DONCELLA S. DE R.L DE C.V;2;L31.41
BSU01;LIMPIEZA;UTENSILIOS LIMPIEZA ;USO EXTERIORES LIMPIEZAS;LIM000390;REPUESTO PARA PODADORA;SIN ESPESIFICAR;1;L1.00
BSU01;LIMPIEZA;UTENSILIOS LIMPIEZA ;USO EXTERIORES LIMPIEZAS;LIM000449;RASTRILLO DE METAL;ARNEL JOSUE NEPTALI ALVARADO SANTOS;1;L120.00
BSU01;LIMPIEZA;UTENSILIOS LIMPIEZA ;USO EXTERIORES LIMPIEZAS;LIM000487;ATOMIZADOR PLASTICO 1LT + ALCOHOL ISOPROPILICO;TECHNO OFFICE SUPPLIES S, DE R.L.;5;L850.00
BSU01;LIMPIEZA;UTENSILIOS LIMPIEZA ;USO EXTERIORES LIMPIEZAS;LIM000490;ESCOBILLA P/LIMPIAR TECHO C/PALO 9X104;AGENCIA LA MUNDIAL S.A DE C.V;3;L540.51
BSU01;LIMPIEZA;UTENSILIOS LIMPIEZA ;VENENO FUMIGACIONES;LIM000432;INSECTICIDA CYBOR 1 LITRO;ESENCIAS NATURALES S. DE R.L.;2;L2,800.00
BSU01;LIMPIEZA;UTENSILIOS LIMPIEZA ;VENENO FUMIGACIONES;LIM000479;ESPOLVOREADOR D/METAL ;ESENCIAS NATURALES S. DE R.L.;1;L853.04
BSU01;LIMPIEZA;UTENSILIOS LIMPIEZA ;VENENO FUMIGACIONES;LIM000480;ADVION COCKROACH JERINGA;ESENCIAS NATURALES S. DE R.L.;7;L3,430.00
BSU01;LIMPIEZA;UTENSILIOS LIMPIEZA ;VENENO FUMIGACIONES;LIM000483;POLVO BORICO BOTE;ESENCIAS NATURALES S. DE R.L.;1;L650.00
BSU01;LIMPIEZA;UTENSILIOS LIMPIEZA ;VENENO FUMIGACIONES;LIM000484;QUICKBAYT 3OZ;ESENCIAS NATURALES S. DE R.L.;4;L3,560.00
BSU01;LIMPIEZA;UTENSILIOS LIMPIEZA ;VENENO FUMIGACIONES;LIM000492;LIQUA TOX II;ESENCIAS NATURALES S. DE R.L.;12;L4,020.00
BSU01;LIMPIEZA;UTENSILIOS LIMPIEZA ;VENENO FUMIGACIONES;LIM000404;STORM VENENO P/RATA (1/4);TORNILLOS Y SERVICIOS MULTIPLES LACAST S.A DE C.V;1;L452.17
BSU01;LIMPIEZA;UTENSILIOS LIMPIEZA ;RIBAL;LIM000038;CEPILLO P/SANITARIO;DANILOS STORE SA;81;L2,499.80
BSU01;MECANICA;REPUESTOS Y ACCESORIOS;ACCESORIOS VEHICULOS;MEC000359;PASTILLAS DE FRENOS TRASEROS SG;SUPER REPUESTOS HONDURAS, S.A. DE C.V.;2;L1,802.66
BSU01;MECANICA;REPUESTOS Y ACCESORIOS;ACCESORIOS VEHICULOS;MEC000368;PASTILLAS DE FRENOS DELANTEROS;SUPER REPUESTOS HONDURAS, S.A. DE C.V.;1;L981.51
BSU01;MECANICA;REPUESTOS Y ACCESORIOS;ACCESORIOS VEHICULOS;MEC000382;LIMPIADOR DE CARBURADOR;AGENCIA LA MUNDIAL S.A DE C.V;24;L987.03
BSU01;MECANICA;REPUESTOS Y ACCESORIOS;ACCESORIOS VEHICULOS;MEC000462;BUJIA 1 CONTACTO ANARANJADA 12VOL(630);SIN ESPESIFICAR;11;L109.01
BSU01;MECANICA;REPUESTOS Y ACCESORIOS;ACCESORIOS VEHICULOS;MEC000533;TERMINAL BT-50 INTERNA FORD;SIN ESPESIFICAR;1;L799.10
BSU01;MECANICA;REPUESTOS Y ACCESORIOS;ACCESORIOS VEHICULOS;MEC000535;TERMINAL D/CREMALLERA HIACE;INAUTO DE HONDURAS , S. A. DE C.V.;3;L2,623.91
BSU01;MECANICA;REPUESTOS Y ACCESORIOS;ACCESORIOS VEHICULOS;MEC000566;PASTA 275 RED VERSACHEM;SIN ESPESIFICAR;1;L89.00
BSU01;MECANICA;REPUESTOS Y ACCESORIOS;ACCESORIOS VEHICULOS;MEC000575;TERMINAL DIRECCION EXT;SUPER REPUESTOS HONDURAS, S.A. DE C.V.;1;L626.61
BSU01;MECANICA;REPUESTOS Y ACCESORIOS;ACCESORIOS VEHICULOS;MEC001008;ADITIVO COMBUSTIBLE/DIESEL #3080PS  ;LUIS ENRIQUE MUNGUIA/PROYECTO;3;L451.62
BSU01;MECANICA;REPUESTOS Y ACCESORIOS;ACCESORIOS VEHICULOS;MEC001012;PROTECTOR BORNE BATE BP 8 ;SIN ESPESIFICAR;3;L230.98
BSU01;MECANICA;REPUESTOS Y ACCESORIOS;ACCESORIOS VEHICULOS;MEC001013;LAVADOR D/MOTOR MFL-32 ;SUPER REPUESTOS HONDURAS, S.A. DE C.V.;9;L2,445.03
BSU01;MECANICA;REPUESTOS Y ACCESORIOS;ACCESORIOS VEHICULOS;MEC001014;HALOGENO H4 P 43T;SIN ESPESIFICAR;1;L114.00
BSU01;MECANICA;REPUESTOS Y ACCESORIOS;ACCESORIOS VEHICULOS;MEC001015;ITV GASOLINA TT07468;RAMIRO CARDENAS/PROYECTOS;7;L268.96
BSU01;MECANICA;REPUESTOS Y ACCESORIOS;ACCESORIOS VEHICULOS;MEC001016;SELLADOR RAD TT07492;SIN ESPESIFICAR;8;L3,080.00
BSU01;MECANICA;REPUESTOS Y ACCESORIOS;ACCESORIOS VEHICULOS;MEC001017;FOCO DE 2 CONTACTOS 1157NA;SIN ESPESIFICAR;8;L342.40
BSU01;MECANICA;REPUESTOS Y ACCESORIOS;ACCESORIOS VEHICULOS;MEC001019;FOCO DE 2 CONTACTOS 2690;SIN ESPESIFICAR;1;L76.00
BSU01;MECANICA;REPUESTOS Y ACCESORIOS;ACCESORIOS VEHICULOS;MEC001083;CRUCETA TOYOTA HAICE;SIN ESPESIFICAR;4;L1,877.96
BSU01;MECANICA;REPUESTOS Y ACCESORIOS;ACCESORIOS VEHICULOS;MEC001097;KIT SOPORTE AMORTIG;SUPER REPUESTOS HONDURAS, S.A. DE C.V.;2;L1,246.96
BSU01;MECANICA;REPUESTOS Y ACCESORIOS;ACCESORIOS VEHICULOS;MEC001153;CONTAC CLEANER DE MECANICA;SUPER REPUESTOS HONDURAS, S.A. DE C.V.;7;L840.00
BSU01;MECANICA;REPUESTOS Y ACCESORIOS;ACCESORIOS VEHICULOS;MEC001240;FORRO P/TIMON ;LLANTICENTROS CEIBEÑOS S. DE R.L.;1;L528.00
BSU01;MECANICA;REPUESTOS Y ACCESORIOS;ACCESORIOS VEHICULOS;MEC001387;DESENGRASANTE MULTIUSO 1 GLN ABRO (AIRE);AGENCIA LA MUNDIAL S.A DE C.V;29;L4,696.65
BSU01;MECANICA;REPUESTOS Y ACCESORIOS;ACCESORIOS VEHICULOS;MEC001451;FILTRO DE ACEITE PARA BUSITOS SUPER REPUESTO;SUPER REPUESTOS HONDURAS, S.A. DE C.V.;1;L246.80
BSU01;MECANICA;REPUESTOS Y ACCESORIOS;ACCESORIOS VEHICULOS;MEC001594;"BUJIA; 24V-32CP ";EMILIO J. JAAR & CIA.;4;L26.00
BSU01;MECANICA;REPUESTOS Y ACCESORIOS;ACCESORIOS VEHICULOS;MEC002033;PASTILLAS FRENO DELANTERO CADILLAC;SUPER REPUESTOS HONDURAS, S.A. DE C.V.;1;L1,968.00
BSU01;MECANICA;REPUESTOS Y ACCESORIOS;ACCESORIOS VEHICULOS;MEC002036;PASTILLAS FRENO DELANTERO FORD BUSITO 30;INAUTO DE HONDURAS , S. A. DE C.V.;1;L772.47
BSU01;MECANICA;REPUESTOS Y ACCESORIOS;ACCESORIOS VEHICULOS;MEC002038;PASTILLAS FRENO TRASERO FORD BUSITO 30 ;INAUTO DE HONDURAS , S. A. DE C.V.;1;L531.43
BSU01;MECANICA;REPUESTOS Y ACCESORIOS;ACCESORIOS VEHICULOS;MEC002055;BALINERAS GENERACION II RUEDA DELANTERA NORTH;LLANTICENTROS CEIBEÑOS S. DE R.L.;2;L2,007.60
BSU01;MECANICA;REPUESTOS Y ACCESORIOS;ACCESORIOS VEHICULOS;MEC002095;BALERO DE COLLARIN;INAUTO DE HONDURAS , S. A. DE C.V.;1;L489.98
BSU01;MECANICA;REPUESTOS Y ACCESORIOS;ACCESORIOS VEHICULOS;MEC002140;PASTILLAS FRENO DELANTERO COROLLA;INAUTO DE HONDURAS , S. A. DE C.V.;2;L1,218.71
BSU01;MECANICA;REPUESTOS Y ACCESORIOS;ACCESORIOS VEHICULOS;MEC002141;ZAPATA DE FRENO TRASERO COROLLA;INAUTO DE HONDURAS , S. A. DE C.V.;1;L413.56
BSU01;MECANICA;REPUESTOS Y ACCESORIOS;ACCESORIOS VEHICULOS;MEC002142;PASTILLA FRENO DELANTERO HONDA CRV;INAUTO DE HONDURAS , S. A. DE C.V.;4;L2,657.58
BSU01;MECANICA;REPUESTOS Y ACCESORIOS;ACCESORIOS VEHICULOS;MEC002174;HALOGENA H4 12V 100/90W P43T RALLY BASE ESTRELLA;PARTES AUTOMOTRICES GEO, S.A. DE C.V.;12;L1,233.84
BSU01;MECANICA;REPUESTOS Y ACCESORIOS;ACCESORIOS VEHICULOS;MEC002175;HALOGENA H4 24V 75/70W P43T BASE ESTRELLA;PARTES AUTOMOTRICES GEO, S.A. DE C.V.;12;L1,246.56
BSU01;MECANICA;REPUESTOS Y ACCESORIOS;ACEITES;CON003923; ACEITE 15W40 1/4 MOBIL PARA USO GENERADORES;CEMCOL COMERCIAL S.A DE C.V;240;L25,736.19
BSU01;MECANICA;REPUESTOS Y ACCESORIOS;ACEITES;MEC000056;LATA DE GRASA MULTIUSOS 16 ONZ. TRUPER;ALEJANDRO NAPOLEON LARACH LARACH;1;L125.94
BSU01;MECANICA;REPUESTOS Y ACCESORIOS;ACEITES;MEC000060;LIMPIADOR DE RADIADOR;SUPER REPUESTOS HONDURAS, S.A. DE C.V.;7;L515.58
BSU01;MECANICA;REPUESTOS Y ACCESORIOS;ACEITES;MEC000062;1/4 ACEITE 10W30  76 SUPER;LUBRICANTES INTERNACIONALES DE HONDURAS S.A DE C.V;1;L91.13
BSU01;MECANICA;REPUESTOS Y ACCESORIOS;ACEITES;MEC000063;ACEITE 10W30 PARA GENERADOR SUPREME AZUL ;LUBRICANTES INTERNACIONALES DE HONDURAS S.A DE C.V;48;L6,038.46
BSU01;MECANICA;REPUESTOS Y ACCESORIOS;ACEITES;MEC000069;LIQUIDO ACEITE MOTOR 10W/30;SIN ESPESIFICAR;1;L96.10
BSU01;MECANICA;REPUESTOS Y ACCESORIOS;ACEITES;MEC000813;ACEITE 15W40 1/4 NUEVO    usar    ;CEMCOL COMERCIAL S.A DE C.V;64;L7,559.65
BSU01;MECANICA;REPUESTOS Y ACCESORIOS;ACEITES;MEC000963;ACEITE DE TRANSMICION CASTROL 80W90 1/4 ;SIN ESPESIFICAR;29;L2,384.96
BSU01;MECANICA;REPUESTOS Y ACCESORIOS;ACEITES;MEC001090;ACEITE 85W140 1/4;CEMCOL COMERCIAL S.A DE C.V;84;L9,927.28
BSU01;MECANICA;REPUESTOS Y ACCESORIOS;ACEITES;MEC001184;LIMPIADOR TERMINAL ;SUPER REPUESTOS HONDURAS, S.A. DE C.V.;5;L760.50
BSU01;MECANICA;REPUESTOS Y ACCESORIOS;ACEITES;MEC001269;CUARTO ACEITE 15W40;SIN ESPESIFICAR;2;L192.00
BSU01;MECANICA;REPUESTOS Y ACCESORIOS;ACEITES;MEC001273;MOTUL GRASA 200 CUBETA 2023;LA META REPUESTOS AUTOMOTRICES S. DE R.L. DE C.V.;1;L4,050.00
BSU01;MECANICA;REPUESTOS Y ACCESORIOS;ACEITES;MEC001303;ACEITE LUBRICANTE CHEVRON 1/4;FRANK AUTOPARTES S. DE R.L.;3;L417.39
BSU01;MECANICA;REPUESTOS Y ACCESORIOS;ACEITES;MEC001342;DELO 15W40 1/4 DIESEL (CHEVRON);REDMIL S. DE R.L.;3;L423.90
BSU01;MECANICA;REPUESTOS Y ACCESORIOS;ACEITES;MEC001651;COOLANT 50/50 DELVAC EXLIFE/GENERADOR;CEMCOL COMERCIAL S.A DE C.V;16;L1,200.00
BSU01;MECANICA;REPUESTOS Y ACCESORIOS;ACEITES;MEC001965;5W20 SN+ /GF5 FULL SINTETICO 5QT- 64192;PARTES AUTOMOTRICES GEO, S.A. DE C.V.;3;L1,826.10
BSU01;MECANICA;REPUESTOS Y ACCESORIOS;ACEITES;MEC001981;LIQUIDO TIMON HIDRAUL 1-QT AB PS;AGENCIA LA MUNDIAL S.A DE C.V;3;L252.96
BSU01;MECANICA;REPUESTOS Y ACCESORIOS;ACEITES;MEC001983;LIMPIADOR MOTOR LATA 15-OZ ABRO;AGENCIA LA MUNDIAL S.A DE C.V;3;L233.76
BSU01;MECANICA;REPUESTOS Y ACCESORIOS;ACEITES;MEC001993;ATF DEXRON MERCON 3 CUARTO 32OZ ;PARTES AUTOMOTRICES GEO, S.A. DE C.V.;8;L765.28
BSU01;MECANICA;REPUESTOS Y ACCESORIOS;ACEITES;MEC000811;ACEITE 10W30 SINTETICO                  ;SUPER REPUESTOS HONDURAS, S.A. DE C.V.;4;L3,603.52
BSU01;MECANICA;REPUESTOS Y ACCESORIOS;BANDAS MOTOR;MEC000332;BANDA DE ALTERNADOR.;CORPORACION FLORES S.A ;2;L1,356.38
BSU01;MECANICA;REPUESTOS Y ACCESORIOS;BANDAS MOTOR;MEC000337;FILTRO DE ACEITE FORD EXPLORER;DANILO GARCIA/PROYECTOS;1;L115.00
BSU01;MECANICA;REPUESTOS Y ACCESORIOS;BANDAS MOTOR;MEC000764;FAJA AUTOMOTRIZ P/HIDRAULICO HAICE      ;SIN ESPESIFICAR;2;L562.23
BSU01;MECANICA;REPUESTOS Y ACCESORIOS;BANDAS MOTOR;MEC000765;FAJA AUTOMOTRIZ P/ALTERNADOR HAICE   USAR;SIN ESPESIFICAR;1;L388.54
BSU01;MECANICA;REPUESTOS Y ACCESORIOS;BANDAS MOTOR;MEC000840;FAJA MICRO-V                            ;INAUTO DE HONDURAS , S. A. DE C.V.;3;L1,255.12
BSU01;MECANICA;REPUESTOS Y ACCESORIOS;BANDAS MOTOR;MEC001065;FAJA TOYOTA 15360B;SIN ESPESIFICAR;1;L177.42
BSU01;MECANICA;REPUESTOS Y ACCESORIOS;BANDAS MOTOR;MEC001067;FAJA TOYOTA 17430;SIN ESPESIFICAR;1;L144.40
BSU01;MECANICA;REPUESTOS Y ACCESORIOS;BANDAS MOTOR;MEC001468;BANDA A44;PARTES AUTOMOTRICES GEO, S.A. DE C.V.;3;L135.96
BSU01;MECANICA;REPUESTOS Y ACCESORIOS;BANDAS MOTOR;MEC001469;BANDA A34;PARTES AUTOMOTRICES GEO, S.A. DE C.V.;4;L139.92
BSU01;MECANICA;REPUESTOS Y ACCESORIOS;BANDAS MOTOR;MEC001495;BANDA A40;AUTOPARTES ULUA S DE RL;4;L192.95
BSU01;MECANICA;REPUESTOS Y ACCESORIOS;BANDAS MOTOR;MEC002131;BANDA ACANALADA EN V - CADILLAC ESCALADE;AMAZON (USA);4;L5,108.94
BSU01;MECANICA;REPUESTOS Y ACCESORIOS;CONOS REFLECTIVOS;CON004625;CONO CON CINTA REFLECTIVA CHINA 2024;SIN ESPESIFICAR;3;L195.34
BSU01;MECANICA;REPUESTOS Y ACCESORIOS;CONOS REFLECTIVOS;MEC000626;"CONO NARANJA 12"" S/COLLAR";AGENCIA LA MUNDIAL S.A DE C.V;1;L95.51
BSU01;MECANICA;REPUESTOS Y ACCESORIOS;CONOS REFLECTIVOS;USA000068;CONO NARANJA;SIN ESPESIFICAR;1;L95.51
BSU01;MECANICA;REPUESTOS Y ACCESORIOS;FILTROS;CON004058;FILTRO AIRE GENERADOR GENERAC;BOMBAS Y MOTORES DE HONDURAS S.A DE C.V.;6;L6,769.82
BSU01;MECANICA;REPUESTOS Y ACCESORIOS;FILTROS;CON004059;FILTRO DE ACEITE PARA GENERADOR GENERAC ;BOMBAS Y MOTORES DE HONDURAS S.A DE C.V.;8;L5,141.31
BSU01;MECANICA;REPUESTOS Y ACCESORIOS;FILTROS;CON006668;FILTRO DISEL F80033 P/ GENERADOR 18KW A 25KW;SYCOM S.A. DE C.V.;10;L3,043.50
BSU01;MECANICA;REPUESTOS Y ACCESORIOS;FILTROS;MEC000001;FILTRO DE DIESEL NIPON;SIN ESPESIFICAR;1;L277.60
BSU01;MECANICA;REPUESTOS Y ACCESORIOS;FILTROS;MEC000002;FILTRO DE ACEITE OBX;SIN ESPESIFICAR;1;L110.00
BSU01;MECANICA;REPUESTOS Y ACCESORIOS;FILTROS;MEC000004;FILTRO D/ACEITE N/FRONTIER  C-206L;SIN ESPESIFICAR;1;L146.01
BSU01;MECANICA;REPUESTOS Y ACCESORIOS;FILTROS;MEC000005;FILTRO DE COMBUSTIBLE PARA CAMION INTER;SIN ESPESIFICAR;2;L608.70
BSU01;MECANICA;REPUESTOS Y ACCESORIOS;FILTROS;MEC000009;FITRO DE AIRE (FORD RANGER) 2.2L NIPON;SIN ESPESIFICAR;1;L351.65
BSU01;MECANICA;REPUESTOS Y ACCESORIOS;FILTROS;MEC000010;FILTRO DE DIESEL FUJITOYO;SIN ESPESIFICAR;1;L139.96
BSU01;MECANICA;REPUESTOS Y ACCESORIOS;FILTROS;MEC000011;FILTRO DE COMBUSTIBLE;LLANTICENTROS CEIBEÑOS S. DE R.L.;5;L7,547.00
BSU01;MECANICA;REPUESTOS Y ACCESORIOS;FILTROS;MEC000013;BORNE DE BATERIA (PAR);ELECTRO CONTROLES S. DE R.L DE C.V;55;L5,110.34
BSU01;MECANICA;REPUESTOS Y ACCESORIOS;FILTROS;MEC000015;FILTRO DE COMBUSTIBLE   FC-158;SIN ESPESIFICAR;1;L190.00
BSU01;MECANICA;REPUESTOS Y ACCESORIOS;FILTROS;MEC000021;FILTRO DE AIRE IZUSU NPR;SIN ESPESIFICAR;5;L2,180.13
BSU01;MECANICA;REPUESTOS Y ACCESORIOS;FILTROS;MEC000027;FILTRO DE DIESEL DEL NPR USAR;SIN ESPESIFICAR;1;L111.71
BSU01;MECANICA;REPUESTOS Y ACCESORIOS;FILTROS;MEC000035;FILTRO DE DIESEL FTR SECUNDARIOCASA JAAR;SIN ESPESIFICAR;2;L600.00
BSU01;MECANICA;REPUESTOS Y ACCESORIOS;FILTROS;MEC000041;FILTRO DE ACEITE PARA CAMION NPR ;INAUTO DE HONDURAS , S. A. DE C.V.;4;L1,092.78
BSU01;MECANICA;REPUESTOS Y ACCESORIOS;FILTROS;MEC000047;FILTRO DE ACEITE 0826;CORPORACION FLORES S.A ;1;L189.26
BSU01;MECANICA;REPUESTOS Y ACCESORIOS;FILTROS;MEC000052;FILTRO DE ACEITE 1K2 BUSITO 11;SIN ESPESIFICAR;1;L121.39
BSU01;MECANICA;REPUESTOS Y ACCESORIOS;FILTROS;MEC000528;FILTRO DE ACEITE PH8A USAR;PARTES AUTOMOTRICES GEO, S.A. DE C.V.;8;L1,171.08
BSU01;MECANICA;REPUESTOS Y ACCESORIOS;FILTROS;MEC000861;FILTRO DE AIRE PEQUEÑO FTR              ;EMILIO J. JAAR & CIA.;2;L2,172.67
BSU01;MECANICA;REPUESTOS Y ACCESORIOS;FILTROS;MEC000881;FILTRO DE ACEITE HONDA CRV              ;INAUTO DE HONDURAS , S. A. DE C.V.;2;L124.39
BSU01;MECANICA;REPUESTOS Y ACCESORIOS;FILTROS;MEC000908;FILTRO P/AIRE HONDA CRV ;INAUTO DE HONDURAS , S. A. DE C.V.;6;L906.57
BSU01;MECANICA;REPUESTOS Y ACCESORIOS;FILTROS;MEC000969;FILTRO P/DIESEL BUSITO 11;SIN ESPESIFICAR;1;L188.93
BSU01;MECANICA;REPUESTOS Y ACCESORIOS;FILTROS;MEC000972;FILTRO P/AIRE BUSITOS;INAUTO DE HONDURAS , S. A. DE C.V.;1;L176.37
BSU01;MECANICA;REPUESTOS Y ACCESORIOS;FILTROS;MEC000977;FILTRO DE COMBUSTIBLE GENERADOR USAR;SUPER REPUESTOS HONDURAS, S.A. DE C.V.;8;L832.00
BSU01;MECANICA;REPUESTOS Y ACCESORIOS;FILTROS;MEC001050;FILTRO DE ACEITE PH2840;SIN ESPESIFICAR;1;L461.95
BSU01;MECANICA;REPUESTOS Y ACCESORIOS;FILTROS;MEC001057;FILTRO DE ACEITE PATROL;SUPER REPUESTOS HONDURAS, S.A. DE C.V.;1;L153.83
BSU01;MECANICA;REPUESTOS Y ACCESORIOS;FILTROS;MEC001085;FILTRO DE ACEITE 51515;LLANTICENTROS CEIBEÑOS S. DE R.L.;1;L152.90
BSU01;MECANICA;REPUESTOS Y ACCESORIOS;FILTROS;MEC001221;FILTRO DE ACEITE ALLAS;LLANTICENTROS CEIBEÑOS S. DE R.L.;1;L135.00
BSU01;MECANICA;REPUESTOS Y ACCESORIOS;FILTROS;MEC001292;FILTRO AIRE/DEPURADOR EXTERNO MOTOR FVR ;SERGIO RAMON SARMIENTO MURILLO;2;L4,173.91
BSU01;MECANICA;REPUESTOS Y ACCESORIOS;FILTROS;MEC001293;FILTRO AIRE/DEPURADOR INTERNO MOTOR FVR ;AUTO REPUESTOS BIGOTES S RL DE CV;2;L3,662.61
BSU01;MECANICA;REPUESTOS Y ACCESORIOS;FILTROS;MEC001316;FILTRO ENFRIAMIENTO;SIN ESPESIFICAR;1;L500.00
BSU01;MECANICA;REPUESTOS Y ACCESORIOS;FILTROS;MEC001359;FILTRO DE ACEITE GENERADOR 25KW;SYCOM S.A. DE C.V.;3;L1,043.49
BSU01;MECANICA;REPUESTOS Y ACCESORIOS;FILTROS;MEC001360;FILTRO DE DIESEL GENERADOR 25KW;SYCOM S.A. DE C.V.;1;L330.43
BSU01;MECANICA;REPUESTOS Y ACCESORIOS;FILTROS;MEC001361;FILTRO DIESEL GENERADOR 25KW;SYCOM S.A. DE C.V.;1;L300.00
BSU01;MECANICA;REPUESTOS Y ACCESORIOS;FILTROS;MEC001362;FILTRO DE AIRE GENERADOR 25KW;SYCOM S.A. DE C.V.;3;L1,695.66
BSU01;MECANICA;REPUESTOS Y ACCESORIOS;FILTROS;MEC001363;FILTRO DE ACEITE GENERADOR 18KW;SYCOM S.A. DE C.V.;2;L608.70
BSU01;MECANICA;REPUESTOS Y ACCESORIOS;FILTROS;MEC001364;FILTRO DE DIESEL GENERADOR 18KW;SYCOM S.A. DE C.V.;13;L3,900.00
BSU01;MECANICA;REPUESTOS Y ACCESORIOS;FILTROS;MEC001365;FILTRO DIESEL GENERADOR 18KW;SYCOM S.A. DE C.V.;8;L2,400.00
BSU01;MECANICA;REPUESTOS Y ACCESORIOS;FILTROS;MEC001366;FILTRO DE AIRE PARA GENERADOR 18KW;SYCOM S.A. DE C.V.;24;L10,800.00
BSU01;MECANICA;REPUESTOS Y ACCESORIOS;FILTROS;MEC001511;FILTRO P/DIESEL BUSITOS IMPRESSA;SUPER REPUESTOS HONDURAS, S.A. DE C.V.;5;L963.20
BSU01;MECANICA;REPUESTOS Y ACCESORIOS;FILTROS;MEC001539;FILTRO DE ACEITE L-200;INAUTO DE HONDURAS , S. A. DE C.V.;3;L365.52
BSU01;MECANICA;REPUESTOS Y ACCESORIOS;FILTROS;MEC001540;FILTRO P/AIRE L-200;INAUTO DE HONDURAS , S. A. DE C.V.;3;L366.04
BSU01;MECANICA;REPUESTOS Y ACCESORIOS;FILTROS;MEC001542;FILTRO DE ACEITE CAMION FVR C721K;SUPER REPUESTOS HONDURAS, S.A. DE C.V.;3;L1,922.78
BSU01;MECANICA;REPUESTOS Y ACCESORIOS;FILTROS;MEC001601;FILTRO DE ACEITE COROLLA;INAUTO DE HONDURAS , S. A. DE C.V.;1;L67.81
BSU01;MECANICA;REPUESTOS Y ACCESORIOS;FILTROS;MEC001602;FILTRO DE AIRE COROLLA;INAUTO DE HONDURAS , S. A. DE C.V.;2;L170.79
BSU01;MECANICA;REPUESTOS Y ACCESORIOS;FILTROS;MEC001801;FILTRO DE AIRE NPR CONICO;SERGIO RAMON SARMIENTO MURILLO;1;L900.00
BSU01;MECANICA;REPUESTOS Y ACCESORIOS;FILTROS;MEC001825;FILTRO DE DIESEL L-200;INAUTO DE HONDURAS , S. A. DE C.V.;3;L365.52
BSU01;MECANICA;REPUESTOS Y ACCESORIOS;FILTROS;MEC001826;FILTRO DE CABINA L-200;INAUTO DE HONDURAS , S. A. DE C.V.;9;L1,137.55
BSU01;MECANICA;REPUESTOS Y ACCESORIOS;FILTROS;MEC001874;FILTRO DE ACEITE FORD ;INAUTO DE HONDURAS , S. A. DE C.V.;1;L98.92
BSU01;MECANICA;REPUESTOS Y ACCESORIOS;FILTROS;MEC001990;FILTRO P/AIRE KIA K2700;INAUTO DE HONDURAS , S. A. DE C.V.;3;L650.95
BSU01;MECANICA;REPUESTOS Y ACCESORIOS;FILTROS;MEC001991;FILTRO CABINA KIA K2700;INAUTO DE HONDURAS , S. A. DE C.V.;3;L452.38
BSU01;MECANICA;REPUESTOS Y ACCESORIOS;FILTROS;MEC002013;FILTRO P/ACEITE BUSITO 21;INAUTO DE HONDURAS , S. A. DE C.V.;4;L285.40
BSU01;MECANICA;REPUESTOS Y ACCESORIOS;FILTROS;MEC002014;FILTRO P/AIRE BUSITO 21;INAUTO DE HONDURAS , S. A. DE C.V.;3;L512.62
BSU01;MECANICA;REPUESTOS Y ACCESORIOS;FILTROS;MEC002015;FILTRO P/CABINA BUSITO 21;INAUTO DE HONDURAS , S. A. DE C.V.;3;L476.02
BSU01;MECANICA;REPUESTOS Y ACCESORIOS;FILTROS;MEC002016;FILTRO P/DIESEL BUSITO 21;INAUTO DE HONDURAS , S. A. DE C.V.;2;L729.39
BSU01;MECANICA;REPUESTOS Y ACCESORIOS;FILTROS;MEC002017;FILTRO DE AIRE FORD TRANSIT;SUPER REPUESTOS HONDURAS, S.A. DE C.V.;1;L347.82
BSU01;MECANICA;REPUESTOS Y ACCESORIOS;FILTROS;MEC002052;FILTRO DIESEL SECUNDARIO NPR;REPUESTOS Y ACCESORIOS CARRASCO, S. DE R.L.;5;L564.28
BSU01;MECANICA;REPUESTOS Y ACCESORIOS;FILTROS;MEC002053;FILTRO DIESEL PRIMARIO NPR;REPUESTOS Y ACCESORIOS CARRASCO, S. DE R.L.;4;L754.29
BSU01;MECANICA;REPUESTOS Y ACCESORIOS;FILTROS;MEC002103;FILTRO P/ACEITE FORD TRANSIT;INAUTO DE HONDURAS , S. A. DE C.V.;1;L113.33
BSU01;MECANICA;REPUESTOS Y ACCESORIOS;REPUESTOS DE MOTOR;MEC000084;BUJES (GENERICOS TOYOTA HIACE);INAUTO DE HONDURAS , S. A. DE C.V.;20;L2,417.76
BSU01;MECANICA;REPUESTOS Y ACCESORIOS;REPUESTOS DE MOTOR;MEC000087;EMPAQUE BOMBA DE FRENOS (TOYOTA HIACE);MASTER BRAKE Y MAS ;1;L38.40
BSU01;MECANICA;REPUESTOS Y ACCESORIOS;REPUESTOS DE MOTOR;MEC000089;AMORTIGUADOR TRASERO (TOYOTA HIACE);SIN ESPESIFICAR;2;L1,981.56
BSU01;MECANICA;REPUESTOS Y ACCESORIOS;REPUESTOS DE MOTOR;MEC000093;BUJE CORTO DE TIJERA SUPERIOR;SIN ESPESIFICAR;5;L2,504.00
BSU01;MECANICA;REPUESTOS Y ACCESORIOS;REPUESTOS DE MOTOR;MEC000094;BUJE LARGO DE TIJERA P/HIACE;SIN ESPESIFICAR;3;L1,434.30
BSU01;MECANICA;REPUESTOS Y ACCESORIOS;REPUESTOS DE MOTOR;MEC000104;VENTILADORA PARA BUSITO TOYOTA HIACE.;SIN ESPESIFICAR;2;L8,718.06
BSU01;MECANICA;REPUESTOS Y ACCESORIOS;REPUESTOS DE MOTOR;MEC000105;ESFERICA P/TOYOTA HIACE;SIN ESPESIFICAR;4;L2,254.68
BSU01;MECANICA;REPUESTOS Y ACCESORIOS;REPUESTOS DE MOTOR;MEC000115;BOMBA DE FRENOS ;SUPER REPUESTOS HONDURAS, S.A. DE C.V.;2;L6,157.98
BSU01;MECANICA;REPUESTOS Y ACCESORIOS;REPUESTOS DE MOTOR;MEC000117;SELLO INT. RDA TRAS TOYOTA;SIN ESPESIFICAR;9;L1,239.75
BSU01;MECANICA;REPUESTOS Y ACCESORIOS;REPUESTOS DE MOTOR;MEC000122;TUERCAS MM2-125;ROBERTO PASTOR ORTIZ AVILA;2;L25.00
BSU01;MECANICA;REPUESTOS Y ACCESORIOS;REPUESTOS DE MOTOR;MEC000142;ESFERICA TOYOTA HIACE GENERICA;SIN ESPESIFICAR;2;L1,182.88
BSU01;MECANICA;REPUESTOS Y ACCESORIOS;REPUESTOS DE MOTOR;MEC000154;KIT DE EMPAQUES P/HIACE;SIN ESPESIFICAR;1;L3,915.00
BSU01;MECANICA;REPUESTOS Y ACCESORIOS;REPUESTOS DE MOTOR;MEC000177;PUNTAS DE DIRECCION ;SIN ESPESIFICAR;5;L1,975.00
BSU01;MECANICA;REPUESTOS Y ACCESORIOS;REPUESTOS DE MOTOR;MEC000178;RETENEDOR ISUZU;AUTO ELECTRICO PENIEL, S DE R.L DE C.V.;1;L427.72
BSU01;MECANICA;REPUESTOS Y ACCESORIOS;REPUESTOS DE MOTOR;MEC000185;KIT DE EMPAQUE DE FRENO P/HIACE;SIN ESPESIFICAR;1;L315.00
BSU01;MECANICA;REPUESTOS Y ACCESORIOS;REPUESTOS DE MOTOR;MEC000186;KIT DE PEINE;SIN ESPESIFICAR;1;L2,150.00
BSU01;MECANICA;REPUESTOS Y ACCESORIOS;REPUESTOS DE MOTOR;MEC000188;RETENEDOR P/SIGUAÑAL P/HIACE;SIN ESPESIFICAR;3;L300.00
BSU01;MECANICA;REPUESTOS Y ACCESORIOS;REPUESTOS DE MOTOR;MEC000192;TUERCA PARA RUEDA BRONCE 1.5;SIN ESPESIFICAR;1;L30.00
BSU01;MECANICA;REPUESTOS Y ACCESORIOS;REPUESTOS DE MOTOR;MEC000201;BALINERA DE DIFERENCIAL;SIN ESPESIFICAR;1;L655.00
BSU01;MECANICA;REPUESTOS Y ACCESORIOS;REPUESTOS DE MOTOR;MEC000203;KIT DE CHOUTCH;SIN ESPESIFICAR;1;L519.60
BSU01;MECANICA;REPUESTOS Y ACCESORIOS;REPUESTOS DE MOTOR;MEC000230;BARRA ESTABILIZADORA  HIACE   555;LLANTICENTROS CEIBEÑOS S. DE R.L.;1;L367.83
BSU01;MECANICA;REPUESTOS Y ACCESORIOS;REPUESTOS DE MOTOR;MEC000254;FILTRO DE ACEITE CH9972;SUPER REPUESTOS HONDURAS, S.A. DE C.V.;1;L242.30
BSU01;MECANICA;REPUESTOS Y ACCESORIOS;REPUESTOS DE MOTOR;MEC000291;VALVULA 5L;SIN ESPESIFICAR;1;L202.18
BSU01;MECANICA;REPUESTOS Y ACCESORIOS;REPUESTOS DE MOTOR;MEC000527;ROTOR DE FRENOS ;SUPER REPUESTOS HONDURAS, S.A. DE C.V.;4;L7,153.33
BSU01;MECANICA;REPUESTOS Y ACCESORIOS;REPUESTOS DE MOTOR;MEC000536;TIJERA SUPERIOR RH TOYOTA HIACE;LLANTICENTROS CEIBEÑOS S. DE R.L.;2;L3,067.40
BSU01;MECANICA;REPUESTOS Y ACCESORIOS;REPUESTOS DE MOTOR;MEC000548;SOPORTE DE CAJA P/HAICE;SIN ESPESIFICAR;6;L4,476.48
BSU01;MECANICA;REPUESTOS Y ACCESORIOS;REPUESTOS DE MOTOR;MEC000588;BALERO DE COLLARIN MAZDA BT50;SIN ESPESIFICAR;2;L1,527.68
BSU01;MECANICA;REPUESTOS Y ACCESORIOS;REPUESTOS DE MOTOR;MEC000630;BUJIA INCANDESCENTE;INAUTO DE HONDURAS , S. A. DE C.V.;6;L2,198.30
BSU01;MECANICA;REPUESTOS Y ACCESORIOS;REPUESTOS DE MOTOR;MEC000642;BOMBA DE FRENO H100;SUPER REPUESTOS HONDURAS, S.A. DE C.V.;1;L423.09
BSU01;MECANICA;REPUESTOS Y ACCESORIOS;REPUESTOS DE MOTOR;MEC000643;ESFERA SUPERIOR MAZDA BT50;SUPER REPUESTOS HONDURAS, S.A. DE C.V.;5;L4,254.58
BSU01;MECANICA;REPUESTOS Y ACCESORIOS;REPUESTOS DE MOTOR;MEC000653;LIQUIDO REFRIGERANTE COOLANT;SIN ESPESIFICAR;2;L139.14
BSU01;MECANICA;REPUESTOS Y ACCESORIOS;REPUESTOS DE MOTOR;MEC000676;VENTILADOR CARRO 18 12V ASPA PLASTICA;SUPER REPUESTOS HONDURAS, S.A. DE C.V.;1;L701.96
BSU01;MECANICA;REPUESTOS Y ACCESORIOS;REPUESTOS DE MOTOR;MEC000680;FILTRO D/AGUA 60X250MM CULL;SIN ESPESIFICAR;1;L167.00
BSU01;MECANICA;REPUESTOS Y ACCESORIOS;REPUESTOS DE MOTOR;MEC000686;BOMBA AUXILIAR CLUTCH 0315;DISTRIBUIDORA MILENIUM 2000 S.A.;4;L2,869.60
BSU01;MECANICA;REPUESTOS Y ACCESORIOS;REPUESTOS DE MOTOR;MEC000687;BOMBA CENTRAL CLUTCH;SUPER REPUESTOS HONDURAS, S.A. DE C.V.;3;L5,067.25
BSU01;MECANICA;REPUESTOS Y ACCESORIOS;REPUESTOS DE MOTOR;MEC000693;BALERO PILOTO;INAUTO DE HONDURAS , S. A. DE C.V.;2;L220.11
BSU01;MECANICA;REPUESTOS Y ACCESORIOS;REPUESTOS DE MOTOR;MEC000734;TIJERA INFERIOR IZ                  ;SUPER REPUESTOS HONDURAS, S.A. DE C.V.;3;L3,085.71
BSU01;MECANICA;REPUESTOS Y ACCESORIOS;REPUESTOS DE MOTOR;MEC000735;TIJERA INFERIOR DER                ;SUPER REPUESTOS HONDURAS, S.A. DE C.V.;3;L3,011.04
BSU01;MECANICA;REPUESTOS Y ACCESORIOS;REPUESTOS DE MOTOR;MEC000738;AMORTIGUADOR DEL GAS R/L                ;INAUTO DE HONDURAS , S. A. DE C.V.;2;L1,107.52
BSU01;MECANICA;REPUESTOS Y ACCESORIOS;REPUESTOS DE MOTOR;MEC000740;ESFERA INFERIOR BALL JOINT    ;SIN ESPESIFICAR;1;L624.83
BSU01;MECANICA;REPUESTOS Y ACCESORIOS;REPUESTOS DE MOTOR;MEC000743;TERMINAL BARRA ESTABILIZADORA HAICE     ;SUPER REPUESTOS HONDURAS, S.A. DE C.V.;14;L9,430.68
BSU01;MECANICA;REPUESTOS Y ACCESORIOS;REPUESTOS DE MOTOR;MEC000745;TERMINAL DIRECC EXT HAICE               ;SIN ESPESIFICAR;1;L422.11
BSU01;MECANICA;REPUESTOS Y ACCESORIOS;REPUESTOS DE MOTOR;MEC000761;BOMBA CENTRAL FRENO                     ;INAUTO DE HONDURAS , S. A. DE C.V.;1;L3,159.78
BSU01;MECANICA;REPUESTOS Y ACCESORIOS;REPUESTOS DE MOTOR;MEC000766;BAMBA P/AGUA H100                       ;SIN ESPESIFICAR;2;L3,095.52
BSU01;MECANICA;REPUESTOS Y ACCESORIOS;REPUESTOS DE MOTOR;MEC000789;PRENSA CLUTCH 236MM                     ;INAUTO DE HONDURAS , S. A. DE C.V.;1;L2,988.62
BSU01;MECANICA;REPUESTOS Y ACCESORIOS;REPUESTOS DE MOTOR;MEC000790;DISCO CLUTCH 236MM                      ;INAUTO DE HONDURAS , S. A. DE C.V.;1;L2,082.60
BSU01;MECANICA;REPUESTOS Y ACCESORIOS;REPUESTOS DE MOTOR;MEC000798;TERMINAL BARRA ESTABILIZADORA           ;INAUTO DE HONDURAS , S. A. DE C.V.;2;L831.63
BSU01;MECANICA;REPUESTOS Y ACCESORIOS;REPUESTOS DE MOTOR;MEC000839;AMORTIGUADOR TRSERO              ;SUPER REPUESTOS HONDURAS, S.A. DE C.V.;3;L4,119.43
BSU01;MECANICA;REPUESTOS Y ACCESORIOS;REPUESTOS DE MOTOR;MEC000956;BUSHING H/RESOR 2PCS FORG RANGER;SIN ESPESIFICAR;1;L212.10
BSU01;MECANICA;REPUESTOS Y ACCESORIOS;REPUESTOS DE MOTOR;MEC000959;SELLO VALVULA MAZDA BT50;AUTOREPUESTOS S.A DE C.V;1;L21.74
BSU01;MECANICA;REPUESTOS Y ACCESORIOS;REPUESTOS DE MOTOR;MEC001001;ESFERA SUPERIOR H100;SIN ESPESIFICAR;3;L3,583.20
BSU01;MECANICA;REPUESTOS Y ACCESORIOS;REPUESTOS DE MOTOR;MEC001002;ESFERA INFERIOR H100;SIN ESPESIFICAR;1;L1,014.20
BSU01;MECANICA;REPUESTOS Y ACCESORIOS;REPUESTOS DE MOTOR;MEC001047;PUNTA DE DIRECCION DERECHA/HONDA CRV;SIN ESPESIFICAR;2;L1,703.14
BSU01;MECANICA;REPUESTOS Y ACCESORIOS;REPUESTOS DE MOTOR;MEC001048;PUNTA DE DIRECCION IZQUIERDA/HONDA CRV;SIN ESPESIFICAR;1;L851.57
BSU01;MECANICA;REPUESTOS Y ACCESORIOS;REPUESTOS DE MOTOR;MEC001049;CREMALLERA DE DIRECCION P/HONDA CRV;SIN ESPESIFICAR;2;L1,094.44
BSU01;MECANICA;REPUESTOS Y ACCESORIOS;REPUESTOS DE MOTOR;MEC001094;FAJA DE DISTRIBUCION 0158-22031;SUPER REPUESTOS HONDURAS, S.A. DE C.V.;6;L2,252.76
BSU01;MECANICA;REPUESTOS Y ACCESORIOS;REPUESTOS DE MOTOR;MEC001098;TERMINAL CREMALLERA;LLANTICENTROS CEIBEÑOS S. DE R.L.;1;L683.33
BSU01;MECANICA;REPUESTOS Y ACCESORIOS;REPUESTOS DE MOTOR;MEC001111;ESFERA INFERIOR BUSITO;SUPER REPUESTOS HONDURAS, S.A. DE C.V.;8;L12,372.80
BSU01;MECANICA;REPUESTOS Y ACCESORIOS;REPUESTOS DE MOTOR;MEC001115;HULE BARRA TENSORA;SUPER REPUESTOS HONDURAS, S.A. DE C.V.;1;L104.79
BSU01;MECANICA;REPUESTOS Y ACCESORIOS;REPUESTOS DE MOTOR;MEC001144;PASTILLAS DE FRENO TRAS. LEXUS;SUPER REPUESTOS HONDURAS, S.A. DE C.V.;2;L2,160.14
BSU01;MECANICA;REPUESTOS Y ACCESORIOS;REPUESTOS DE MOTOR;MEC001154;PROTECTOR TERMINAL BTP6ES;SUPER REPUESTOS HONDURAS, S.A. DE C.V.;3;L494.76
BSU01;MECANICA;REPUESTOS Y ACCESORIOS;REPUESTOS DE MOTOR;MEC001158;MIRROR ADHESIVE ;SUPER REPUESTOS HONDURAS, S.A. DE C.V.;11;L559.46
BSU01;MECANICA;REPUESTOS Y ACCESORIOS;REPUESTOS DE MOTOR;MEC001160;SUPRESOR DE HUMO ;SUPER REPUESTOS HONDURAS, S.A. DE C.V.;5;L2,616.45
BSU01;MECANICA;REPUESTOS Y ACCESORIOS;REPUESTOS DE MOTOR;MEC001161;POLVO DE BRONCE ;SUPER REPUESTOS HONDURAS, S.A. DE C.V.;9;L178.74
BSU01;MECANICA;REPUESTOS Y ACCESORIOS;REPUESTOS DE MOTOR;MEC001163;BOMBA LATERAL ;SUPER REPUESTOS HONDURAS, S.A. DE C.V.;2;L2,367.38
BSU01;MECANICA;REPUESTOS Y ACCESORIOS;REPUESTOS DE MOTOR;MEC001200;BUJES 1/2 BARRA ESTABILIZADORA ;LLANTICENTROS CEIBEÑOS S. DE R.L.;2;L154.00
BSU01;MECANICA;REPUESTOS Y ACCESORIOS;REPUESTOS DE MOTOR;MEC001201;BOMBA MAESTRA DE CLUTCH 0402;LLANTICENTROS CEIBEÑOS S. DE R.L.;1;L947.00
BSU01;MECANICA;REPUESTOS Y ACCESORIOS;REPUESTOS DE MOTOR;MEC001202;BOMBA AUXILIAR DE CLUTCH 0405;SUPER REPUESTOS HONDURAS, S.A. DE C.V.;2;L1,301.95
BSU01;MECANICA;REPUESTOS Y ACCESORIOS;REPUESTOS DE MOTOR;MEC001223;POLVERA INFERIOR;MASTER BRAKE Y MAS ;1;L153.43
BSU01;MECANICA;REPUESTOS Y ACCESORIOS;REPUESTOS DE MOTOR;MEC001319;TIJERA SUPERIOR H100 L;SIN ESPESIFICAR;2;L3,000.00
BSU01;MECANICA;REPUESTOS Y ACCESORIOS;REPUESTOS DE MOTOR;MEC001320;TIJERA MAZDA L;SIN ESPESIFICAR;2;L3,400.00
BSU01;MECANICA;REPUESTOS Y ACCESORIOS;REPUESTOS DE MOTOR;MEC001323;FRICCIONES DELANTERAS WAGNER MITSUBISHI L200;LLANTICENTROS CEIBEÑOS S. DE R.L.;2;L2,027.20
BSU01;MECANICA;REPUESTOS Y ACCESORIOS;REPUESTOS DE MOTOR;MEC001379;FRICCIONES DELANTERA HONDA CRV;LLANTICENTROS CEIBEÑOS S. DE R.L.;2;L2,365.75
BSU01;MECANICA;REPUESTOS Y ACCESORIOS;REPUESTOS DE MOTOR;MEC001380;FRICCIONES TRASERAS HONDA CRV;LLANTICENTROS CEIBEÑOS S. DE R.L.;1;L719.60
BSU01;MECANICA;REPUESTOS Y ACCESORIOS;REPUESTOS DE MOTOR;MEC001474;GALON DE ALMOROL DE TABLERO VEHICULOS ;DORIS AZUCENA JIMENEZ IRAHETA;1;L130.00
BSU01;MECANICA;REPUESTOS Y ACCESORIOS;REPUESTOS DE MOTOR;MEC001478;FRCCIONES DELANTERAS  TOYOTA PRADO ;CORPORACION FLORES S.A ;2;L8,184.50
BSU01;MECANICA;REPUESTOS Y ACCESORIOS;REPUESTOS DE MOTOR;MEC001479;FRICCIONES TRASERAS TOYOTA PRADO ;CORPORACION FLORES S.A ;1;L2,860.00
BSU01;MECANICA;REPUESTOS Y ACCESORIOS;REPUESTOS DE MOTOR;MEC001574;FRICCIONES DELANTERAS BUSITOS ;SUPER REPUESTOS HONDURAS, S.A. DE C.V.;3;L4,259.20
BSU01;MECANICA;REPUESTOS Y ACCESORIOS;REPUESTOS DE MOTOR;MEC001840;TIJERA SUPERIOR LH HIACE NAKAMOTO;LLANTICENTROS CEIBEÑOS S. DE R.L.;2;L3,225.60
BSU01;MECANICA;REPUESTOS Y ACCESORIOS;REPUESTOS DE MOTOR;MEC001887;DISCO D/FRENO TRASERO CADILLAC ESCALADE;TRANSIT INC;2;L2,621.83
BSU01;MECANICA;REPUESTOS Y ACCESORIOS;REPUESTOS DE MOTOR;MEC001888;DISCO D/FRENO DELANTERO CADILLAC ESCALADE;TRANSIT INC;2;L2,621.82
BSU01;MECANICA;REPUESTOS Y ACCESORIOS;REPUESTOS DE MOTOR;MEC001914;BANDA DE TIEMPO BUSITOS;SUPER REPUESTOS HONDURAS, S.A. DE C.V.;1;L498.92
BSU01;MECANICA;REPUESTOS Y ACCESORIOS;REPUESTOS DE MOTOR;MEC001955;ROTOR FRENO TRASERO BUSITO;CARIBBEAN AUTO PARTS S DE RL DE CV;2;L2,800.00
BSU01;MECANICA;REPUESTOS Y ACCESORIOS;REPUESTOS DE MOTOR;MEC001956;JUEGO FRICCIONES TRASERAS BUSITOS ;SUPER REPUESTOS HONDURAS, S.A. DE C.V.;3;L2,988.58
BSU01;MECANICA;REPUESTOS Y ACCESORIOS;REPUESTOS DE MOTOR;MEC002006; JUEGO FRICCIONES FRONTALES BUSITO 29;CARIBBEAN AUTO PARTS S DE RL DE CV;1;L1,200.00
BSU01;MECANICA;REPUESTOS Y ACCESORIOS;REPUESTOS DE MOTOR;MEC002031;TERMINAL DE DIRECCION BUSITOS;INAUTO DE HONDURAS , S. A. DE C.V.;8;L3,506.11
BSU01;MECANICA;REPUESTOS Y ACCESORIOS;REPUESTOS DE MOTOR;MEC002032;TERMINAL DE CREMALLERA BUSITOS;LLANTICENTROS CEIBEÑOS S. DE R.L.;2;L1,292.20
BSU01;MECANICA;REPUESTOS Y ACCESORIOS;REPUESTOS DE MOTOR;MEC002101;FRICCION DELANTERAS LEXUS ;CORPORACION FLORES S.A ;1;L5,164.00
BSU01;MECANICA;REPUESTOS Y ACCESORIOS;REPUESTOS DE MOTOR;MEC002150;FILTRO P/AIRE CRV GRIS;INAUTO DE HONDURAS , S. A. DE C.V.;1;L188.97
BSU01;MECANICA;REPUESTOS Y ACCESORIOS;REPUESTOS DE MOTOR;MEC002172;SOPORTE TRASERO SUSP FVR;GRUPO MONTOYA S. DE R.L;1;L5,500.00
BSU01;MECANICA;REPUESTOS Y ACCESORIOS;REPUESTOS DE MOTOR;MEC001890;JUEGO D/FRICCIONES TRASERAS CADILLAC ESCALADE;SUPER REPUESTOS HONDURAS, S.A. DE C.V.;2;L3,960.48
BSU01;MECANICA;REPUESTOS Y ACCESORIOS;REPUESTOS DE MOTOR;MEC001889;JUEGO D/FRICCIONES DELANTERAS CADILLAC ESCALADE;SUPER REPUESTOS HONDURAS, S.A. DE C.V.;2;L3,686.13
BSU01;MECANICA;REPUESTOS Y ACCESORIOS;SHAMPOOS;MEC000990;LIMPIADOR PARABRISAS;SIN ESPESIFICAR;1;L130.90
BSU01;MECANICA;REPUESTOS Y ACCESORIOS;TORNILLERIA VEHICULOS;MEC001623;TORNILLO DE 1 PULGADA GALV CONNY;CASA DEL TORNILLO;6;L45.00
BSU01;MECANICA;REPUESTOS Y ACCESORIOS;TORNILLERIA VEHICULOS;MEC001992;PASTILLA FRENO DELANTERO KIA K2700;INAUTO DE HONDURAS , S. A. DE C.V.;3;L2,287.29
BSU01;MECANICA;REPUESTOS Y ACCESORIOS;TORNILLERIA VEHICULOS;MEC002187;PERNO M20;CASA DEL TORNILLO;1;L100.00
BSU01;MECANICA;REPUESTOS Y ACCESORIOS;BATERIAS VEHICULOS;MEC001636;BATERIA 90A LTH L-35-575 12V;AGENCIA LA MUNDIAL S.A DE C.V;2;L7,078.80
BSU01;MECANICA;REPUESTOS Y ACCESORIOS;BATERIAS VEHICULOS;MEC001598;BATERIA DE 120 AMP ;CORPORACION FLORES S.A ;1;L2,955.75
BSU01;MECANICA;REPUESTOS Y ACCESORIOS;BATERIAS VEHICULOS;MEC000922;BATERIA H-24R 600 ;COMERCIAL MARCELA ERICK Y GABRIELA S DE R.L. DE CV;2;L8,514.78
BSU01;SEGURIDAD;EQUIPO DE SEGURIDAD;ACCESORIOS P/ARMAS;SEG000049;DETECTOR METAL CHINA 2024;SIN ESPESIFICAR;20;L2,193.13
BSU01;SEGURIDAD;IMPLEMENTOS DE SEGURIDAD;ACCESORIOS DE SEGURIDAD;SEG000058;RADIO USADO ;SIN ESPESIFICAR;7;L523.88
BSU01;SEGURIDAD;IMPLEMENTOS DE SEGURIDAD;RADIOS;ELE001102;WALKIE-TALKIE BAOFENG CHINA 2024;SIN ESPESIFICAR;124;L57,961.82
BSU01;SEGURIDAD;IMPLEMENTOS DE SEGURIDAD;RADIOS;SEG000044;RADIO C/AURICULAR USB UND CHINO;SIN ESPESIFICAR;84;L12,572.91
BSU01;SEGURIDAD;IMPLEMENTOS DE SEGURIDAD;RADIOS;SEG000045;BATERIA P/RADIO CHINO;SIN ESPESIFICAR;93;L2,268.64
BSU01;SEGURIDAD;IMPLEMENTOS DE SEGURIDAD;RADIOS;SEG000047;WALKIE TALKIE USB110V CHINO 2024;SIN ESPESIFICAR;54;L27,303.75
BSU01;SISTEMA ELECTRICO;ACCESORIOS ELECTRICOS;BOMBILLOS AHORRATIVOS;DEC000179;BOMBILLO LED 4W FILAMENTO CLARO ;LED STORE S.A DE C.V;25;L1,097.14
BSU01;SISTEMA ELECTRICO;ACCESORIOS ELECTRICOS;BOMBILLOS AHORRATIVOS;SEL001023;LAMPARA P`/RIEL CILINDRICA BLANCO;CESAR DANILO GARCIA BARAHONA;3;L1,630.32
BSU01;SISTEMA ELECTRICO;ACCESORIOS ELECTRICOS;BOMBILLOS AHORRATIVOS;SEL001025;RIEL P/LAMPARA 2M;ELECTRO REPUESTOS S. DE R.L.;160;L6,632.19
BSU01;SISTEMA ELECTRICO;ACCESORIOS ELECTRICOS;BOMBILLOS AHORRATIVOS;SEL001035;RIEL P/LAMPARA 1M;ELECTRO REPUESTOS S. DE R.L.;123;L2,601.15
BSU01;SISTEMA ELECTRICO;ACCESORIOS ELECTRICOS;BOMBILLOS AHORRATIVOS;SEL001225;REFLECTOR PAR20 LED 6W DIMEAB;CIA MERCANTIL LA CASA BLANCA SRL CV;8;L1,280.00
BSU01;SISTEMA ELECTRICO;ACCESORIOS ELECTRICOS;BOMBILLOS AHORRATIVOS;SEL001230;RIEL P/LAMPARA BLANCO 1.5 METROS;ELECTRICIDAD Y CONEXIONES S DE RL DE CV;17;L4,895.81
BSU01;SISTEMA ELECTRICO;ACCESORIOS ELECTRICOS;BOMBILLOS AHORRATIVOS;SEL001512;BOMBILLO LED 15W;AGENCIA LA MUNDIAL S.A DE C.V;10;L373.90
BSU01;SISTEMA ELECTRICO;ACCESORIOS ELECTRICOS;BOMBILLOS AHORRATIVOS;SEL001819;BOMBILLO LED 5W 6400K ANGEL LIGHT;ALMACEN UNIVERSAL S DE RL DE CV;24;L665.04
BSU01;SISTEMA ELECTRICO;ACCESORIOS ELECTRICOS;BOMBILLOS AHORRATIVOS;SEL001820;BOMBILLO LED VINTAGE 4W ;ALMACEN UNIVERSAL S DE RL DE CV;5;L216.27
BSU01;SISTEMA ELECTRICO;ACCESORIOS ELECTRICOS;BOMBILLOS AHORRATIVOS;SEL001831;LUCES / LINEA  13954-1108-2 CHINA2026;SIN ESPESIFICAR;125;L19,708.79
BSU01;SISTEMA ELECTRICO;ACCESORIOS ELECTRICOS;BOMBILLOS AHORRATIVOS;SEL001875;BOMBILLO LED 1.5W 3K 12V;LED STORE S.A DE C.V;14;L730.43
BSU01;SISTEMA ELECTRICO;ACCESORIOS ELECTRICOS;BOMBILLOS AHORRATIVOS;SEL001946;FOCO PARA MUEBLE DE RELOJ;SIN ESPESIFICAR;46;L1,426.11
BSU01;SISTEMA ELECTRICO;ACCESORIOS ELECTRICOS;CAJAS  ELECTRICAS;SEL000388;CAJA 2X4 SUPERFICIAL                    ;JOCSAN RUEDA/PROYECTO;17;L570.28
BSU01;SISTEMA ELECTRICO;ACCESORIOS ELECTRICOS;CAJAS  ELECTRICAS;SEL000483;TAPA 4X4 1/2;DISTRIBUIDORA INDUSTRIAL S.A. DE C.V.;20;L364.00
BSU01;SISTEMA ELECTRICO;ACCESORIOS ELECTRICOS;CERCA ELECTRICA ;SEL000627;POLVORA NUMERO 90;ELECTRO CONTROLES S. DE R.L DE C.V;60;L10,800.00
BSU01;SISTEMA ELECTRICO;ACCESORIOS ELECTRICOS;CONECTORES ELECTRICO;CON002513;PLACA DE METAL P/TOMA ESTUFA 50AMPS;AGENCIA LA MUNDIAL S.A DE C.V;7;L137.69
BSU01;SISTEMA ELECTRICO;ACCESORIOS ELECTRICOS;CONECTORES ELECTRICO;CON003571;ADAPTADOR REDONDO A PLANO USAR;ALMACEN EL PAJARO AZUL S.A DE C.V;96;L1,440.00
BSU01;SISTEMA ELECTRICO;ACCESORIOS ELECTRICOS;CONECTORES ELECTRICO;SEL000002;BASES PARA CANDELAS.;JOCSAN RUEDA/PROYECTO;2;L95.04
BSU01;SISTEMA ELECTRICO;ACCESORIOS ELECTRICOS;CONECTORES ELECTRICO;SEL000003;CONECTOR ROMEX 3/4´´;CIA MERCANTIL LA CASA BLANCA SRL CV;118;L1,274.40
BSU01;SISTEMA ELECTRICO;ACCESORIOS ELECTRICOS;CONECTORES ELECTRICO;SEL000012;CONECTOR ROMEX 1/2 USAR ;CIA MERCANTIL LA CASA BLANCA SRL CV;138;L897.00
BSU01;SISTEMA ELECTRICO;ACCESORIOS ELECTRICOS;CONECTORES ELECTRICO;SEL000014;CONECTOR BX C/F RECTO DE 1/2;SUMINISTROS ELECTRICOS S. DE R.L. DE C.V;33;L743.38
BSU01;SISTEMA ELECTRICO;ACCESORIOS ELECTRICOS;CONECTORES ELECTRICO;SEL000015;CONECTOR BX C/F CURVO DE 1/2;SIN ESPESIFICAR;1;L15.94
BSU01;SISTEMA ELECTRICO;ACCESORIOS ELECTRICOS;CONECTORES ELECTRICO;SEL000018;CONECTOR BX C/F RECTO DE 1-1/2;SUMINISTROS ELECTRICOS S. DE R.L. DE C.V;41;L2,360.78
BSU01;SISTEMA ELECTRICO;ACCESORIOS ELECTRICOS;CONECTORES ELECTRICO;SEL000021;CONECTOR BX C/F RECTO DE 3/4;IBRAHAM DANILO MUNGUIA SARMIENTO;19;L542.07
BSU01;SISTEMA ELECTRICO;ACCESORIOS ELECTRICOS;CONECTORES ELECTRICO;SEL000023;CONECTOR EMT DE COMPRESION 1/2 ACERO 651S;SUMINISTROS ELECTRICOS S. DE R.L. DE C.V;124;L1,170.77
BSU01;SISTEMA ELECTRICO;ACCESORIOS ELECTRICOS;CONECTORES ELECTRICO;SEL000026;CONECTOR BX RECTO CON FORRO DE 2;SIN ESPESIFICAR;6;L451.26
BSU01;SISTEMA ELECTRICO;ACCESORIOS ELECTRICOS;CONECTORES ELECTRICO;SEL000027;CONECTOR EMT CON TORNILLO DE 1;DISTRIBUIDORA INDUSTRIAL S.A. DE C.V.;63;L678.51
BSU01;SISTEMA ELECTRICO;ACCESORIOS ELECTRICOS;CONECTORES ELECTRICO;SEL000029;CONECTOR LT RECTO 2-1/2;CIA MERCANTIL LA CASA BLANCA SRL CV;10;L2,881.07
BSU01;SISTEMA ELECTRICO;ACCESORIOS ELECTRICOS;CONECTORES ELECTRICO;SEL000032;ABRAZADERA STRUT 1/2;CIA MERCANTIL LA CASA BLANCA SRL CV;1;L4.08
BSU01;SISTEMA ELECTRICO;ACCESORIOS ELECTRICOS;CONECTORES ELECTRICO;SEL000039;ABRAZADERA EMT DE 1;CIA MERCANTIL LA CASA BLANCA SRL CV;94;L188.00
BSU01;SISTEMA ELECTRICO;ACCESORIOS ELECTRICOS;CONECTORES ELECTRICO;SEL000374;ABRAZADERAS EMT DE 3/4;CIA MERCANTIL LA CASA BLANCA SRL CV;227;L184.62
BSU01;SISTEMA ELECTRICO;ACCESORIOS ELECTRICOS;CONECTORES ELECTRICO;SEL000389;PLACA P/TOMACORRIENTE DOBLE #952        ;AGENCIA LA MUNDIAL S.A DE C.V;5;L31.25
BSU01;SISTEMA ELECTRICO;ACCESORIOS ELECTRICOS;CONECTORES ELECTRICO;SEL000466;CAJA PVC 4X4X2 ;GYS DISTRIBUIDORA S.A. DE C.V.;1;L33.79
BSU01;SISTEMA ELECTRICO;ACCESORIOS ELECTRICOS;CONECTORES ELECTRICO;SEL000481;UNION EMT TORNILLO 1 1/2;DISTRIBUIDORA INDUSTRIAL S.A. DE C.V.;10;L285.40
BSU01;SISTEMA ELECTRICO;ACCESORIOS ELECTRICOS;CONECTORES ELECTRICO;SEL000611;CONTRATUERCA CONDUIT DE 1 1/2;DISTRIBUIDORA INDUSTRIAL S.A. DE C.V.;5;L27.70
BSU01;SISTEMA ELECTRICO;ACCESORIOS ELECTRICOS;CONECTORES ELECTRICO;SEL000629;CAMISA PVC ELECTRICO SCH 40 DE 1 1/2;EQUIPOS INDUSTRIALES S.A. DE C.V;4;L46.56
BSU01;SISTEMA ELECTRICO;ACCESORIOS ELECTRICOS;CONECTORES ELECTRICO;SEL000631;CAMISA PVC ELECTRICO SCH 40 DE 2 1/2;EQUIPOS INDUSTRIALES S.A. DE C.V;14;L1,290.10
BSU01;SISTEMA ELECTRICO;ACCESORIOS ELECTRICOS;CONECTORES ELECTRICO;SEL001041;CONECTOR ROMEX 1/2 NUEVO USAR;IBRAHAM DANILO MUNGUIA SARMIENTO;7;L35.00
BSU01;SISTEMA ELECTRICO;ACCESORIOS ELECTRICOS;CONECTORES ELECTRICO;SEL001060;ENCHUFE POLARIZADO  USAR;REPRESENTANTES Y DISTRIBUIDORES DE MARCAS ;22;L1,356.24
BSU01;SISTEMA ELECTRICO;ACCESORIOS ELECTRICOS;CONECTORES ELECTRICO;SEL001199;CONECTOR ROMEX 3/8 PULG;DISTRIBUIDORA INDUSTRIAL S.A. DE C.V.;37;L216.08
BSU01;SISTEMA ELECTRICO;ACCESORIOS ELECTRICOS;CONECTORES ELECTRICO;SEL001209;CONECTOR ROMEX 1;DISTRIBUIDORA INDUSTRIAL S.A. DE C.V.;86;L1,410.40
BSU01;SISTEMA ELECTRICO;ACCESORIOS ELECTRICOS;CONECTORES ELECTRICO;SEL001215;CONECTOR ROMEX 3/8;SUMINISTROS ELECTRICOS S. DE R.L. DE C.V;4;L15.48
BSU01;SISTEMA ELECTRICO;ACCESORIOS ELECTRICOS;CONECTORES ELECTRICO;SEL001216;FUSIBLE 22X58 60A 600V;LARACH & CIA. S. DE R.L.;9;L408.52
BSU01;SISTEMA ELECTRICO;ACCESORIOS ELECTRICOS;CONECTORES ELECTRICO;SEL001238;CONECTOR GRASOSO YC28A28 60A60 P/3/04/0;ELECTRO CONTROLES S. DE R.L DE C.V;4;L169.00
BSU01;SISTEMA ELECTRICO;ACCESORIOS ELECTRICOS;CONECTORES ELECTRICO;SEL001249;ABRAZADERA EMT 1 1/2;CIA MERCANTIL LA CASA BLANCA SRL CV;16;L48.00
BSU01;SISTEMA ELECTRICO;ACCESORIOS ELECTRICOS;CONECTORES ELECTRICO;SEL001253;ABRAZADERA STRUT DE 3AR;CIA MERCANTIL LA CASA BLANCA SRL CV;41;L557.51
BSU01;SISTEMA ELECTRICO;ACCESORIOS ELECTRICOS;CONECTORES ELECTRICO;SEL001254;UNION TUBULAR PARA CABLE #2;CIA MERCANTIL LA CASA BLANCA SRL CV;46;L901.60
BSU01;SISTEMA ELECTRICO;ACCESORIOS ELECTRICOS;CONECTORES ELECTRICO;SEL001267;TRANSFORMADOR 18W 85-265V CHINO 2023;SIN ESPESIFICAR;92;L865.62
BSU01;SISTEMA ELECTRICO;ACCESORIOS ELECTRICOS;CONECTORES ELECTRICO;SEL001280;FUSIBLE MECHA 5A 34KV;ELECTRO CONTROLES S. DE R.L DE C.V;18;L675.00
BSU01;SISTEMA ELECTRICO;ACCESORIOS ELECTRICOS;CONECTORES ELECTRICO;SEL001317;COUPLING EMT COMPRESOR 1/2 ACERO;SUMINISTROS ELECTRICOS S. DE R.L. DE C.V;1;L10.05
BSU01;SISTEMA ELECTRICO;ACCESORIOS ELECTRICOS;CONECTORES ELECTRICO;SEL001324;LM TEE P/DUCTO GALV 4X4 C-22;SUMINISTROS ELECTRICOS S. DE R.L. DE C.V;2;L184.00
BSU01;SISTEMA ELECTRICO;ACCESORIOS ELECTRICOS;CONECTORES ELECTRICO;SEL001325;TIMER MULTIFUNCIONAL 8 PINES 24-240VAC;DISTRIBUIDORA INDUSTRIAL S.A. DE C.V.;4;L2,100.00
BSU01;SISTEMA ELECTRICO;ACCESORIOS ELECTRICOS;CONECTORES ELECTRICO;SEL001388;CONECTOR DE COMPRESION 3/0 (TIPO H) E.C USAR ;DISTRIBUIDORA INDUSTRIAL S.A. DE C.V.;3;L2,811.87
BSU01;SISTEMA ELECTRICO;ACCESORIOS ELECTRICOS;CONECTORES ELECTRICO;SEL001389;CONECTOR PIN PSS 4/0 YE28LH128;DISTRIBUIDORA INDUSTRIAL S.A. DE C.V.;3;L2,670.00
BSU01;SISTEMA ELECTRICO;ACCESORIOS ELECTRICOS;CONECTORES ELECTRICO;SEL001516;UNION COMPRESION BBLU 1/0;CIA MERCANTIL LA CASA BLANCA SRL CV;10;L340.00
BSU01;SISTEMA ELECTRICO;ACCESORIOS ELECTRICOS;CONECTORES ELECTRICO;SEL001521;FUSIBLE DE MECHA TIPO K DE 5A;CIA MERCANTIL LA CASA BLANCA SRL CV;10;L260.00
BSU01;SISTEMA ELECTRICO;ACCESORIOS ELECTRICOS;CONECTORES ELECTRICO;SEL001522;FUSIBLE DE MECHA TIPO K DE 10A;ELECTRO CONTROLES S. DE R.L DE C.V;26;L947.56
BSU01;SISTEMA ELECTRICO;ACCESORIOS ELECTRICOS;CONECTORES ELECTRICO;SEL001532;ABRAZADERA EMT 3/4;CIA MERCANTIL LA CASA BLANCA SRL CV;14;L11.35
BSU01;SISTEMA ELECTRICO;ACCESORIOS ELECTRICOS;CONECTORES ELECTRICO;SEL001593;CONECTOR EMT DE 2 PULG USAR ;ELECTRO CONTROLES S. DE R.L DE C.V;12;L720.00
BSU01;SISTEMA ELECTRICO;ACCESORIOS ELECTRICOS;CONECTORES ELECTRICO;SEL001594;ABRAZADERA STRUT 2;CIA MERCANTIL LA CASA BLANCA SRL CV;8;L60.00
BSU01;SISTEMA ELECTRICO;ACCESORIOS ELECTRICOS;CONECTORES ELECTRICO;SEL001651;UNION COMPRESION BBLU 3/0;CIA MERCANTIL LA CASA BLANCA SRL CV;10;L450.00
BSU01;SISTEMA ELECTRICO;ACCESORIOS ELECTRICOS;CONECTORES ELECTRICO;SEL001669;CONECTOR EMT TORNI 1-1/4;CIA MERCANTIL LA CASA BLANCA SRL CV;7;L147.00
BSU01;SISTEMA ELECTRICO;ACCESORIOS ELECTRICOS;CONECTORES ELECTRICO;SEL001670;COUPLING EMT TORNI 1-1/4;CIA MERCANTIL LA CASA BLANCA SRL CV;5;L77.00
BSU01;SISTEMA ELECTRICO;ACCESORIOS ELECTRICOS;CONECTORES ELECTRICO;SEL001671;ABRAZADERA EMT 1-1/4 ;CIA MERCANTIL LA CASA BLANCA SRL CV;46;L117.30
BSU01;SISTEMA ELECTRICO;ACCESORIOS ELECTRICOS;CONECTORES ELECTRICO;SEL001775;CONTRATUERCA 2 AR;ELECTRO CONTROLES S. DE R.L DE C.V;4;L31.60
BSU01;SISTEMA ELECTRICO;ACCESORIOS ELECTRICOS;CONECTORES ELECTRICO;SEL001786;CONTRATUERCA 1/2;CIA MERCANTIL LA CASA BLANCA SRL CV;80;L128.00
BSU01;SISTEMA ELECTRICO;ACCESORIOS ELECTRICOS;CONECTORES ELECTRICO;SEL001802; TORNILLO S8.  8X1-1/2;TORNILLOS Y SERVICIOS MULTIPLES LACAST S.A DE C.V;604;L906.00
BSU01;SISTEMA ELECTRICO;ACCESORIOS ELECTRICOS;CONECTORES ELECTRICO;SEL001828;FUSIBLE MECHA 7A;ELECTRO CONTROLES S. DE R.L DE C.V;24;L920.00
BSU01;SISTEMA ELECTRICO;ACCESORIOS ELECTRICOS;CONECTORES ELECTRICO;SEL001838;TRANSFORMADOR SPOT 18W CHINA 2025;SIN ESPESIFICAR;1,008.00;L13,303.80
BSU01;SISTEMA ELECTRICO;ACCESORIOS ELECTRICOS;CONECTORES ELECTRICO;SEL001843;FUSIBLE MECHA 3A;ELECTRO CONTROLES S. DE R.L DE C.V;20;L500.00
BSU01;SISTEMA ELECTRICO;ACCESORIOS ELECTRICOS;CONECTORES ELECTRICO;SEL001844;FUSIBLE MECHA 8A;ELECTRO CONTROLES S. DE R.L DE C.V;20;L740.00
BSU01;SISTEMA ELECTRICO;ACCESORIOS ELECTRICOS;CONECTORES ELECTRICO;SEL001871;COUPLING EMT AR 2 PULG USAR ;CIA MERCANTIL LA CASA BLANCA SRL CV;2;L51.60
BSU01;SISTEMA ELECTRICO;ACCESORIOS ELECTRICOS;CONECTORES ELECTRICO;SEL001932;CONECTOR DE COMPRESION TIPO H;ELECTRO CONTROLES S. DE R.L DE C.V;20;L1,312.00
BSU01;SISTEMA ELECTRICO;ACCESORIOS ELECTRICOS;CONECTORES ELECTRICO;SEL001938;UNION COMPRESION BBLU 2/0;CIA MERCANTIL LA CASA BLANCA SRL CV;20;L756.00
BSU01;SISTEMA ELECTRICO;ACCESORIOS ELECTRICOS;CONECTORES ELECTRICO;SEL000445;CONECTOR ALUMINIO YC2A2;FERRETERIA EL BARATILLO S.A;3;L65.22
BSU01;SISTEMA ELECTRICO;ACCESORIOS ELECTRICOS;CONECTORES ELECTRICO;SEL001465;ABRAZADERA STRUT  DE 1-1/2 AR;CIA MERCANTIL LA CASA BLANCA SRL CV;55;L299.22
BSU01;SISTEMA ELECTRICO;ACCESORIOS ELECTRICOS;CONECTORES ELECTRICO;SEL001777;"ABRAZADERA STRUT 1-1/4""";CIA MERCANTIL LA CASA BLANCA SRL CV;17;L85.00
BSU01;SISTEMA ELECTRICO;ACCESORIOS ELECTRICOS;CONECTORES ELECTRICO;SEL001329;COUPLING EMT DE COMPRESION 1 -1/2;SUMINISTROS ELECTRICOS S. DE R.L. DE C.V;4;L166.40
BSU01;SISTEMA ELECTRICO;ACCESORIOS ELECTRICOS;CONECTORES ELECTRICO;SEL000371;COUPLING EMT CON TORNILLO DE 1 1/2 ;CIA MERCANTIL LA CASA BLANCA SRL CV;6;L109.98
BSU01;SISTEMA ELECTRICO;ACCESORIOS ELECTRICOS;CONECTORES ELECTRICO;SEL001699;COUPLING EMT TORNI 1/2;CIA MERCANTIL LA CASA BLANCA SRL CV;30;L139.50
BSU01;SISTEMA ELECTRICO;ACCESORIOS ELECTRICOS;PRODUCTOS GABINTES;SEL001265;UNION CORTA P/CABLE #4;DISTRIBUIDORA INDUSTRIAL S.A. DE C.V.;4;L36.28
BSU01;SISTEMA ELECTRICO;ACCESORIOS ELECTRICOS;TUBOS;CON006380;CURVA PVC C40 DE 3;CIA MERCANTIL LA CASA BLANCA SRL CV;4;L340.00
BSU01;SISTEMA ELECTRICO;ACCESORIOS ELECTRICOS;TUBOS;SEL000310;REFLECTOR M/OSRAM 50W 120V USAR;SIN ESPESIFICAR;2;L48.38
BSU01;SISTEMA ELECTRICO;ACCESORIOS ELECTRICOS;TUBOS;SEL000315;SPOT PANEL LED REDONDO 18W PROYECTOS;JOSE LUIS TEJEDA SOTO;1;L178.26
BSU01;SISTEMA ELECTRICO;ACCESORIOS ELECTRICOS;TUBOS;SEL000369;TUBO LED 18W  USAR;DISTRIBUIDORA INDUSTRIAL S.A. DE C.V.;10;L563.60
BSU01;SISTEMA ELECTRICO;ACCESORIOS ELECTRICOS;TUBOS;SEL000603;TUBO LED DE 36W USAR;ELECTRO CONTROLES S. DE R.L DE C.V;17;L4,771.86
BSU01;SISTEMA ELECTRICO;ACCESORIOS ELECTRICOS;TUBOS;SEL001008;REFLECTOR TV LED 300W;CIA MERCANTIL LA CASA BLANCA SRL CV;1;L3,051.00
BSU01;SISTEMA ELECTRICO;ACCESORIOS ELECTRICOS;TUBOS;SEL001182;CURVA PVC C40 DE 1 1/4;CIA MERCANTIL LA CASA BLANCA SRL CV;28;L980.00
BSU01;SISTEMA ELECTRICO;ACCESORIOS ELECTRICOS;TUBOS;SEL001206;TUBO LED SYLVANIA 9W T8 G13;DISTRIBUIDORA INDUSTRIAL S.A. DE C.V.;9;L436.73
BSU01;SISTEMA ELECTRICO;ACCESORIOS ELECTRICOS;TUBOS;SEL001682;REFLECTOR LED MR16 5W 6500K;ELECTRO REPUESTOS S. DE R.L.;15;L527.40
BSU01;SISTEMA ELECTRICO;ACCESORIOS ELECTRICOS;TUBOS;SEL001884;CINTA LED 24W RED 60LED/M 12V IP44 C/DRIVER ROJA ;ELECTRO REPUESTOS S. DE R.L.;1;L510.37
BSU01;SISTEMA ELECTRICO;ACCESORIOS ELECTRICOS;TUBOS;SEL001894;LAMP LED MULTISPOT 111W E27 100-27V PAR30;ELECTRO CONTROLES S. DE R.L DE C.V;5;L10,036.55
BSU01;SISTEMA ELECTRICO;BATERIAS Y REGULADORES;BATERIAS;ELE000925;UPS 1200VA/650W 120V 6 SALIDAS;FELIPE ANTONIO GONZALEZ MADRID;20;L53,800.00
BSU01;SISTEMA ELECTRICO;BATERIAS Y REGULADORES;BATERIAS;ELE000949;BATERIA RECARGABLE AA DE 2700 MAH BISTER DE 2 PCS;ALMACEN EL PAJARO AZUL S.A DE C.V;2;L646.00
BSU01;SISTEMA ELECTRICO;BATERIAS Y REGULADORES;BATERIAS;SEL001190;BATERIA 1.5V ALKALINA LR54,LR1130 GP-189 USAR;FERRETERIA ZUMMAR S.A DE C.V.;40;L961.14
BSU01;SISTEMA ELECTRICO;BATERIAS Y REGULADORES;BATERIAS;SEL001953;CARGADOR P/ BATERIAS AA/AAA;ALMACEN EL PAJARO AZUL S.A DE C.V;2;L665.00
BSU01;SISTEMA ELECTRICO;BATERIAS Y REGULADORES;REGULADORES DE VOLTAJE;ELE000829;INVERSOR MARCA TRACE US DE 1600W OPERA CON BATERIA;FELIPE ANTONIO GONZALEZ MADRID;1;L19,600.00
BSU01;SISTEMA ELECTRICO;BATERIAS Y REGULADORES;REGULADORES DE VOLTAJE;SEL001549;REGULADOR DE VOLTAGE 2000VA ;DISTRIBUIDORA INDUSTRIAL S.A. DE C.V.;3;L2,778.81
BSU01;SISTEMA ELECTRICO;BATERIAS Y REGULADORES;REGULADORES DE VOLTAJE;USA000114;INVERSOR TRACE US REMANOFACTURADO;SIN ESPESIFICAR;1;L9,000.00
BSU01;SISTEMA ELECTRICO;ILUMINACIONES ELECTRICAS;ACCESORIOS;SEL001079;FOCOS PARA RIEL TIENDA 2022 CHINA;SIN ESPESIFICAR;2;L194.97
BSU01;SISTEMA ELECTRICO;ILUMINACIONES ELECTRICAS;ACCESORIOS;SEL001128;FOTOCELDA 110V-220V 1000W AGUILA;AGENCIA LA MUNDIAL S.A DE C.V;9;L1,364.85
BSU01;SISTEMA ELECTRICO;ILUMINACIONES ELECTRICAS;ACCESORIOS;SEL001351;FOTOCELDA 96;RICARDO JESUS BENDECK TURCIOS;1;L115.41
BSU01;SISTEMA ELECTRICO;ILUMINACIONES ELECTRICAS;ACCESORIOS;SEL001352;BASE P/FOTOCELDA;AGENCIA LA MUNDIAL S.A DE C.V;17;L1,916.19
BSU01;SISTEMA ELECTRICO;ILUMINACIONES ELECTRICAS;ACCESORIOS;SEL001490;LAMPARA COLGANTE 159-18131 HOTEL;SIN ESPESIFICAR;4;L2,011.81
BSU01;SISTEMA ELECTRICO;ILUMINACIONES ELECTRICAS;ACCESORIOS;SEL001491;LAMPARA COLGANTE 159-18132 HOTEL;SIN ESPESIFICAR;15;L6,651.81
BSU01;SISTEMA ELECTRICO;ILUMINACIONES ELECTRICAS;ACCESORIOS;SEL001492;LAMPARA COLGANTE 159-18143 HOTEL;SIN ESPESIFICAR;11;L3,961.78
BSU01;SISTEMA ELECTRICO;ILUMINACIONES ELECTRICAS;ACCESORIOS;SEL001641;LED PARA MUEBLES DE MAQUILLAJE CHINA 2024;SIN ESPESIFICAR;5,000.00;L6,014.30
BSU01;SISTEMA ELECTRICO;ILUMINACIONES ELECTRICAS;ACCESORIOS;SEL001803;LUZ P/PISCINAS EMPOTRABLE HOTEL ;SIN ESPESIFICAR;23;L23.00
BSU01;SISTEMA ELECTRICO;ILUMINACIONES ELECTRICAS;ACCESORIOS;SEL001804;VENTILADOR DE TECHO PROGRES LIGHTING HOTEL;SIN ESPESIFICAR;1;L1.00
BSU01;SISTEMA ELECTRICO;ILUMINACIONES ELECTRICAS;ACCESORIOS;SEL001887;LAMPARA GABINETE LED T5 10W;CIA MERCANTIL LA CASA BLANCA SRL CV;1;L112.00
BSU01;SISTEMA ELECTRICO;ILUMINACIONES ELECTRICAS;ACCESORIOS;USA000086;USADO VENTILADOR DE TECHO ;SIN ESPESIFICAR;1;L1,200.00
BSU01;SISTEMA ELECTRICO;ILUMINACIONES ELECTRICAS;ACCESORIOS;SEL001906;TRANSFORMADOR P/CINTA LED 100W/24V;INVERSIONES GLOIMPORT S DE RL;41;L17,835.00
BSU01;SISTEMA ELECTRICO;ILUMINACIONES ELECTRICAS;BOMBILLOS AHORRATIVOS;SEL000061;BOMBILLO GRANDE 6500K;CARLOS ALBERTO URBINA VELASQUEZ/PROYECTO;21;L1,877.90
BSU01;SISTEMA ELECTRICO;ILUMINACIONES ELECTRICAS;BOMBILLOS AHORRATIVOS;SEL001711;SPOT LED RECT. 15W 6500K HOTEL CHINA 2024;SIN ESPESIFICAR;48;L10,064.80
BSU01;SISTEMA ELECTRICO;ILUMINACIONES ELECTRICAS;BOMBILLOS AHORRATIVOS;SEL001792;BOMBILLO LED DICROICO 6W 6000K;LED STORE S.A DE C.V;6;L260.93
BSU01;SISTEMA ELECTRICO;ILUMINACIONES ELECTRICAS;BOMBILLOS AHORRATIVOS;SEL001895;REFLECTOR LED 9W E27 PAR30 6500K 100/240V 720LM;ELECTRO CONTROLES S. DE R.L DE C.V;18;L6,192.92
BSU01;SISTEMA ELECTRICO;ILUMINACIONES ELECTRICAS;BOMBILLOS AHORRATIVOS;SEL001897;PANEL LED EMPOT 15W 6.5K ;DISTRIBUIDORA INDUSTRIAL S.A. DE C.V.;17;L2,281.23
BSU01;SISTEMA ELECTRICO;ILUMINACIONES ELECTRICAS;BOMBILLOS AHORRATIVOS;SEL000060;BOMBILLO 8W 6500K USAR;SIN ESPESIFICAR;1;L45.00
BSU01;SISTEMA ELECTRICO;ILUMINACIONES ELECTRICAS;LUZ PILOTO;SEL000444;LUZ PILOTO 22MM 220V VERDE ;DISTRIBUIDORA INDUSTRIAL S.A. DE C.V.;21;L5,495.25
BSU01;SISTEMA ELECTRICO;ILUMINACIONES ELECTRICAS;LUZ PILOTO;SEL001805;SPOT LIGHT LED FORCE 268042C HOTEL;SIN ESPESIFICAR;2;L2.00
BSU01;SISTEMA ELECTRICO;ILUMINACIONES ELECTRICAS;LUZ PILOTO;SEL001806;LAMPARA PARA EXTERIOR  60W 188040WM HOTEL;SIN ESPESIFICAR;3;L3.00
BSU01;SISTEMA ELECTRICO;ILUMINACIONES ELECTRICAS;LUZ PILOTO;SEL001807;LAMPARA COLGANTE SOHO LIGHTS 253005P-1BK HOTEL;SIN ESPESIFICAR;1;L1.00
BSU01;SISTEMA ELECTRICO;ILUMINACIONES ELECTRICAS;LUZ PILOTO;SEL001809;LAMPARA PARA EXTERIOR  60W 188040WS HOTEL;SIN ESPESIFICAR;3;L3.00
BSU01;SISTEMA ELECTRICO;ILUMINACIONES ELECTRICAS;LUZ PILOTO;SEL001810;LAMPARA DE PARED 1 LUZ E27 DORADO 264045W HOTEL;SIN ESPESIFICAR;4;L4.00
BSU01;SISTEMA ELECTRICO;ILUMINACIONES ELECTRICAS;LUZ PILOTO;SEL001811;LAMPARA COLGANTE MODERN 770 LIGTS HOTEL;SIN ESPESIFICAR;1;L1.00
BSU01;SISTEMA ELECTRICO;ILUMINACIONES ELECTRICAS;LUZ PILOTO;SEL001812;LAMPARA COLGANTE METAL PENDANT LIGTH 253011P HOTEL;SIN ESPESIFICAR;1;L1.00
BSU01;SISTEMA ELECTRICO;ILUMINACIONES ELECTRICAS;LUZ PILOTO;SEL001813;LAMPARA CEILING SOHO 253053C HOTEL;SIN ESPESIFICAR;5;L5.00
BSU01;SISTEMA ELECTRICO;ILUMINACIONES ELECTRICAS;LUZ PILOTO;SEL001814;SET 2 PCS LAMPARA BLACK PLUG X0031N7KNJ HOTEL;SIN ESPESIFICAR;1;L1.00
BSU01;SISTEMA ELECTRICO;ILUMINACIONES ELECTRICAS;LUZ PILOTO;SEL001815;FOCO 6.5W TEKLED GU10 HOEL ;SIN ESPESIFICAR;6;L6.00
BSU01;SISTEMA ELECTRICO;ILUMINACIONES ELECTRICAS;LUZ PILOTO;SEL001817;LAMPARA NEGRA GLOBE 1335 HOTEL;SIN ESPESIFICAR;1;L1.00
BSU01;SISTEMA ELECTRICO;ILUMINACIONES ELECTRICAS;TUBOS/CANDELAS ILUMINACION ;SEL000080;LUZ PILOTO LED 22MM ROJA 240V;DISTRIBUIDORA INDUSTRIAL S.A. DE C.V.;1;L148.62
BSU01;SISTEMA ELECTRICO;ILUMINACIONES ELECTRICAS;TUBOS/CANDELAS ILUMINACION ;SEL000602;LAMPARA COMERCIAL 2X96 120V LED USAR;ELECTRO CONTROLES S. DE R.L DE C.V;30;L31,500.00
BSU01;SISTEMA ELECTRICO;ILUMINACIONES ELECTRICAS;TUBOS/CANDELAS ILUMINACION ;SEL001080;BASE DE LUCES 2022 CHINA;SIN ESPESIFICAR;453;L10,414.80
BSU01;SISTEMA ELECTRICO;ILUMINACIONES ELECTRICAS;TUBOS/CANDELAS ILUMINACION ;SEL001131;SPOT LED 18W CHINA;SIN ESPESIFICAR;36;L1,400.30
BSU01;SISTEMA ELECTRICO;ILUMINACIONES ELECTRICAS;TUBOS/CANDELAS ILUMINACION ;SEL001132;LAMPARA EXTERIOR D/PARED HOTEL;SIN ESPESIFICAR;5;L3,603.92
BSU01;SISTEMA ELECTRICO;ILUMINACIONES ELECTRICAS;TUBOS/CANDELAS ILUMINACION ;SEL001137;LAMPARA COBRA LED 200W;AGENCIA LA MUNDIAL S.A DE C.V;3;L4,948.02
BSU01;SISTEMA ELECTRICO;ILUMINACIONES ELECTRICAS;TUBOS/CANDELAS ILUMINACION ;SEL001176;REFLECTOR LED 150W;AGENCIA LA MUNDIAL S.A DE C.V;8;L9,253.44
BSU01;SISTEMA ELECTRICO;ILUMINACIONES ELECTRICAS;TUBOS/CANDELAS ILUMINACION ;SEL001405;SPOT PANEL LED REDONDA EMPOTRABLE 6W 6000K 450LM ;ELECTRICIDAD Y CONEXIONES S DE RL DE CV;9;L783.00
BSU01;SISTEMA ELECTRICO;ILUMINACIONES ELECTRICAS;TUBOS/CANDELAS ILUMINACION ;SEL001409;LAMPARA 27W CHINA 2024;SIN ESPESIFICAR;11;L515.79
BSU01;SISTEMA ELECTRICO;ILUMINACIONES ELECTRICAS;TUBOS/CANDELAS ILUMINACION ;SEL001454;SPOT 15W REDONDO LED ;DISTRIBUIDORA INDUSTRIAL S.A. DE C.V.;1;L126.48
BSU01;SISTEMA ELECTRICO;ILUMINACIONES ELECTRICAS;TUBOS/CANDELAS ILUMINACION ;SEL001482;REFLECTOR LED 50W ;AGENCIA LA MUNDIAL S.A DE C.V;1;L195.74
BSU01;SISTEMA ELECTRICO;ILUMINACIONES ELECTRICAS;TUBOS/CANDELAS ILUMINACION ;SEL001493;LAMPARA COLGANTE 165-036324 HOTEL;JOSE LUIS TEJEDA SOTO;12;L1,434.60
BSU01;SISTEMA ELECTRICO;ILUMINACIONES ELECTRICAS;TUBOS/CANDELAS ILUMINACION ;SEL001555;LAMPARA EXTERIOR P/PARED NEGRA/ PROYECT;CARLOS ALBERTO URBINA VELASQUEZ/PROYECTO;1;L1,208.00
BSU01;SISTEMA ELECTRICO;ILUMINACIONES ELECTRICAS;TUBOS/CANDELAS ILUMINACION ;SEL001635;PANEL LED 2X4 50W 5000K 120-277V PROYECTO;ELECTRO CONTROLES S. DE R.L DE C.V;1;L1,500.00
BSU01;SISTEMA ELECTRICO;ILUMINACIONES ELECTRICAS;TUBOS/CANDELAS ILUMINACION ;SEL001638;PANEL LED 72W 2X4 6000K PROYECTO 2;ELECTRICIDAD Y CONEXIONES S DE RL DE CV;6;L7,564.50
BSU01;SISTEMA ELECTRICO;ILUMINACIONES ELECTRICAS;TUBOS/CANDELAS ILUMINACION ;SEL001643;LUZ LED PARA MODULOS 2835-120 CHINA 2024;SIN ESPESIFICAR;2,600.00;L27,878.03
BSU01;SISTEMA ELECTRICO;ILUMINACIONES ELECTRICAS;TUBOS/CANDELAS ILUMINACION ;SEL001708;TIRA LED EMP CHINA 2024;SIN ESPESIFICAR;200;L4,093.82
BSU01;SISTEMA ELECTRICO;ILUMINACIONES ELECTRICAS;TUBOS/CANDELAS ILUMINACION ;SEL001709;TIRA LED CHINA 2024;SIN ESPESIFICAR;548;L24,212.42
BSU01;SISTEMA ELECTRICO;ILUMINACIONES ELECTRICAS;TUBOS/CANDELAS ILUMINACION ;SEL001710;SPOT LED 18W 4500K CHINA 2024;SIN ESPESIFICAR;16;L998.48
BSU01;SISTEMA ELECTRICO;ILUMINACIONES ELECTRICAS;TUBOS/CANDELAS ILUMINACION ;SEL001712;SPOT LED RECT. 15W 4500K HOTEL CHINA 2024;SIN ESPESIFICAR;147;L30,823.45
BSU01;SISTEMA ELECTRICO;ILUMINACIONES ELECTRICAS;TUBOS/CANDELAS ILUMINACION ;SEL001742;LAMPARA D/TECHO UR983-4 HOTEL;SIN ESPESIFICAR;1;L1,034.13
BSU01;SISTEMA ELECTRICO;ILUMINACIONES ELECTRICAS;TUBOS/CANDELAS ILUMINACION ;SEL001743;LAMPARA D/TECHO  UR8008S-9;SIN ESPESIFICAR;3;L5,429.23
BSU01;SISTEMA ELECTRICO;ILUMINACIONES ELECTRICAS;TUBOS/CANDELAS ILUMINACION ;SEL001748;LAMPARA D/TECHO SG558-4 HOTEL;SIN ESPESIFICAR;6;L7,678.24
BSU01;SISTEMA ELECTRICO;ILUMINACIONES ELECTRICAS;TUBOS/CANDELAS ILUMINACION ;SEL001750;LAMPARA D/TECHO SG239-10 HOTEL;SIN ESPESIFICAR;1;L2,481.88
BSU01;SISTEMA ELECTRICO;ILUMINACIONES ELECTRICAS;TUBOS/CANDELAS ILUMINACION ;SEL001751;LAMPARA D/TECHO SG211-9 HOTEL;SIN ESPESIFICAR;2;L4,549.91
BSU01;SISTEMA ELECTRICO;ILUMINACIONES ELECTRICAS;TUBOS/CANDELAS ILUMINACION ;SEL001752;LAMPARA D/TECHO SG211-6 HOTEL;SIN ESPESIFICAR;5;L8,983.89
BSU01;SISTEMA ELECTRICO;ILUMINACIONES ELECTRICAS;TUBOS/CANDELAS ILUMINACION ;SEL001754;LAMPARA D/TECHO SG118-6 HOTEL;SIN ESPESIFICAR;1;L1,757.88
BSU01;SISTEMA ELECTRICO;ILUMINACIONES ELECTRICAS;TUBOS/CANDELAS ILUMINACION ;SEL001756;LAMPARA D/TECHO SG115C-10 HOTEL;SIN ESPESIFICAR;3;L6,824.85
BSU01;SISTEMA ELECTRICO;ILUMINACIONES ELECTRICAS;TUBOS/CANDELAS ILUMINACION ;SEL001757;LAMPARA D/TECHO SG115B-7 HOTEL;SIN ESPESIFICAR;1;L2,533.49
BSU01;SISTEMA ELECTRICO;ILUMINACIONES ELECTRICAS;TUBOS/CANDELAS ILUMINACION ;SEL001758;LAMPARA D/TECHO SG115-8  HOTEL;SIN ESPESIFICAR;2;L5,790.97
BSU01;SISTEMA ELECTRICO;ILUMINACIONES ELECTRICAS;TUBOS/CANDELAS ILUMINACION ;SEL001759;LAMPARA D/TECHO SG111D HOTEL;SIN ESPESIFICAR;11;L3,923.26
BSU01;SISTEMA ELECTRICO;ILUMINACIONES ELECTRICAS;TUBOS/CANDELAS ILUMINACION ;SEL001770;SET LUCES PARA PATIO;SIN ESPESIFICAR;3;L3.00
BSU01;SISTEMA ELECTRICO;ILUMINACIONES ELECTRICAS;TUBOS/CANDELAS ILUMINACION ;SEL001798;LUCES CON VENTILADOR CHINA 2025 (13954-1108-3);SIN ESPESIFICAR;6;L1,964.41
BSU01;SISTEMA ELECTRICO;ILUMINACIONES ELECTRICAS;TUBOS/CANDELAS ILUMINACION ;SEL001833;SPOT LED RED. 12W 3000K 120V;ELECTRO REPUESTOS S. DE R.L.;2;L247.56
BSU01;SISTEMA ELECTRICO;ILUMINACIONES ELECTRICAS;TUBOS/CANDELAS ILUMINACION ;SEL001840;SPOT LED BLANCO-AZUL 12W 4W WELLMAX;REDMIL S. DE R.L.;12;L1,620.00
BSU01;SISTEMA ELECTRICO;ILUMINACIONES ELECTRICAS;TUBOS/CANDELAS ILUMINACION ;SEL001860;BOMBILLO 4W 2700K AMBAR EQUINOX;ALMACEN UNIVERSAL S DE RL DE CV;4;L321.72
BSU01;SISTEMA ELECTRICO;ILUMINACIONES ELECTRICAS;TUBOS/CANDELAS ILUMINACION ;SEL001899;SPOT LED 18W EMPOTRABLE CHINO 2025 20330-228-1;SIN ESPESIFICAR;1,300.00;L41,094.95
BSU01;SISTEMA ELECTRICO;ILUMINACIONES ELECTRICAS;TUBOS/CANDELAS ILUMINACION ;SEL001900;SPOT LED 18W SUPERFICIAL CHINO 2025 20330-228-2;SIN ESPESIFICAR;740;L29,258.41
BSU01;SISTEMA ELECTRICO;ILUMINACIONES ELECTRICAS;TUBOS/CANDELAS ILUMINACION ;SEL001931;REFLECTOR LED 10W 6500K;SEL STORE S.A. DE C.V.;1;L162.00
BSU01;SISTEMA ELECTRICO;ILUMINACIONES ELECTRICAS;TUBOS/CANDELAS ILUMINACION ;SEL001934;CINTA LED COB/3000K/24V  (LUZ AMARILLA);INVERSIONES GLOIMPORT S DE RL;12;L8,280.00
BSU01;SISTEMA ELECTRICO;ILUMINACIONES ELECTRICAS;TUBOS/CANDELAS ILUMINACION ;SELL000153;SPOT PARA DICROICO GU10 BLANCO SIN ARO ;LED STORE S.A DE C.V;6;L365.22
BSU01;SISTEMA ELECTRICO;ILUMINACIONES ELECTRICAS;TUBOS/CANDELAS ILUMINACION ;SELL001170;PERFIL LED SUPERFICIAL LINEAL 20X17MM DIFUSOR + EN;INVERSIONES GLOIMPORT S DE RL;1;L585.00
BSU01;SISTEMA ELECTRICO;ILUMINACIONES ELECTRICAS;TUBOS/CANDELAS ILUMINACION ;ELE000763;LAM SPOT REDONDO 18W SUPERFICIAL;ELECTRO CONTROLES S. DE R.L DE C.V;1;L205.00
BSU01;SISTEMA ELECTRICO;ILUMINACIONES ELECTRICAS;TUBOS/CANDELAS ILUMINACION ;SEL000332;PANEL LED REDONDO 24W;DISTRIBUIDORA INDUSTRIAL S.A. DE C.V.;2;L265.73
BSU01;SISTEMA ELECTRICO;ILUMINACIONES ELECTRICAS;TUBOS/CANDELAS ILUMINACION ;SEL001271;REFLECTOR LED 400W SOLAR CHINO 2023;SIN ESPESIFICAR;4;L1,421.81
BSU01;SISTEMA ELECTRICO;ILUMINACIONES ELECTRICAS;TUBOS/CANDELAS ILUMINACION ;SEL001962;LAMPARA CON VENTILADOR DE LUJO USAR ;SIN ESPESIFICAR;1;L4,905.75
BSU01;SISTEMA ELECTRICO;ILUMINACIONES ELECTRICAS;TUBOS/CANDELAS ILUMINACION ;SEL001760;LAMPARA D/TECHO SG011 HOTEL;SIN ESPESIFICAR;4;L3,102.42
BSU01;SISTEMA ELECTRICO;ILUMINACIONES ELECTRICAS;TUBOS/CANDELAS ILUMINACION ;SEL001749;LAMPARA D/TECHO SG25D HOTEL;SIN ESPESIFICAR;15;L7,561.58
BSU01;SISTEMA ELECTRICO;ILUMINACIONES ELECTRICAS;TUBOS/CANDELAS ILUMINACION ;SEL001744;LAMPARA D/TECHO  UR8008-3;SIN ESPESIFICAR;13;L18,149.77
BSU01;SISTEMA ELECTRICO;ILUMINACIONES ELECTRICAS;TUBOS/CANDELAS ILUMINACION ;SEL001755;LAMPARA D/TECHO SG115-69 HOTEL;SIN ESPESIFICAR;4;L1,964.55
BSU01;SISTEMA ELECTRICO;ILUMINACIONES ELECTRICAS;TUBOS/CANDELAS ILUMINACION ;SEL001753;LAMPARA D/TECHO SG211-13 HOTEL;SIN ESPESIFICAR;2;L3,567.62
BSU01;SISTEMA ELECTRICO;INTERRUPTORES Y TOMACORRIENTES;INTERRUPTORES;SEL000081;SWITCH TRIPLE BITICINO;ELECTRO CONTROLES S. DE R.L DE C.V;1;L70.00
BSU01;SISTEMA ELECTRICO;INTERRUPTORES Y TOMACORRIENTES;INTERRUPTORES;SEL000086;INTERRUPTOR EAGLE SENCILLO 20A;SIN ESPESIFICAR;1;L65.21
BSU01;SISTEMA ELECTRICO;INTERRUPTORES Y TOMACORRIENTES;INTERRUPTORES;SEL000092;INTERRUPTOR 2P 50A SQUARED;DISTRIBUIDORA INDUSTRIAL S.A. DE C.V.;6;L2,379.33
BSU01;SISTEMA ELECTRICO;INTERRUPTORES Y TOMACORRIENTES;INTERRUPTORES;SEL000093;INTERRUPTOR 2P 40A SQUARED;DISTRIBUIDORA INDUSTRIAL S.A. DE C.V.;9;L3,557.12
BSU01;SISTEMA ELECTRICO;INTERRUPTORES Y TOMACORRIENTES;INTERRUPTORES;SEL000094;INTERRUPTOR 1P 20A SQUARED;ELECTRO CONTROLES S. DE R.L DE C.V;42;L7,320.96
BSU01;SISTEMA ELECTRICO;INTERRUPTORES Y TOMACORRIENTES;INTERRUPTORES;SEL000129;SWITCH SENCILLO BTICIND;AGENCIA LA MUNDIAL S.A DE C.V;14;L458.35
BSU01;SISTEMA ELECTRICO;INTERRUPTORES Y TOMACORRIENTES;INTERRUPTORES;SEL000390;INTERRUPTOR 2P 100A SQUARE D               ;DISTRIBUIDORA INDUSTRIAL S.A. DE C.V.;2;L2,325.81
BSU01;SISTEMA ELECTRICO;INTERRUPTORES Y TOMACORRIENTES;INTERRUPTORES;SEL000423;INTERRUPTOR 1P 50A SQUARED              ;SIN ESPESIFICAR;1;L120.47
BSU01;SISTEMA ELECTRICO;INTERRUPTORES Y TOMACORRIENTES;INTERRUPTORES;SEL000514;INTERRUPTOR 1P 30A SQUARE D ;DISTRIBUIDORA INDUSTRIAL S.A. DE C.V.;4;L796.84
BSU01;SISTEMA ELECTRICO;INTERRUPTORES Y TOMACORRIENTES;INTERRUPTORES;SEL000516;INTERRUPTOR EAGLE 442 C/CADENA;ALEJANDRO NAPOLEON LARACH LARACH;1;L119.76
BSU01;SISTEMA ELECTRICO;INTERRUPTORES Y TOMACORRIENTES;INTERRUPTORES;SEL000556;INTERRUPTOR 1P 15A SQUARE D;DISTRIBUIDORA INDUSTRIAL S.A. DE C.V.;26;L4,513.55
BSU01;SISTEMA ELECTRICO;INTERRUPTORES Y TOMACORRIENTES;INTERRUPTORES;SEL000558;INTERRUPTOR PRINC P/BARRA 225A;SIN ESPESIFICAR;1;L2,543.50
BSU01;SISTEMA ELECTRICO;INTERRUPTORES Y TOMACORRIENTES;INTERRUPTORES;SEL001045;ADAPTADOR PVC 1 CEDULA 40;DISTRIBUIDORA INDUSTRIAL S.A. DE C.V.;17;L212.84
BSU01;SISTEMA ELECTRICO;INTERRUPTORES Y TOMACORRIENTES;INTERRUPTORES;SEL001168;INTERRUPTOR 2P 20A SQUARE D;DISTRIBUIDORA INDUSTRIAL S.A. DE C.V.;3;L1,186.63
BSU01;SISTEMA ELECTRICO;INTERRUPTORES Y TOMACORRIENTES;INTERRUPTORES;SEL001205;INTERRUPTOR 2P 30A SQUARE D;DISTRIBUIDORA INDUSTRIAL S.A. DE C.V.;2;L796.16
BSU01;SISTEMA ELECTRICO;INTERRUPTORES Y TOMACORRIENTES;INTERRUPTORES;SEL001503;INTERRUPTOR 2P 80A SQUARE D;DISTRIBUIDORA INDUSTRIAL S.A. DE C.V.;6;L5,108.04
BSU01;SISTEMA ELECTRICO;INTERRUPTORES Y TOMACORRIENTES;INTERRUPTORES;SEL001526;INTERRUPTOR CUCHILLA 3P 225A DOBLE TIRO;DISTRIBUIDORA INDUSTRIAL S.A. DE C.V.;3;L2,668.53
BSU01;SISTEMA ELECTRICO;INTERRUPTORES Y TOMACORRIENTES;INTERRUPTORES;SEL001700;TAPA METALICA CIEGA 4X4;CIA MERCANTIL LA CASA BLANCA SRL CV;23;L152.02
BSU01;SISTEMA ELECTRICO;INTERRUPTORES Y TOMACORRIENTES;INTERRUPTORES;SEL001765;CONECTOR LT CURVO 2 AR;CIA MERCANTIL LA CASA BLANCA SRL CV;1;L160.00
BSU01;SISTEMA ELECTRICO;INTERRUPTORES Y TOMACORRIENTES;INTERRUPTORES;SEL001930;CHINT BREAKER PARA RIEL 1X20;CIA MERCANTIL LA CASA BLANCA SRL CV;12;L900.00
BSU01;SISTEMA ELECTRICO;INTERRUPTORES Y TOMACORRIENTES;INTERRUPTORES;SEL001194;TOMACORRIENTE SUPERFICIAL 250V 50AMP  USAR E.C;CIA MERCANTIL LA CASA BLANCA SRL CV;8;L600.00
BSU01;SISTEMA ELECTRICO;INTERRUPTORES Y TOMACORRIENTES;TOMACORRIENTES;SEL000103;ENCHUFE 50A 125/250V 4P;ELECTRO CONTROLES S. DE R.L DE C.V;15;L2,721.67
BSU01;SISTEMA ELECTRICO;INTERRUPTORES Y TOMACORRIENTES;TOMACORRIENTES;SEL000112;TOMACORRIENTE DOBLE POLARIZADO BTICINO USAR ;AGENCIA LA MUNDIAL S.A DE C.V;25;L2,139.38
BSU01;SISTEMA ELECTRICO;INTERRUPTORES Y TOMACORRIENTES;TOMACORRIENTES;SEL000113;TOMACORRIENTE SUPERFICIAL DOBLE.;AGENCIA LA MUNDIAL S.A DE C.V;24;L1,489.81
BSU01;SISTEMA ELECTRICO;INTERRUPTORES Y TOMACORRIENTES;TOMACORRIENTES;SEL000114;TOMACORRIENTE 220 30/50A;CARLOS ALBERTO URBINA VELASQUEZ/PROYECTO;3;L191.52
BSU01;SISTEMA ELECTRICO;INTERRUPTORES Y TOMACORRIENTES;TOMACORRIENTES;SEL000121;TOMA MULTIPLE FLAUTA;SIN ESPESIFICAR;1;L82.60
BSU01;SISTEMA ELECTRICO;INTERRUPTORES Y TOMACORRIENTES;TOMACORRIENTES;SEL000530;TOMA SENCILLO 15A/250V;SIN ESPESIFICAR;1;L17.00
BSU01;SISTEMA ELECTRICO;INTERRUPTORES Y TOMACORRIENTES;TOMACORRIENTES;SEL001161;TOMACORRIENTE ESTUFA EMP 50A AGUIL;CIA MERCANTIL LA CASA BLANCA SRL CV;5;L320.74
BSU01;SISTEMA ELECTRICO;INTERRUPTORES Y TOMACORRIENTES;TOMACORRIENTES;SEL001203;TOMA EMPOTRABLE 50A 125/250V;DISTRIBUIDORA INDUSTRIAL S.A. DE C.V.;32;L3,020.48
BSU01;SISTEMA ELECTRICO;INTERRUPTORES Y TOMACORRIENTES;TOMACORRIENTES;SEL001256;ENCHUFE P/ ESTUFA 50A 125 250V AGUILA;ELECTRO CONTROLES S. DE R.L DE C.V;9;L973.72
BSU01;SISTEMA ELECTRICO;INTERRUPTORES Y TOMACORRIENTES;TOMACORRIENTES;SEL001261;TOMACORRIENTE MULTIPLE 6 ENCH;AGENCIA LA MUNDIAL S.A DE C.V;12;L1,828.44
BSU01;SISTEMA ELECTRICO;INTERRUPTORES Y TOMACORRIENTES;TOMACORRIENTES;SEL001283;INTERRUPTOR Y TOMA FERRAWYY;ALMACEN UNIVERSAL S DE RL DE CV;16;L478.64
BSU01;SISTEMA ELECTRICO;INTERRUPTORES Y TOMACORRIENTES;TOMACORRIENTES;SEL001430;TOMACORRIENTE DOBLE BTICINO ;JOSE LUIS TEJEDA SOTO;1;L89.13
BSU01;SISTEMA ELECTRICO;INTERRUPTORES Y TOMACORRIENTES;TOMACORRIENTES;SEL001633;SWITCH DOBLE 15A BTCINO LUZICA;JOSE LUIS TEJEDA SOTO;4;L210.18
BSU01;SISTEMA ELECTRICO;INTERRUPTORES Y TOMACORRIENTES;TOMACORRIENTES;SEL001208;TOMACORRIENTE DOBLE 20A CON PLACA;CIA MERCANTIL LA CASA BLANCA SRL CV;29;L1,392.00
BSU01;SISTEMA ELECTRICO;TRANSFERENCIAS Y CABLES;BALASTROS;SEL000130;BALASTRO DE 4 X 32 PARA 96 USAR;SIN ESPESIFICAR;13;L2,535.00
BSU01;SISTEMA ELECTRICO;TRANSFERENCIAS Y CABLES;BALASTROS;SEL000131;BALASTRO RAPIDO START 2 X 32;SIN ESPESIFICAR;2;L420.00
BSU01;SISTEMA ELECTRICO;TRANSFERENCIAS Y CABLES;BALASTROS;SEL000132;BALASTRO 2X32W QTF T8 OSRAM  USAR;SIN ESPESIFICAR;1;L268.94
BSU01;SISTEMA ELECTRICO;TRANSFERENCIAS Y CABLES;BALASTROS;SEL000134;BALASTRO 2X54 ADVANCE;SIN ESPESIFICAR;6;L2,938.56
BSU01;SISTEMA ELECTRICO;TRANSFERENCIAS Y CABLES;BALASTROS;SEL000504;BALASTRO P/TUBO F96T12 127 V;SIN ESPESIFICAR;7;L1,919.68
BSU01;SISTEMA ELECTRICO;TRANSFERENCIAS Y CABLES;BALASTROS;SEL001865;PULSADOR C/PLACA P/TIMBRE 10A/250V, BLANCO;PAPER DEPOT S.A DE C.V;2;L188.00
BSU01;SISTEMA ELECTRICO;TRANSFERENCIAS Y CABLES;BASE;SEL000298;ENERGIZADOR NVA GENERACION 12000 V;SIN ESPESIFICAR;1;L2,180.00
BSU01;SISTEMA ELECTRICO;TRANSFERENCIAS Y CABLES;BASE;SEL000449;BASE CONTADOR 200A 1PH MILBANK ;ELECTRO CONTROLES S. DE R.L DE C.V;6;L12,169.71
BSU01;SISTEMA ELECTRICO;TRANSFERENCIAS Y CABLES;BASE;SEL001524;BASE CONTADOR 200A;CIA MERCANTIL LA CASA BLANCA SRL CV;2;L1,190.00
BSU01;SISTEMA ELECTRICO;TRANSFERENCIAS Y CABLES;BASE;SEL001529;BASE CONTADOR 125A;CIA MERCANTIL LA CASA BLANCA SRL CV;2;L1,024.00
BSU01;SISTEMA ELECTRICO;TRANSFERENCIAS Y CABLES;BASE;SEL001888;TUBO LED GLASS T8 18W;DISTRIBUIDORA INDUSTRIAL S.A. DE C.V.;13;L663.73
BSU01;SISTEMA ELECTRICO;TRANSFERENCIAS Y CABLES;BASE;SEL001892;LTG LUMINARIA LINEAL COLGANTE BLANCA;PROVEEDORA ELECTRICA, S.A. DE C.V.;8;L9,806.40
BSU01;SISTEMA ELECTRICO;TRANSFERENCIAS Y CABLES;BASE;SEL001893;STRIP LIGHT LED 4FT 22/28/40W 120-227W 3500-5000K;PROVEEDORA ELECTRICA, S.A. DE C.V.;5;L7,249.50
BSU01;SISTEMA ELECTRICO;TRANSFERENCIAS Y CABLES;BASE;SEL001918;LAMPARA EMERGENCIA LED 2X12 E-45 MINI 100-277V AC ;DISTRIBUIDORA INDUSTRIAL S.A. DE C.V.;23;L9,283.95
BSU01;SISTEMA ELECTRICO;TRANSFERENCIAS Y CABLES;BASE;USA000135;BASE CONTADOR MILBANK;SIN ESPESIFICAR;1;L900.00
BSU01;SISTEMA ELECTRICO;TRANSFERENCIAS Y CABLES;BASE;USA000136;BASE CONTADOR 200 AMP;SIN ESPESIFICAR;1;L297.50
BSU01;SISTEMA ELECTRICO;TRANSFERENCIAS Y CABLES;BREAKER DIFERENCIAL;ELE000780;BREAKER 30 AMP SENCILLO ;ALEJANDRO NAPOLEON LARACH LARACH;1;L156.67
BSU01;SISTEMA ELECTRICO;TRANSFERENCIAS Y CABLES;BREAKER DIFERENCIAL;SEL000290;INTERRUPTOR DOBLE MODUS BTC;FERRETERIA FARAJ. S.A. DE. C.V.;2;L322.04
BSU01;SISTEMA ELECTRICO;TRANSFERENCIAS Y CABLES;BREAKER DIFERENCIAL;SEL000319;INTERRUPTOR D/1 BOTON  EL SENCILO USAR ;AGENCIA LA MUNDIAL S.A DE C.V;10;L168.00
BSU01;SISTEMA ELECTRICO;TRANSFERENCIAS Y CABLES;BREAKER DIFERENCIAL;SEL000320;INTERRUPTOR D/2 BOTON (DOBLE) usar ;AGENCIA LA MUNDIAL S.A DE C.V;34;L1,772.93
BSU01;SISTEMA ELECTRICO;TRANSFERENCIAS Y CABLES;BREAKER DIFERENCIAL;SEL000321;INTERRUPTOR D/3 BOTON;RAMIRO CARDENAS/PROYECTOS;209;L5,265.81
BSU01;SISTEMA ELECTRICO;TRANSFERENCIAS Y CABLES;BREAKER DIFERENCIAL;SEL000322;TOMACORRIENTE DOBLE CHINO usar;SIN ESPESIFICAR;1;L18.00
BSU01;SISTEMA ELECTRICO;TRANSFERENCIAS Y CABLES;BREAKER DIFERENCIAL;SEL000489;AUTONICS SELEC 2 POSIC C/LUZ ;CIA MERCANTIL LA CASA BLANCA SRL CV;4;L840.00
BSU01;SISTEMA ELECTRICO;TRANSFERENCIAS Y CABLES;BREAKER DIFERENCIAL;SEL000494;AUTONICS CONTAC NC;CIA MERCANTIL LA CASA BLANCA SRL CV;5;L300.00
BSU01;SISTEMA ELECTRICO;TRANSFERENCIAS Y CABLES;BREAKER DIFERENCIAL;SEL000509;SWITCH DE PRESION SQUARED 20/40 ;BOMBAS Y MOTORES DE HONDURAS S.A DE C.V.;1;L891.13
BSU01;SISTEMA ELECTRICO;TRANSFERENCIAS Y CABLES;BREAKER DIFERENCIAL;SEL000625;INTERRUPTOR 1P 30A TERMOMAG;EQUIPOS INDUSTRIALES S.A. DE C.V;1;L134.83
BSU01;SISTEMA ELECTRICO;TRANSFERENCIAS Y CABLES;BREAKER DIFERENCIAL;SEL001293;BREAKER UNIPOLAR 20AMP BTICINO;NAHUM ALBERTO MENDEZ AGUILERA / PROYECTO;3;L413.09
BSU01;SISTEMA ELECTRICO;TRANSFERENCIAS Y CABLES;BREAKER DIFERENCIAL;SEL001294;BREAKER BIPOLAR 30AMP BTICINO;AGENCIA LA MUNDIAL S.A DE C.V;1;L214.35
BSU01;SISTEMA ELECTRICO;TRANSFERENCIAS Y CABLES;BREAKER DIFERENCIAL;SEL001295;BREAKER UNIPOLAR 30AMP BTICINO;AGENCIA LA MUNDIAL S.A DE C.V;3;L327.27
BSU01;SISTEMA ELECTRICO;TRANSFERENCIAS Y CABLES;BREAKER DIFERENCIAL;SEL001349;BREAKER UNIPOLAR 40AMP BTICINO;NAHUM ALBERTO MENDEZ AGUILERA / PROYECTO;1;L448.00
BSU01;SISTEMA ELECTRICO;TRANSFERENCIAS Y CABLES;BREAKER DIFERENCIAL;SEL001481;CABLE 3X6 ALUMINIO ACOMETIDA 3X6;CIA MERCANTIL LA CASA BLANCA SRL CV;200;L1,539.31
BSU01;SISTEMA ELECTRICO;TRANSFERENCIAS Y CABLES;BREAKER DIFERENCIAL;SEL001542;BREAKER GENERAC ELECTRIC 30 AMP;ELECTRO CONTROLES S. DE R.L DE C.V;17;L2,346.00
BSU01;SISTEMA ELECTRICO;TRANSFERENCIAS Y CABLES;BREAKER DIFERENCIAL;SEL001543;BREAKER GENERAC ELECTRIC 20 AMP;ELECTRO CONTROLES S. DE R.L DE C.V;10;L1,420.00
BSU01;SISTEMA ELECTRICO;TRANSFERENCIAS Y CABLES;BREAKER DIFERENCIAL;SEL001544;BREAKER GENERAC ELECTRIC 15 AMP;ELECTRO CONTROLES S. DE R.L DE C.V;19;L2,850.00
BSU01;SISTEMA ELECTRICO;TRANSFERENCIAS Y CABLES;BREAKER DIFERENCIAL;SEL001567;ENCHUFE HULE POLAR 20A 125V AGUILA 1707;AGENCIA LA MUNDIAL S.A DE C.V;1;L35.00
BSU01;SISTEMA ELECTRICO;TRANSFERENCIAS Y CABLES;BREAKER DIFERENCIAL;SELL001135;CABLE DE PODER XTECH PARA PC;OFFICE COMPUTERS S. DE R.L.;39;L2,384.00
BSU01;SISTEMA ELECTRICO;TRANSFERENCIAS Y CABLES;BREAKER DIFERENCIAL;SEL000294;ROSETA PLASTICA;NAHUM ALBERTO MENDEZ AGUILERA / PROYECTO;2;L60.44
BSU01;SISTEMA ELECTRICO;TRANSFERENCIAS Y CABLES;BREAKER DIFERENCIAL;SEL001163;BREAKER DOBLE 40AMP SQUARE D ;CENTRO FERRETERO TORNIFESA S. DE R.L DE C.V.;1;L366.15
BSU01;SISTEMA ELECTRICO;TRANSFERENCIAS Y CABLES;CABLES;ELE000897;CABLE HDMI 6 PIE;FELIPE ANTONIO GONZALEZ MADRID;17;L1,165.51
BSU01;SISTEMA ELECTRICO;TRANSFERENCIAS Y CABLES;CABLES;ELE000898;CABLE USB EXTENSION 2.0 XTC 15FT;FELIPE ANTONIO GONZALEZ MADRID;7;L560.00
BSU01;SISTEMA ELECTRICO;TRANSFERENCIAS Y CABLES;CABLES;ELE000926;CABLE USB 2.0 P/IMPRESORA 6FT;TECHNO OFFICE SUPPLIES S, DE R.L.;17;L428.40
BSU01;SISTEMA ELECTRICO;TRANSFERENCIAS Y CABLES;CABLES;SEL000150;PIE DE CABLE THHN #8 NEGRO;CENTRO FERRETERO TORNIFESA S. DE R.L DE C.V.;102;L3,680.92
BSU01;SISTEMA ELECTRICO;TRANSFERENCIAS Y CABLES;CABLES;SEL000168;CABLE THHN #12 NEGRO ROLLO 328;DAVID ENRIQUE TURCIOS ARDON;4;L5,827.10
BSU01;SISTEMA ELECTRICO;TRANSFERENCIAS Y CABLES;CABLES;SEL000171;CABLE TSJ 2X12 PIE;AGENCIA LA MUNDIAL S.A DE C.V;231;L2,849.67
BSU01;SISTEMA ELECTRICO;TRANSFERENCIAS Y CABLES;CABLES;SEL000172;CABLE TSJ 2X14;RAMIRO CARDENAS/PROYECTOS;45;L1,123.52
BSU01;SISTEMA ELECTRICO;TRANSFERENCIAS Y CABLES;CABLES;SEL000173;CABLE TSJ 3X8 USAR;AGENCIA LA MUNDIAL S.A DE C.V;656;L33,776.22
BSU01;SISTEMA ELECTRICO;TRANSFERENCIAS Y CABLES;CABLES;SEL000176;CABLE THHN 6 ROJO;CIA MERCANTIL LA CASA BLANCA SRL CV;1;L15.60
BSU01;SISTEMA ELECTRICO;TRANSFERENCIAS Y CABLES;CABLES;SEL000208;EXTENCION ELECTRICA BLANCA 5MTS;AGENCIA LA MUNDIAL S.A DE C.V;3;L137.64
BSU01;SISTEMA ELECTRICO;TRANSFERENCIAS Y CABLES;CABLES;SEL000291;CABLE TSJ 3X14;DISTRIBUIDORA INDUSTRIAL S.A. DE C.V.;87.5;L1,121.31
BSU01;SISTEMA ELECTRICO;TRANSFERENCIAS Y CABLES;CABLES;SEL000484;CABLE THHN #10 VERDE;AGENCIA LA MUNDIAL S.A DE C.V;249;L1,968.57
BSU01;SISTEMA ELECTRICO;TRANSFERENCIAS Y CABLES;CABLES;SEL000547;CABLE TSJ 4X14 PIE;DISTRIBUIDORA INDUSTRIAL S.A. DE C.V.;15;L248.10
BSU01;SISTEMA ELECTRICO;TRANSFERENCIAS Y CABLES;CABLES;SEL000615;CABLE THHN #8 VERDE;ELECTRO CONTROLES S. DE R.L DE C.V;48;L694.80
BSU01;SISTEMA ELECTRICO;TRANSFERENCIAS Y CABLES;CABLES;SEL000617;CABLE THHN #14 BLANCO;DISTRIBUIDORA INDUSTRIAL S.A. DE C.V.;1;L9.56
BSU01;SISTEMA ELECTRICO;TRANSFERENCIAS Y CABLES;CABLES;SEL001281;"CABLE PORTAELECTRODO 2 ""VEHICULAR""";CIA MERCANTIL LA CASA BLANCA SRL CV;27;L1,809.54
BSU01;SISTEMA ELECTRICO;TRANSFERENCIAS Y CABLES;CABLES;SEL001345;CABLE THHN 1/0;PROVEEDORA ELECTRICA, S.A. DE C.V.;105;L7,701.61
BSU01;SISTEMA ELECTRICO;TRANSFERENCIAS Y CABLES;CABLES;SEL001374;CABLE P/PANEL SOLAR ROLLO NEGRO;ECO GREEN ENERGY LIMITED;11;L14,685.66
BSU01;SISTEMA ELECTRICO;TRANSFERENCIAS Y CABLES;CABLES;SEL001375;CABLE P/PANEL SOLAR ROLLO ROJO;ECO GREEN ENERGY LIMITED;11;L14,685.44
BSU01;SISTEMA ELECTRICO;TRANSFERENCIAS Y CABLES;CABLES;SEL001466;TERMINAL BBLU #8;CIA MERCANTIL LA CASA BLANCA SRL CV;50;L475.00
BSU01;SISTEMA ELECTRICO;TRANSFERENCIAS Y CABLES;CABLES;SEL001480;TERMINAL OJO 10-12;CIA MERCANTIL LA CASA BLANCA SRL CV;508;L609.60
BSU01;SISTEMA ELECTRICO;TRANSFERENCIAS Y CABLES;CABLES;SEL001498;TERMINAL Y AMARILLA;CIA MERCANTIL LA CASA BLANCA SRL CV;583;L887.46
BSU01;SISTEMA ELECTRICO;TRANSFERENCIAS Y CABLES;CABLES;SEL001502;TAPON PLASTICO AMARILLO #12;DISTRIBUIDORA INDUSTRIAL S.A. DE C.V.;124;L218.76
BSU01;SISTEMA ELECTRICO;TRANSFERENCIAS Y CABLES;CABLES;SEL001510;TERMINAL PIN AMARILLA;CIA MERCANTIL LA CASA BLANCA SRL CV;370;L555.00
BSU01;SISTEMA ELECTRICO;TRANSFERENCIAS Y CABLES;CABLES;SEL001527;CABLE  3X4 ALUMINIO ACOMETIDA ;CIA MERCANTIL LA CASA BLANCA SRL CV;360;L4,204.80
BSU01;SISTEMA ELECTRICO;TRANSFERENCIAS Y CABLES;CABLES;SEL001534;CABLE THHN 12 NEGRO PIE;CENTRO FERRETERO TORNIFESA S. DE R.L DE C.V.;1,082.00;L6,052.81
BSU01;SISTEMA ELECTRICO;TRANSFERENCIAS Y CABLES;CABLES;SEL001584;PLATINA DE COBRE ATERRIZAJE 16 C/6 AGUJEROS AISLAD;ELECTRO CONTROLES S. DE R.L DE C.V;1;L17,400.00
BSU01;SISTEMA ELECTRICO;TRANSFERENCIAS Y CABLES;CABLES;SEL001948;ESCALERILLA PORTA CABLE 4X2X2.90MTS;GYS DISTRIBUIDORA S.A. DE C.V.;14;L5,572.70
BSU01;SISTEMA ELECTRICO;TRANSFERENCIAS Y CABLES;CABLES;SELL001161;CABLE THHN12 NEGRO ROLLO 500 ;DISTRIBUIDORA INDUSTRIAL S.A. DE C.V.;4;L8,413.60
BSU01;SISTEMA ELECTRICO;TRANSFERENCIAS Y CABLES;CABLES;SELL001179;CABLE THHN 8 ROJO EN PIES;DISTRIBUIDORA INDUSTRIAL S.A. DE C.V.;37;L402.19
BSU01;SISTEMA ELECTRICO;TRANSFERENCIAS Y CABLES;CABLES;SEL000140;PIE DE CABLE THHN #10 NEGRO.;PROVEEDORA ELECTRICA, S.A. DE C.V.;56.5;L489.34
BSU01;SISTEMA ELECTRICO;TRANSFERENCIAS Y CABLES;CABLES;SEL000165;CAJA DE CABLE THHN NEGRO #12;AGENCIA LA MUNDIAL S.A DE C.V;1;L1,082.63
BSU01;SISTEMA ELECTRICO;TRANSFERENCIAS Y CABLES;CABLES;SEL000179;CABLE TSJ 3X12 USAR;DISTRIBUIDORA INDUSTRIAL S.A. DE C.V.;696;L13,904.80
BSU01;SISTEMA ELECTRICO;TRANSFERENCIAS Y CABLES;CABLES;SEL001263;CABLE TRIPLEX 3X1/0 ALUMINIO;ELECTRO CONTROLES S. DE R.L DE C.V;80;L7,600.00
BSU01;SISTEMA ELECTRICO;TRANSFERENCIAS Y CABLES;CABLES;USA000110;PIE DE CABLE TORNADO USADO ;DANILOS STORE SA;498;L4,332.60
BSU01;SISTEMA ELECTRICO;TRANSFERENCIAS Y CABLES;CABLES;ELE002105;DISCO SSD 2.5 SATA 500 GB CRUCIAL ;OFFICE COMPUTERS S. DE R.L.;2;L8,536.00
BSU01;SISTEMA ELECTRICO;TRANSFERENCIAS Y CABLES;CABLES;SEL001968;CABLE THHN #14 AZUL PIE;DISTRIBUIDORA INDUSTRIAL S.A. DE C.V.;328;L1,227.48
BSU01;SISTEMA ELECTRICO;TRANSFERENCIAS Y CABLES;CAJAS;SEL000211;CAJA DE METAL CUADRADA PESADA 4X4;SIN ESPESIFICAR;33;L717.39
BSU01;SISTEMA ELECTRICO;TRANSFERENCIAS Y CABLES;CAJAS;SEL000213;TAPADERA DE METAL REDONDA C-HOYO;SIN ESPESIFICAR;7;L60.90
BSU01;SISTEMA ELECTRICO;TRANSFERENCIAS Y CABLES;CAJAS;SEL000222;TAPADERA EMT CIEGA DE 2 X 4'';CENTRO FERRETERO TORNIFESA S. DE R.L DE C.V.;5;L103.63
BSU01;SISTEMA ELECTRICO;TRANSFERENCIAS Y CABLES;CAJAS;SEL000227;CAJA METALICA 4X4 1/2;ELECTRO CONTROLES S. DE R.L DE C.V;60;L2,039.27
BSU01;SISTEMA ELECTRICO;TRANSFERENCIAS Y CABLES;CAJAS;SEL000228;CAJA METALICA 2X4 1/2 ;CIA MERCANTIL LA CASA BLANCA SRL CV;44;L528.00
BSU01;SISTEMA ELECTRICO;TRANSFERENCIAS Y CABLES;CAJAS;SEL000999;PANEL MONOFASICO 12CKTOS 125A;ALEJANDRO NAPOLEON LARACH LARACH;1;L2,618.89
BSU01;SISTEMA ELECTRICO;TRANSFERENCIAS Y CABLES;CAJAS;SEL001258;TAPAD. REDONDA D/4 CIEGA ;DISTRIBUIDORA INDUSTRIAL S.A. DE C.V.;6;L43.62
BSU01;SISTEMA ELECTRICO;TRANSFERENCIAS Y CABLES;CAJAS;SEL001413;CAJA REGISTRO PVC 8X8X4;CIA MERCANTIL LA CASA BLANCA SRL CV;10;L3,050.00
BSU01;SISTEMA ELECTRICO;TRANSFERENCIAS Y CABLES;CAJAS;SEL001556;PLACA METALICA REDONDA P/CAJA ELECTRICA;CARLOS ALBERTO URBINA VELASQUEZ/PROYECTO;2;L24.00
BSU01;SISTEMA ELECTRICO;TRANSFERENCIAS Y CABLES;CAJAS;SEL001667;PANEL MONOFASICO 20 CIRCUITOS 125A;DISTRIBUIDORA INDUSTRIAL S.A. DE C.V.;2;L6,400.36
BSU01;SISTEMA ELECTRICO;TRANSFERENCIAS Y CABLES;CAJAS;SEL001785;CAJA RECTANGULAR 2X4 PVC;DISTRIBUIDORA INDUSTRIAL S.A. DE C.V.;25;L180.51
BSU01;SISTEMA ELECTRICO;TRANSFERENCIAS Y CABLES;CAJAS;SEL001852;TIMBRE 8 TIPO CAMPANA;ALEJANDRO NAPOLEON LARACH LARACH;2;L793.34
BSU01;SISTEMA ELECTRICO;TRANSFERENCIAS Y CABLES;CAJAS;SEL001920;CHINT SELECTOR 2P C/L VERDE COMPLETO;CIA MERCANTIL LA CASA BLANCA SRL CV;3;L630.00
BSU01;SISTEMA ELECTRICO;TRANSFERENCIAS Y CABLES;CAJAS;SEL001922;CONDULET CONDUIT LL 2 1/2;DISTRIBUIDORA INDUSTRIAL S.A. DE C.V.;1;L817.32
BSU01;SISTEMA ELECTRICO;TRANSFERENCIAS Y CABLES;CAJAS;SEL001924;CONDULET CONDUIT LR 2 1/2;DISTRIBUIDORA INDUSTRIAL S.A. DE C.V.;1;L817.32
BSU01;SISTEMA ELECTRICO;TRANSFERENCIAS Y CABLES;CAJAS;USA000101;CAJA EXAGONAL COLOR NEGRO ;SIN ESPESIFICAR;6;L78.00
BSU01;SISTEMA ELECTRICO;TRANSFERENCIAS Y CABLES;CAJAS;SEL001252;CAJA PLASTICA OCTAGONAl PVC ;CIA MERCANTIL LA CASA BLANCA SRL CV;1;L12.00
BSU01;SISTEMA ELECTRICO;TRANSFERENCIAS Y CABLES;CAJAS;SEL001877;TAPA PVC CIEGA 2X4;CIA MERCANTIL LA CASA BLANCA SRL CV;2;L44.00
BSU01;SISTEMA ELECTRICO;TRANSFERENCIAS Y CABLES;CAJAS;SEL000692;PANEL MONOFASICO 24 CKTS 125A C/TAPA;CENTRO FERRETERO TORNIFESA S. DE R.L DE C.V.;1;L3,268.42
BSU01;SISTEMA ELECTRICO;TRANSFERENCIAS Y CABLES;CAJAS;SEL001944;PANEL MONOFASICO 30CKTS SQ C/TAPA;CENTRO FERRETERO TORNIFESA S. DE R.L DE C.V.;1;L4,380.92
BSU01;SISTEMA ELECTRICO;TRANSFERENCIAS Y CABLES;CAJAS;SEL001473;CAJA TOMA UNIVERSAL;CIA MERCANTIL LA CASA BLANCA SRL CV;5;L180.00
BSU01;SISTEMA ELECTRICO;TRANSFERENCIAS Y CABLES;CONTROLADOR;SEL0001137;GENERAC CONJUNTO DE CONTROLADOR;SIN ESPESIFICAR;2;L25,943.70
BSU01;SISTEMA ELECTRICO;TRANSFERENCIAS Y CABLES;MEDIDOR;SEL000472;CONTADOR MANUAL 4DIGITAL PRETUL ;DIVASA S.DE R.L.;11;L1,248.28
BSU01;SISTEMA ELECTRICO;TRANSFERENCIAS Y CABLES;MEDIDOR;SEL001472;SOCKET Y BASES 1 PIN AUTOMATICO;DISTRIBUIDORA INDUSTRIAL S.A. DE C.V.;69;L3,518.00
BSU01;SISTEMA ELECTRICO;TRANSFERENCIAS Y CABLES;MUFA;SEL001528;MUFA EMT 1-1/4;CIA MERCANTIL LA CASA BLANCA SRL CV;2;L96.00
BSU01;SISTEMA ELECTRICO;TRANSFERENCIAS Y CABLES;PANEL;SEL001039;PANEL LED 12W SFL-B012;CIA MERCANTIL LA CASA BLANCA SRL CV;14;L924.00
BSU01;SISTEMA ELECTRICO;TRANSFERENCIAS Y CABLES;PANEL;SEL001068;PANEL MONOFASICO 8 CKTS 100AMP;CENTRO FERRETERO TORNIFESA S. DE R.L DE C.V.;3;L3,681.67
BSU01;SISTEMA ELECTRICO;TRANSFERENCIAS Y CABLES;PANEL;SEL001731;PANEL SOLAR 550W, MONO,2279*1134*30MM   CHINA 2024;SIN ESPESIFICAR;37;L46,013.70
BSU01;SISTEMA ELECTRICO;TRANSFERENCIAS Y CABLES;PANEL;SEL001816;POWER SUPPLY 12VDC 60W 120V A 277V P/ TIRA LED XD ;TUBELITE CENTROAMERICA S.A.;13;L7,684.30
BSU01;SISTEMA ELECTRICO;TRANSFERENCIAS Y CABLES;PANEL;SEL001825;MODULO DE CA INTELIGENTE A0004499959 GENERAC;BOMBAS Y MOTORES DE HONDURAS S.A DE C.V.;3;L15,732.77
BSU01;SISTEMA ELECTRICO;TRANSFERENCIAS Y CABLES;PROBADOR DE CORRIENTE;SEL001474;INTERRUPTOR PRINC P/BARRA 175 KVA;DISTRIBUIDORA INDUSTRIAL S.A. DE C.V.;2;L7,338.46
BSU01;SISTEMA ELECTRICO;TRANSFERENCIAS Y CABLES;SELECTOR ;SEL001554;CHINT SELECTOR 3 POSICIONES ;CIA MERCANTIL LA CASA BLANCA SRL CV;15;L2,400.00
BSU01;SISTEMA ELECTRICO;TRANSFERENCIAS Y CABLES;TRANSFERENCIAS;USA000097;USADO TRANSFERENCIA DED 100 AMPERIOS ;SIN ESPESIFICAR;1;L1,500.00
BSU01;SISTEMA ELECTRICO;TUBERÍA CONDUIT;DUCTERIA;CON004847;UNION DE 3/4 C20;CIA MERCANTIL LA CASA BLANCA SRL CV;24;L51.60
BSU01;SISTEMA ELECTRICO;TUBERÍA CONDUIT;DUCTERIA;SEL000277;DEXSON DUCTO PLASTICO CBL 32X12 BLANCO;DISTRIBUIDORA INDUSTRIAL S.A. DE C.V.;129;L8,929.90
BSU01;SISTEMA ELECTRICO;TUBERÍA CONDUIT;DUCTERIA;SEL000281;CURVA EMT DE 1-1/2;CIA MERCANTIL LA CASA BLANCA SRL CV;2;L146.67
BSU01;SISTEMA ELECTRICO;TUBERÍA CONDUIT;DUCTERIA;SEL000288;CURVA EMT DE 1-1/4OM;CIA MERCANTIL LA CASA BLANCA SRL CV;3;L162.00
BSU01;SISTEMA ELECTRICO;TUBERÍA CONDUIT;DUCTERIA;SEL000440;TUBO EMT UL 1;ELECTRO CONTROLES S. DE R.L DE C.V;2;L283.64
BSU01;SISTEMA ELECTRICO;TUBERÍA CONDUIT;DUCTERIA;SEL000446;CURVA EMT 1;DISTRIBUIDORA INDUSTRIAL S.A. DE C.V.;33;L2,476.32
BSU01;SISTEMA ELECTRICO;TUBERÍA CONDUIT;DUCTERIA;SEL000792;ADAPTADOR PVC 1 1/2 CEDULA 40;DISTRIBUIDORA INDUSTRIAL S.A. DE C.V.;5;L98.15
BSU01;SISTEMA ELECTRICO;TUBERÍA CONDUIT;DUCTERIA;SEL001296;TUBO PVC SCH40 1 1/4 UL;ELECTRO CONTROLES S. DE R.L DE C.V;7;L2,450.00
BSU01;SISTEMA ELECTRICO;TUBERÍA CONDUIT;DUCTERIA;SEL001631;TUBERIA BX C/ FORRO 1/2;CIA MERCANTIL LA CASA BLANCA SRL CV;26;L321.90
BSU01;SISTEMA ELECTRICO;TUBERÍA CONDUIT;DUCTERIA;SEL001658;POLYDUCTO CORRUGADO 3/4 30MTS 100FT ROLLO GRIS;CIA MERCANTIL LA CASA BLANCA SRL CV;9;L2,520.00
BSU01;SISTEMA ELECTRICO;TUBERÍA CONDUIT;DUCTERIA;SEL001697;CURVA EMT 3/4;CIA MERCANTIL LA CASA BLANCA SRL CV;8;L152.00
BSU01;SISTEMA ELECTRICO;TUBERÍA CONDUIT;DUCTERIA;SEL001788;ADAPTADOR PVC 1/2 CEDULA 40 CON CONTRATUERCA PVC;DISTRIBUIDORA INDUSTRIAL S.A. DE C.V.;20;L71.20
BSU01;SISTEMA ELECTRICO;TUBERÍA CONDUIT;DUCTERIA;SEL001789;ADAPTADOR PVC 1 CEDULA 40 CON CONTRATUERCA PVC;DISTRIBUIDORA INDUSTRIAL S.A. DE C.V.;49;L375.83
BSU01;SISTEMA ELECTRICO;TUBERÍA CONDUIT;DUCTERIA;SELL001144;TUBERIA PVC C-40 1-1/2 AR;CIA MERCANTIL LA CASA BLANCA SRL CV;44;L6,633.08
BSU01;SISTEMA ELECTRICO;TUBERÍA CONDUIT;DUCTERIA;SELL001160;CAMISA PVC SCH40 2;ELECTRO CONTROLES S. DE R.L DE C.V;30;L210.00
BSU01;SISTEMA ELECTRICO;TUBERÍA CONDUIT;DUCTERIA;SELL001166;TUBERÍA EMT 2;CIA MERCANTIL LA CASA BLANCA SRL CV;3;L975.00
BSU01;SISTEMA ELECTRICO;TUBERÍA CONDUIT;DUCTERIA;SELL001183;CONECTOR PVC C20 1/2 AR;CIA MERCANTIL LA CASA BLANCA SRL CV;175;L420.00
BSU01;SISTEMA ELECTRICO;TUBERÍA CONDUIT;DUCTERIA;SELL001187;TUBERIA BX SIN FORRO 3/4 OM;CIA MERCANTIL LA CASA BLANCA SRL CV;29;L279.85
BSU01;SISTEMA ELECTRICO;TUBERÍA CONDUIT;DUCTERIA;SELL001188;TUBERIA BX SIN FORRO 1-1/2 OM;CIA MERCANTIL LA CASA BLANCA SRL CV;16;L296.00
BSU01;SISTEMA ELECTRICO;TUBERÍA CONDUIT;DUCTERIA;CON009000;"VALVULA ANTIRETORNO DE 6"" PVC CHECK";RICARDO JESUS BENDECK TURCIOS;1;L3,820.00
BSU01;SISTEMA ELECTRICO;TUBERÍA CONDUIT;DUCTERIA;SEL000282;ADAPTADOR PVC MACHO DE 1/2;AGENCIA LA MUNDIAL S.A DE C.V;15;L25.11
BSU01;SISTEMA ELECTRICO;TUBERÍA CONDUIT;DUCTERIA;SEL000279;TUBERIA BX CON FORRO DE 1-1/2 ;DISTRIBUIDORA INDUSTRIAL S.A. DE C.V.;23;L1,570.90
BSU01;SISTEMA ELECTRICO;TUBERÍA CONDUIT;DUCTERIA;SEL001583;TUBO PVC SCH40 3/4 UL;DISTRIBUIDORA INDUSTRIAL S.A. DE C.V.;12;L845.64
BSU01;SISTEMA ELECTRICO;TUBERÍA CONDUIT;DUCTERIA;SEL001941;UNION DUCTO 4X4X GALV.;ELECTRO CONTROLES S. DE R.L DE C.V;11;L1,265.00
BSU01;SISTEMA ELECTRICO;TUBERÍA CONDUIT;DUCTERIA;SELL001156;TAPA DUCTO FINAL 4X4 GALV;CIA MERCANTIL LA CASA BLANCA SRL CV;4;L136.00
BSU01;SISTEMA ELECTRICO;TUBERÍA CONDUIT;DUCTERIA;SELL001186;ORGANIZADOR HORIZONTAL DE CABLEADO DE 2U SIMPLE PV;OFFICE COMPUTERS S. DE R.L.;1;L205.73
BSU01;UNIFORMES;ADMINISTRACION;BLUSA P/DAMA;UNI000146;BLUSA COLUMBIA DAMA T-XL AEC;OSCAR ARNALDO VELASQUEZ GONZALES;1;L250.00
BSU01;UNIFORMES;ADMINISTRACION;CAMISA P/HOMBRE;UNI000142;CAMISA COLUMBIA T-XL CABALLERO AEC;OSCAR ARNALDO VELASQUEZ GONZALES;7;L2,204.04
BSU01;UNIFORMES;OPERATIVOS;CAMISA TEMPORAL;UNI000272;CAMISETA EVENTUAL MORADA VITRINA T-M;CONFECCIONES LETY;261;L15,138.00
BSU01;UNIFORMES;OPERATIVOS;CAMISETA ENTRENAMIENTO;UNI000024;CAMISETA DE ENTRENAMIENTO T-M;CONFECCIONES LETY;466;L25,770.98
BSU01;UNIFORMES;OPERATIVOS;CAMISETA ENTRENAMIENTO;UNI000025;CAMISETA DE ENTRENAMIENTO T-S USAR;CONFECCIONES LETY;758;L40,338.58
BSU01;UNIFORMES;OPERATIVOS;CAMISETA ENTRENAMIENTO;UNI000232;CAMISETA DE ENTRENAMIENTO T-XS;CONFECCIONES LETY;1,122.00;L61,049.84
BSU01;UNIFORMES;OPERATIVOS;CAMISETA ENTRENAMIENTO;UNI000219;CAMISETA DE ENTRENAMIENTO T-3XL;CONFECCIONES LETY;1;L58.00
BSU01;UNIFORMES;OPERATIVOS;CAMISETA POLO;UNI000016;CAMISA POLO AZUL TALLA M P/MOTORISTA;OSCAR ARNALDO VELASQUEZ GONZALES;7;L1,003.33
BSU01;UNIFORMES;OPERATIVOS;CAMISETA POLO;UNI000243;CAMISETA NUEVA AEC FONDO AZUL T-2XL CHINA 2025;SIN ESPESIFICAR;1;L58.54
BSU01;UNIFORMES;OPERATIVOS;CAMISETA POLO;UNI000244;CAMISETA NUEVA AEC FONDO AZUL T-3XL CHINA 2025;SIN ESPESIFICAR;20;L1,170.89
BSU01;UNIFORMES;OPERATIVOS;CAMISETA POLO;UNI000269;CAMISA POLO BLANCA GERENTE T-L;INDUSTRIAS PACER SA DE CV;6;L630.01
BSU01;UNIFORMES;OPERATIVOS;CAMISETA POLO;UNI000268;CAMISA POLO BLANCA GERENTE T-M;INDUSTRIAS PACER SA DE CV;18;L1,890.05
BSU01;UNIFORMES;OPERATIVOS;CAMISETA POLO;UNI000266;CAMISA POLO BLANCA GERENTE T-XS;INDUSTRIAS PACER SA DE CV;14;L1,470.03
BSU01;UNIFORMES;OPERATIVOS;CAMISETA POLO;UNI000267;CAMISA POLO BLANCA GERENTE T-S;INDUSTRIAS PACER SA DE CV;16;L1,680.04
BSU01;UNIFORMES;OPERATIVOS;CAMISETA POLO;UNI000270;CAMISA POLO BLANCA GERENTE T-XL;INDUSTRIAS PACER SA DE CV;2;L210.00
BSU01;UNIFORMES;OPERATIVOS;CAMISETA PROMOCION;UNI000026;CAMISETA PROMOCION BLANCA T-M;CONFECCIONES LETY;24;L1,152.00
BSU01;UNIFORMES;OPERATIVOS;CAMISETA PROMOCION;UNI000027;CAMISETA PROMOCION BLANCA T-S;CONFECCIONES LETY;7;L336.00
BSU01;UNIFORMES;OPERATIVOS;CAMISETA PROMOCION;UNI000028;CAMISETA PROMOCION BLANCA T-XS;CONFECCIONES LETY;19;L912.00
BSU01;UNIFORMES;OPERATIVOS;CAMISETA PROMOCION;UNI000138;CAMISA COLUMBIA T-16 CABALLERO AEC;OSCAR ARNALDO VELASQUEZ GONZALES;17;L5,238.16
BSU01;UNIFORMES;OPERATIVOS;CAMISETA PROMOCION;UNI000225;CAMISA NUEVA AEC T-L CHINA 2024;SIN ESPESIFICAR;442;L25,064.69
BSU01;UNIFORMES;OPERATIVOS;CAMISETA PROMOCION;UNI000226;CAMISA NUEVA AEC T-XL CHINA 2024;SIN ESPESIFICAR;967;L54,835.97
BSU01;UNIFORMES;OPERATIVOS;CAMISETA PROMOCION;UNI000227;CAMISA NUEVA AEC T-XXL CHINA 2024;SIN ESPESIFICAR;540;L30,621.92
BSU01;UNIFORMES;OPERATIVOS;CAMISETA PROMOCION;UNI000228;CAMISA NUEVA AEC T-XXXL CHINA 2024;SIN ESPESIFICAR;262;L14,857.27
BSU01;UNIFORMES;OPERATIVOS;CAMISETA PROMOCION;UNI000264;CAMISETA PROMOCION BLANCA T-L;CONFECCIONES LETY;79;L3,792.00
BSU01;UNIFORMES;OPERATIVOS;CAMISETA PROMOCION;UNI000265;CAMISETA PROMOCION BLANCA T-XL;CONFECCIONES LETY;118;L5,664.00
BSU01;UNIFORMES;SEGURIDAD;CAMISA P/SEGURIDAD M/L;UNI000037;CAMISA BLANCA TIPO POLO P/SEGURIDAD T-2XL;OSCAR ARNALDO VELASQUEZ GONZALES;103;L10,202.48
BSU01;UNIFORMES;SEGURIDAD;CAMISA P/SEGURIDAD M/L;UNI000114;AEC CAMISA COLUMBIA MANGA LARGA SEGURIDAD 2XL;OSCAR ARNALDO VELASQUEZ GONZALES;43;L14,766.59
BSU01;UNIFORMES;SEGURIDAD;CAMISA P/SEGURIDAD M/L;UNI000116;AEC CAMISA COLUMBIA MANGA LARGA SEGURIDAD XL;OSCAR ARNALDO VELASQUEZ GONZALES;8;L1,685.71
BSU01;UNIFORMES;SEGURIDAD;CAMISA P/SEGURIDAD M/L;UNI000150;AEC CAMISA COLUMBIA MANGA LARGA SEGURIDAD 16;OSCAR ARNALDO VELASQUEZ GONZALES;7;L2,401.00
BSU01;UNIFORMES;SEGURIDAD;CAMISETA P/SEGURIDAD POLO;UNI000038;CAMISA BLANCA TIPO POLO P/SEGURIDAD T-S;OSCAR ARNALDO VELASQUEZ GONZALES;114;L12,687.20
BSU01;UNIFORMES;SEGURIDAD;CAMISETA P/SEGURIDAD POLO;UNI000039;CAMISA BLANCA TIPO POLO P/SEGURIDAD T-M;OSCAR ARNALDO VELASQUEZ GONZALES;352;L34,931.87
BSU01;UNIFORMES;SEGURIDAD;CAMISETA P/SEGURIDAD POLO;UNI000040;CAMISA BLANCA TIPO POLO P/SEGURIDAD T-L;OSCAR ARNALDO VELASQUEZ GONZALES;295;L29,502.55
BSU01;UNIFORMES;SEGURIDAD;CAMISETA P/SEGURIDAD POLO;UNI000041;CAMISA BLANCA TIPO POLO P/SEGURIDAD T-XL;OSCAR ARNALDO VELASQUEZ GONZALES;170;L17,771.33
BSU01;UNIFORMES;SUMINISTROS DE COSTURA;COSTURA;UNI000111;PAQUETE DE AGUJAS                       ;SIN ESPESIFICAR;1;L5.00
BSU01;GRUPOS XXXNO USARXXX;GRUPOS XXXNO USARXXX;CARTULINA;224196;CARTULINA SURTIDA PREMIUM 22X28 170G;PAPELERIA CALPULES S.A DE C.V.;144;L307.91
